input_path,target_path,difference_ratio,difference_percent
20250211/dataset/input/7288844692426350593.jpg,20250211/dataset/output/7288844692426350593.jpg,0.9518031336325967,95.18031336325967
20250212/dataset/input/7289152493933584385.jpg,20250212/dataset/output/7289152493933584385.jpg,0.7757423863774695,77.57423863774694
20250211/dataset/input/7288885644645953537.jpg,20250211/dataset/output/7288885644645953537.jpg,0.892787633224334,89.27876332243339
20250213/dataset/input/7289531975391571968.jpg,20250213/dataset/output/7289531975391571968.jpg,0.9832920516683508,98.32920516683508
20250211/dataset/input/7288885924959641600.jpg,20250211/dataset/output/7288885924959641600.jpg,0.9738973179002612,97.38973179002612
20250212/dataset/input/7289169945174237184.jpg,20250212/dataset/output/7289169945174237184.jpg,0.8605449087667785,86.05449087667785
20250213/dataset/input/7289386721036267521.jpg,20250213/dataset/output/7289386721036267521.jpg,0.39401796444569304,39.40179644456931
20250213/dataset/input/7289567671737184256.jpg,20250213/dataset/output/7289567671737184256.jpg,0.9691140380502082,96.91140380502083
20250212/dataset/input/7289192722639904768.jpg,20250212/dataset/output/7289192722639904768.jpg,0.9642753348006696,96.42753348006696
20250212/dataset/input/7289245942124965889.jpg,20250212/dataset/output/7289245942124965889.jpg,0.7972421061003738,79.72421061003739
20250212/dataset/input/7289070039554125825.jpg,20250212/dataset/output/7289070039554125825.jpg,0.04478995776371121,4.4789957763711215
20250213/dataset/input/7289617713571360768.jpg,20250213/dataset/output/7289617713571360768.jpg,0.9629165286398577,96.29165286398576
20250213/dataset/input/7289520186935238656.jpg,20250213/dataset/output/7289520186935238656.jpg,0.9787239226435206,97.87239226435206
20250212/dataset/input/7289192326366257153.jpg,20250212/dataset/output/7289192326366257153.jpg,0.9741788051284436,97.41788051284436
20250212/dataset/input/7289135106156945408.jpg,20250212/dataset/output/7289135106156945408.jpg,0.9856639392229398,98.56639392229398
20250212/dataset/input/7289241363253620737.jpg,20250212/dataset/output/7289241363253620737.jpg,0.8868103780864197,88.68103780864197
20250213/dataset/input/7289610881356328960.jpg,20250213/dataset/output/7289610881356328960.jpg,0.9584982238010658,95.84982238010657
20250212/dataset/input/7289099107687264256.jpg,20250212/dataset/output/7289099107687264256.jpg,0.9697039485250167,96.97039485250167
20250212/dataset/input/7289244844895039489.jpg,20250212/dataset/output/7289244844895039489.jpg,0.947846860778999,94.7846860778999
20250212/dataset/input/7289138239360753664.jpg,20250212/dataset/output/7289138239360753664.jpg,0.9844431182484568,98.44431182484567
20250211/dataset/input/7288748227075043329.jpg,20250211/dataset/output/7288748227075043329.jpg,0.9739031026362119,97.39031026362119
20250212/dataset/input/7289133556130930688.jpg,20250212/dataset/output/7289133556130930688.jpg,0.9943822222222222,99.43822222222222
20250211/dataset/input/7288734181089107969.jpg,20250211/dataset/output/7288734181089107969.jpg,0.907539032382421,90.75390323824209
20250212/dataset/input/7289252080484675584.jpg,20250212/dataset/output/7289252080484675584.jpg,0.9592227846244131,95.92227846244131
20250212/dataset/input/7289168205347614720.jpg,20250212/dataset/output/7289168205347614720.jpg,0.9831986656331546,98.31986656331546
20250211/dataset/input/7288866051927859201.jpg,20250211/dataset/output/7288866051927859201.jpg,0.9677308308678501,96.77308308678501
20250213/dataset/input/7289438445050552321.jpg,20250213/dataset/output/7289438445050552321.jpg,0.9726785232821722,97.26785232821722
20250212/dataset/input/7289157707231158273.jpg,20250212/dataset/output/7289157707231158273.jpg,0.9926172032482866,99.26172032482866
20250213/dataset/input/7289497460975661056.jpg,20250213/dataset/output/7289497460975661056.jpg,0.8833888319672131,88.33888319672131
20250211/dataset/input/7288726719309045761.jpg,20250211/dataset/output/7288726719309045761.jpg,0.8388302586659664,83.88302586659664
20250212/dataset/input/7289159353130573825.jpg,20250212/dataset/output/7289159353130573825.jpg,0.6523645279255319,65.2364527925532
20250212/dataset/input/7289122229031297025.jpg,20250212/dataset/output/7289122229031297025.jpg,0.9783563333333334,97.83563333333333
20250211/dataset/input/7288738018952765441.jpg,20250211/dataset/output/7288738018952765441.jpg,0.9813778715970034,98.13778715970034
20250213/dataset/input/7289471204817133569.jpg,20250213/dataset/output/7289471204817133569.jpg,0.9434674719877588,94.34674719877589
20250212/dataset/input/7289239817526730753.jpg,20250212/dataset/output/7289239817526730753.jpg,0.9760854866684305,97.60854866684305
20250211/dataset/input/7288808256268464129.jpg,20250211/dataset/output/7288808256268464129.jpg,0.980258127182921,98.0258127182921
20250211/dataset/input/7288890996800118785.jpg,20250211/dataset/output/7288890996800118785.jpg,0.9515128936492229,95.15128936492229
20250213/dataset/input/7289534901132484609.jpg,20250213/dataset/output/7289534901132484609.jpg,0.9708236282106131,97.08236282106131
20250213/dataset/input/7289610657716039680.jpg,20250213/dataset/output/7289610657716039680.jpg,0.9887118552524979,98.8711855252498
20250211/dataset/input/7288726711750909952.jpg,20250211/dataset/output/7288726711750909952.jpg,0.949830838127615,94.9830838127615
20250211/dataset/input/7288776995906805760.jpg,20250211/dataset/output/7288776995906805760.jpg,0.9219354838709677,92.19354838709677
20250211/dataset/input/7288893267839610881.jpg,20250211/dataset/output/7288893267839610881.jpg,0.9622603482087513,96.22603482087513
20250213/dataset/input/7289545588877619200.jpg,20250213/dataset/output/7289545588877619200.jpg,0.9658335772833724,96.58335772833723
20250211/dataset/input/7288888230019096577.jpg,20250211/dataset/output/7288888230019096577.jpg,0.9666607015032211,96.66607015032211
20250212/dataset/input/7289147370008276993.jpg,20250212/dataset/output/7289147370008276993.jpg,0.8159962514417531,81.59962514417532
20250212/dataset/input/7289206006696927232.jpg,20250212/dataset/output/7289206006696927232.jpg,0.2680850861149215,26.808508611492147
20250213/dataset/input/7289473903084199937.jpg,20250213/dataset/output/7289473903084199937.jpg,0.66133984375,66.133984375
20250211/dataset/input/7288845908363468800.jpg,20250211/dataset/output/7288845908363468800.jpg,0.7616820371240601,76.16820371240601
20250213/dataset/input/7289499935925362688.jpg,20250213/dataset/output/7289499935925362688.jpg,0.8777506341142228,87.77506341142228
20250211/dataset/input/7288888791862931456.jpg,20250211/dataset/output/7288888791862931456.jpg,0.9221051617873651,92.21051617873651
20250211/dataset/input/7288774876063621121.jpg,20250211/dataset/output/7288774876063621121.jpg,0.9757897882513661,97.5789788251366
20250211/dataset/input/7288739401718325248.jpg,20250211/dataset/output/7288739401718325248.jpg,0.9961983209250752,99.61983209250752
20250212/dataset/input/7289207801557049345.jpg,20250212/dataset/output/7289207801557049345.jpg,0.15268489940557842,15.268489940557842
20250212/dataset/input/7289243253022416896.jpg,20250212/dataset/output/7289243253022416896.jpg,0.9676512722283849,96.76512722283849
20250211/dataset/input/7288792238754127873.jpg,20250211/dataset/output/7288792238754127873.jpg,0.012364251494686278,1.2364251494686278
20250213/dataset/input/7289532642818584576.jpg,20250213/dataset/output/7289532642818584576.jpg,0.9618563131960328,96.18563131960329
20250211/dataset/input/7288842439502131200.jpg,20250211/dataset/output/7288842439502131200.jpg,0.0009563959834097359,0.09563959834097359
20250212/dataset/input/7289136287621079041.jpg,20250212/dataset/output/7289136287621079041.jpg,0.9870514073203938,98.70514073203938
20250211/dataset/input/7288826262348390400.jpg,20250211/dataset/output/7288826262348390400.jpg,0.9518979876326983,95.18979876326983
20250212/dataset/input/7288912816936906752.jpg,20250212/dataset/output/7288912816936906752.jpg,0.9298059683887709,92.98059683887709
20250213/dataset/input/7289609814396694529.jpg,20250213/dataset/output/7289609814396694529.jpg,0.9796840647306436,97.96840647306436
20250212/dataset/input/7289106784089825281.jpg,20250212/dataset/output/7289106784089825281.jpg,0.9575301784254316,95.75301784254316
20250211/dataset/input/7288897104692404224.jpg,20250211/dataset/output/7288897104692404224.jpg,0.9211336752957174,92.11336752957175
20250212/dataset/input/7289230823869407232.jpg,20250212/dataset/output/7289230823869407232.jpg,0.9936545451865786,99.36545451865786
20250211/dataset/input/7288708971019395072.jpg,20250211/dataset/output/7288708971019395072.jpg,0.7371678595940778,73.71678595940779
20250211/dataset/input/7288552671564292096.jpg,20250211/dataset/output/7288552671564292096.jpg,0.9876659936320572,98.76659936320571
20250211/dataset/input/7288738046064783361.jpg,20250211/dataset/output/7288738046064783361.jpg,0.9903761190505618,99.03761190505618
20250212/dataset/input/7289159839166521344.jpg,20250212/dataset/output/7289159839166521344.jpg,0.9719179205246914,97.19179205246914
20250213/dataset/input/7289495490227400704.jpg,20250213/dataset/output/7289495490227400704.jpg,0.8838692234903347,88.38692234903347
20250211/dataset/input/7288887459206721537.jpg,20250211/dataset/output/7288887459206721537.jpg,0.9913193350831146,99.13193350831146
20250211/dataset/input/7288692954331373569.jpg,20250211/dataset/output/7288692954331373569.jpg,0.02072513812154696,2.072513812154696
20250212/dataset/input/7289227391926296577.jpg,20250212/dataset/output/7289227391926296577.jpg,0.9220382378673254,92.20382378673254
20250212/dataset/input/7289220482183786497.jpg,20250212/dataset/output/7289220482183786497.jpg,0.9860793582138738,98.60793582138739
20250211/dataset/input/7288697906265088001.jpg,20250211/dataset/output/7288697906265088001.jpg,0.16852761405806593,16.852761405806593
20250211/dataset/input/7288791154056781824.jpg,20250211/dataset/output/7288791154056781824.jpg,0.9406961809651123,94.06961809651123
20250211/dataset/input/7288811836413075456.jpg,20250211/dataset/output/7288811836413075456.jpg,0.12607405502210028,12.607405502210028
20250213/dataset/input/7289603063928610817.jpg,20250213/dataset/output/7289603063928610817.jpg,0.05457436010321508,5.457436010321508
20250213/dataset/input/7289422214293680129.jpg,20250213/dataset/output/7289422214293680129.jpg,0.9294246535913021,92.94246535913021
20250213/dataset/input/7289620907579994112.jpg,20250213/dataset/output/7289620907579994112.jpg,0.9127407683503509,91.27407683503509
20250213/dataset/input/7289573299192918016.jpg,20250213/dataset/output/7289573299192918016.jpg,0.9540399412722909,95.40399412722908
20250213/dataset/input/7289594186101186561.jpg,20250213/dataset/output/7289594186101186561.jpg,0.9740636007660477,97.40636007660477
20250212/dataset/input/7289160043164884993.jpg,20250212/dataset/output/7289160043164884993.jpg,0.9923093940664152,99.23093940664151
20250211/dataset/input/7288868213487628288.jpg,20250211/dataset/output/7288868213487628288.jpg,0.969052860267035,96.9052860267035
20250212/dataset/input/7289233969463226368.jpg,20250212/dataset/output/7289233969463226368.jpg,0.9860218669057581,98.6021866905758
20250212/dataset/input/7289134617226928128.jpg,20250212/dataset/output/7289134617226928128.jpg,0.9757871757871758,97.57871757871757
20250212/dataset/input/7289105716090003457.jpg,20250212/dataset/output/7289105716090003457.jpg,0.9853246811698954,98.53246811698953
20250211/dataset/input/7288724407605813249.jpg,20250211/dataset/output/7288724407605813249.jpg,0.8175946769067797,81.75946769067797
20250211/dataset/input/7288685703180906497.jpg,20250211/dataset/output/7288685703180906497.jpg,0.985065606252597,98.5065606252597
20250211/dataset/input/7288557546985512960.jpg,20250211/dataset/output/7288557546985512960.jpg,0.08622532894736842,8.622532894736842
20250212/dataset/input/7289227239148810240.jpg,20250212/dataset/output/7289227239148810240.jpg,0.9442272371842665,94.42272371842665
20250212/dataset/input/7289232898841927680.jpg,20250212/dataset/output/7289232898841927680.jpg,0.996055920558386,99.6055920558386
20250211/dataset/input/7288816076665675777.jpg,20250211/dataset/output/7288816076665675777.jpg,0.8911662772280333,89.11662772280333
20250213/dataset/input/7289577582709764096.jpg,20250213/dataset/output/7289577582709764096.jpg,0.7012367041339771,70.1236704133977
20250213/dataset/input/7289590515036647424.jpg,20250213/dataset/output/7289590515036647424.jpg,0.9343875049426651,93.43875049426651
20250213/dataset/input/7289474817077604352.jpg,20250213/dataset/output/7289474817077604352.jpg,0.947744140625,94.7744140625
20250211/dataset/input/7288743930299965440.jpg,20250211/dataset/output/7288743930299965440.jpg,0.7297463389121339,72.97463389121339
20250211/dataset/input/7288699906784518144.jpg,20250211/dataset/output/7288699906784518144.jpg,0.9903504843948796,99.03504843948797
20250211/dataset/input/7288844438515769344.jpg,20250211/dataset/output/7288844438515769344.jpg,0.007146231002194994,0.7146231002194994
20250213/dataset/input/7289448584293933056.jpg,20250213/dataset/output/7289448584293933056.jpg,0.10312914263193723,10.312914263193724
20250212/dataset/input/7289144244354179072.jpg,20250212/dataset/output/7289144244354179072.jpg,0.7934131470420933,79.34131470420934
20250213/dataset/input/7289545790086733825.jpg,20250213/dataset/output/7289545790086733825.jpg,0.9716148662064776,97.16148662064776
20250213/dataset/input/7289446082664226817.jpg,20250213/dataset/output/7289446082664226817.jpg,0.9938621349095966,99.38621349095966
20250211/dataset/input/7288830909171691521.jpg,20250211/dataset/output/7288830909171691521.jpg,0.9661025760791202,96.61025760791202
20250213/dataset/input/7289527175916613633.jpg,20250213/dataset/output/7289527175916613633.jpg,0.9943038939266936,99.43038939266935
20250211/dataset/input/7288873391808864256.jpg,20250211/dataset/output/7288873391808864256.jpg,0.9817578310617134,98.17578310617134
20250213/dataset/input/7289595153492238337.jpg,20250213/dataset/output/7289595153492238337.jpg,0.3875182748538012,38.75182748538012
20250213/dataset/input/7289613836167962625.jpg,20250213/dataset/output/7289613836167962625.jpg,0.6255021005178021,62.55021005178021
20250211/dataset/input/7288550002317651969.jpg,20250211/dataset/output/7288550002317651969.jpg,0.9246398025906865,92.46398025906865
20250212/dataset/input/7289168994434572289.jpg,20250212/dataset/output/7289168994434572289.jpg,0.9629814190621742,96.29814190621741
20250211/dataset/input/7288896845853552640.jpg,20250211/dataset/output/7288896845853552640.jpg,0.8358725078886976,83.58725078886977
20250211/dataset/input/7288843833957179393.jpg,20250211/dataset/output/7288843833957179393.jpg,0.9519741148679417,95.19741148679417
20250211/dataset/input/7288897769225347073.jpg,20250211/dataset/output/7288897769225347073.jpg,0.9796763674379401,97.967636743794
20250212/dataset/input/7289133898226753536.jpg,20250212/dataset/output/7289133898226753536.jpg,0.8626058377896613,86.26058377896612
20250212/dataset/input/7289100251192946688.jpg,20250212/dataset/output/7289100251192946688.jpg,0.4074333158995816,40.74333158995816
20250213/dataset/input/7289575643561353216.jpg,20250213/dataset/output/7289575643561353216.jpg,0.1545271196985852,15.452711969858521
20250211/dataset/input/7288831394360352769.jpg,20250211/dataset/output/7288831394360352769.jpg,0.9792519645930265,97.92519645930265
20250213/dataset/input/7289566678777655297.jpg,20250213/dataset/output/7289566678777655297.jpg,0.9644164759725401,96.441647597254
20250211/dataset/input/7288738463683244033.jpg,20250211/dataset/output/7288738463683244033.jpg,0.9954895720586097,99.54895720586097
20250211/dataset/input/7288789476117114881.jpg,20250211/dataset/output/7288789476117114881.jpg,0.988834329489579,98.88343294895789
20250212/dataset/input/7289048535529447425.jpg,20250212/dataset/output/7289048535529447425.jpg,0.7492466517857143,74.92466517857143
20250211/dataset/input/7288681758983254017.jpg,20250211/dataset/output/7288681758983254017.jpg,0.9890990925058548,98.90990925058549
20250212/dataset/input/7289230352756793344.jpg,20250212/dataset/output/7289230352756793344.jpg,0.9546889409094134,95.46889409094133
20250212/dataset/input/7289106706579087360.jpg,20250212/dataset/output/7289106706579087360.jpg,0.8652317603748326,86.52317603748327
20250213/dataset/input/7289445047132549121.jpg,20250213/dataset/output/7289445047132549121.jpg,0.9752077538247566,97.52077538247565
20250213/dataset/input/7289601610791055360.jpg,20250213/dataset/output/7289601610791055360.jpg,0.6759075342465753,67.59075342465754
20250212/dataset/input/7289251225001848833.jpg,20250212/dataset/output/7289251225001848833.jpg,0.9303519098947584,93.03519098947584
20250212/dataset/input/7289171008715550720.jpg,20250212/dataset/output/7289171008715550720.jpg,0.9845316852690387,98.45316852690387
20250212/dataset/input/7289132561715978241.jpg,20250212/dataset/output/7289132561715978241.jpg,0.9850387068896066,98.50387068896066
20250212/dataset/input/7289251591961468929.jpg,20250212/dataset/output/7289251591961468929.jpg,0.9770502450980392,97.70502450980392
20250212/dataset/input/7289069426971832321.jpg,20250212/dataset/output/7289069426971832321.jpg,0.03653487569060773,3.6534875690607733
20250212/dataset/input/7289244720454234112.jpg,20250212/dataset/output/7289244720454234112.jpg,0.9818059153323857,98.18059153323857
20250211/dataset/input/7288874353193672704.jpg,20250211/dataset/output/7288874353193672704.jpg,0.713296875,71.3296875
20250211/dataset/input/7288726348708769792.jpg,20250211/dataset/output/7288726348708769792.jpg,0.9598443773057725,95.98443773057726
20250211/dataset/input/7288729267352956928.jpg,20250211/dataset/output/7288729267352956928.jpg,0.9089917298640168,90.89917298640168
20250211/dataset/input/7288892441553297409.jpg,20250211/dataset/output/7288892441553297409.jpg,0.9699956824378227,96.99956824378228
20250213/dataset/input/7289437522710519809.jpg,20250213/dataset/output/7289437522710519809.jpg,0.8620129445606695,86.20129445606695
20250212/dataset/input/7289169987410878464.jpg,20250212/dataset/output/7289169987410878464.jpg,0.0526007174392936,5.26007174392936
20250213/dataset/input/7289532593388675072.jpg,20250213/dataset/output/7289532593388675072.jpg,0.15530902777777778,15.530902777777778
20250211/dataset/input/7288844330604752897.jpg,20250211/dataset/output/7288844330604752897.jpg,0.9879177086871057,98.79177086871057
20250213/dataset/input/7289616682628177921.jpg,20250213/dataset/output/7289616682628177921.jpg,0.9788995050074825,97.88995050074824
20250212/dataset/input/7289107404859437056.jpg,20250212/dataset/output/7289107404859437056.jpg,0.936097157464548,93.6097157464548
20250213/dataset/input/7289516441128165376.jpg,20250213/dataset/output/7289516441128165376.jpg,0.8880766923736075,88.80766923736076
20250212/dataset/input/7289099820916076544.jpg,20250212/dataset/output/7289099820916076544.jpg,0.974233993299688,97.4233993299688
20250212/dataset/input/7289071205482557441.jpg,20250212/dataset/output/7289071205482557441.jpg,0.012048136876484561,1.204813687648456
20250211/dataset/input/7288735189110382593.jpg,20250211/dataset/output/7288735189110382593.jpg,0.8775150711046991,87.7515071104699
20250213/dataset/input/7289428029494812673.jpg,20250213/dataset/output/7289428029494812673.jpg,0.978759162808642,97.87591628086419
20250213/dataset/input/7289528093089226752.jpg,20250213/dataset/output/7289528093089226752.jpg,0.9979543211137207,99.79543211137208
20250211/dataset/input/7288823133225639937.jpg,20250211/dataset/output/7288823133225639937.jpg,0.6173064010743062,61.730640107430624
20250213/dataset/input/7289465060472152065.jpg,20250213/dataset/output/7289465060472152065.jpg,0.9817842393984221,98.1784239398422
20250211/dataset/input/7288718527732707328.jpg,20250211/dataset/output/7288718527732707328.jpg,0.9222800925925926,92.22800925925925
20250211/dataset/input/7288832027612213248.jpg,20250211/dataset/output/7288832027612213248.jpg,0.9267161885245901,92.67161885245902
20250213/dataset/input/7289465692633493504.jpg,20250213/dataset/output/7289465692633493504.jpg,0.9639928825622776,96.39928825622775
20250211/dataset/input/7288721152406478848.jpg,20250211/dataset/output/7288721152406478848.jpg,0.02072427486187845,2.0724274861878453
20250212/dataset/input/7289070616774242305.jpg,20250212/dataset/output/7289070616774242305.jpg,0.047518213258318884,4.751821325831888
20250211/dataset/input/7288851232277422080.jpg,20250211/dataset/output/7288851232277422080.jpg,0.08429159914878663,8.429159914878664
20250211/dataset/input/7288891216355192832.jpg,20250211/dataset/output/7288891216355192832.jpg,0.9133157322979,91.33157322979
20250213/dataset/input/7289527735508070400.jpg,20250213/dataset/output/7289527735508070400.jpg,0.9982414198556134,99.82414198556134
20250213/dataset/input/7289437839808327680.jpg,20250213/dataset/output/7289437839808327680.jpg,0.9805238399167908,98.05238399167908
20250212/dataset/input/7289205322882768896.jpg,20250212/dataset/output/7289205322882768896.jpg,0.4470900964858498,44.70900964858498
20250211/dataset/input/7288764302273605632.jpg,20250211/dataset/output/7288764302273605632.jpg,0.9755246913580247,97.55246913580247
20250212/dataset/input/7289114675815444480.jpg,20250212/dataset/output/7289114675815444480.jpg,0.9758217226324426,97.58217226324426
20250211/dataset/input/7288850157445115904.jpg,20250211/dataset/output/7288850157445115904.jpg,0.8924719148638323,89.24719148638323
20250212/dataset/input/7289104188688064512.jpg,20250212/dataset/output/7289104188688064512.jpg,0.9865328534784602,98.65328534784602
20250211/dataset/input/7288838169713242113.jpg,20250211/dataset/output/7288838169713242113.jpg,0.9635337931927848,96.35337931927847
20250211/dataset/input/7288673922043670529.jpg,20250211/dataset/output/7288673922043670529.jpg,0.9807340456674473,98.07340456674473
20250212/dataset/input/7289244299912343552.jpg,20250212/dataset/output/7289244299912343552.jpg,0.8587031272253759,85.87031272253759
20250212/dataset/input/7289169832204853248.jpg,20250212/dataset/output/7289169832204853248.jpg,0.974681864216541,97.4681864216541
20250211/dataset/input/7288816501670305793.jpg,20250211/dataset/output/7288816501670305793.jpg,0.7794164308378355,77.94164308378355
20250211/dataset/input/7288721109658132481.jpg,20250211/dataset/output/7288721109658132481.jpg,0.9640419039229874,96.40419039229874
20250212/dataset/input/7289169678693363712.jpg,20250212/dataset/output/7289169678693363712.jpg,0.06526190803964757,6.526190803964757
20250212/dataset/input/7289136994264834049.jpg,20250212/dataset/output/7289136994264834049.jpg,0.974630373384535,97.46303733845349
20250211/dataset/input/7288715449952432128.jpg,20250211/dataset/output/7288715449952432128.jpg,0.819482369201726,81.9482369201726
20250212/dataset/input/7289136296081027072.jpg,20250212/dataset/output/7289136296081027072.jpg,0.9841132686084142,98.41132686084141
20250212/dataset/input/7289251355524358145.jpg,20250212/dataset/output/7289251355524358145.jpg,0.9883190529875987,98.83190529875986
20250211/dataset/input/7288870923330936833.jpg,20250211/dataset/output/7288870923330936833.jpg,0.9260371349951559,92.60371349951559
20250212/dataset/input/7289128525432418305.jpg,20250212/dataset/output/7289128525432418305.jpg,0.9523131791644713,95.23131791644714
20250213/dataset/input/7289420820656447488.jpg,20250213/dataset/output/7289420820656447488.jpg,0.9338648097826087,93.38648097826086
20250211/dataset/input/7288828225274310656.jpg,20250211/dataset/output/7288828225274310656.jpg,0.5417379656642729,54.17379656642729
20250213/dataset/input/7289573243551281153.jpg,20250213/dataset/output/7289573243551281153.jpg,0.07924453589585852,7.924453589585852
20250213/dataset/input/7289474483357769729.jpg,20250213/dataset/output/7289474483357769729.jpg,0.9319001713796058,93.19001713796058
20250212/dataset/input/7289070754708086784.jpg,20250212/dataset/output/7289070754708086784.jpg,0.027768726440436618,2.776872644043662
20250213/dataset/input/7289441181745831937.jpg,20250213/dataset/output/7289441181745831937.jpg,0.9809067485922757,98.09067485922756
20250211/dataset/input/7288758848701132801.jpg,20250211/dataset/output/7288758848701132801.jpg,0.9843843709327819,98.43843709327818
20250211/dataset/input/7288693602103877632.jpg,20250211/dataset/output/7288693602103877632.jpg,0.16815378738266754,16.815378738266755
20250212/dataset/input/7289106926851350528.jpg,20250212/dataset/output/7289106926851350528.jpg,0.9804414838961131,98.04414838961131
20250211/dataset/input/7288815943286845440.jpg,20250211/dataset/output/7288815943286845440.jpg,0.8907701547741472,89.07701547741472
20250213/dataset/input/7289478795458797569.jpg,20250213/dataset/output/7289478795458797569.jpg,0.48633203125,48.633203125
20250211/dataset/input/7288784149556555777.jpg,20250211/dataset/output/7288784149556555777.jpg,0.9725689827501853,97.25689827501853
20250211/dataset/input/7288893743989547008.jpg,20250211/dataset/output/7288893743989547008.jpg,0.9492187142126087,94.92187142126087
20250212/dataset/input/7289102492725473281.jpg,20250212/dataset/output/7289102492725473281.jpg,0.9927720178621399,99.277201786214
20250212/dataset/input/7289068805170458625.jpg,20250212/dataset/output/7289068805170458625.jpg,0.039969354281767955,3.9969354281767955
20250213/dataset/input/7289564431998054401.jpg,20250213/dataset/output/7289564431998054401.jpg,0.834940630819781,83.4940630819781
20250212/dataset/input/7289044621958639616.jpg,20250212/dataset/output/7289044621958639616.jpg,0.43393061302264807,43.393061302264805
20250212/dataset/input/7289170627256147968.jpg,20250212/dataset/output/7289170627256147968.jpg,0.9607688566767069,96.07688566767068
20250211/dataset/input/7288873540635389952.jpg,20250211/dataset/output/7288873540635389952.jpg,0.382013671875,38.201367187500004
20250213/dataset/input/7289550597438631937.jpg,20250213/dataset/output/7289550597438631937.jpg,0.08922515622618503,8.922515622618503
20250213/dataset/input/7289579553306992641.jpg,20250213/dataset/output/7289579553306992641.jpg,0.32211277173913044,32.21127717391305
20250213/dataset/input/7289465280887058433.jpg,20250213/dataset/output/7289465280887058433.jpg,0.986565273668639,98.6565273668639
20250212/dataset/input/7289154706118565889.jpg,20250212/dataset/output/7289154706118565889.jpg,0.9817297705599094,98.17297705599094
20250213/dataset/input/7289554360882753536.jpg,20250213/dataset/output/7289554360882753536.jpg,0.07273329141899101,7.273329141899102
20250213/dataset/input/7289532832099098625.jpg,20250213/dataset/output/7289532832099098625.jpg,0.9579668043918989,95.79668043918988
20250212/dataset/input/7289171156405346304.jpg,20250212/dataset/output/7289171156405346304.jpg,0.992077475548788,99.20774755487881
20250212/dataset/input/7289055519993520128.jpg,20250212/dataset/output/7289055519993520128.jpg,0.9418951791242813,94.18951791242813
20250213/dataset/input/7289460572122312704.jpg,20250213/dataset/output/7289460572122312704.jpg,0.9116678364322534,91.16678364322533
20250211/dataset/input/7288772394428162049.jpg,20250211/dataset/output/7288772394428162049.jpg,0.9546256897941469,95.46256897941468
20250212/dataset/input/7289136457100357633.jpg,20250212/dataset/output/7289136457100357633.jpg,0.9890373436314026,98.90373436314026
20250211/dataset/input/7288732534682218496.jpg,20250211/dataset/output/7288732534682218496.jpg,0.9096973882060669,90.9697388206067
20250211/dataset/input/7288745135906549761.jpg,20250211/dataset/output/7288745135906549761.jpg,0.1483542392566783,14.835423925667829
20250213/dataset/input/7289522900243079169.jpg,20250213/dataset/output/7289522900243079169.jpg,0.9792464667322027,97.92464667322027
20250213/dataset/input/7289442478691737600.jpg,20250213/dataset/output/7289442478691737600.jpg,0.7122711820083683,71.22711820083683
20250213/dataset/input/7289528978624278528.jpg,20250213/dataset/output/7289528978624278528.jpg,0.9812482736749496,98.12482736749496
20250211/dataset/input/7288840833532489728.jpg,20250211/dataset/output/7288840833532489728.jpg,0.9879676739644362,98.79676739644361
20250211/dataset/input/7288909040968556545.jpg,20250211/dataset/output/7288909040968556545.jpg,1.0,100.0
20250213/dataset/input/7289611008808607744.jpg,20250213/dataset/output/7289611008808607744.jpg,0.9582300177619893,95.82300177619894
20250211/dataset/input/7288656803725897729.jpg,20250211/dataset/output/7288656803725897729.jpg,0.9704641679642014,97.04641679642015
20250212/dataset/input/7289169139809148929.jpg,20250212/dataset/output/7289169139809148929.jpg,0.9836683417085427,98.36683417085426
20250212/dataset/input/7289068777026641920.jpg,20250212/dataset/output/7289068777026641920.jpg,0.9581792091836735,95.81792091836735
20250213/dataset/input/7289428086524801025.jpg,20250213/dataset/output/7289428086524801025.jpg,0.9780695408950617,97.80695408950618
20250212/dataset/input/7289169356075851777.jpg,20250212/dataset/output/7289169356075851777.jpg,0.9826637825728768,98.26637825728768
20250213/dataset/input/7289528088576192512.jpg,20250213/dataset/output/7289528088576192512.jpg,0.9275092118730809,92.7509211873081
20250212/dataset/input/7289075405239115777.jpg,20250212/dataset/output/7289075405239115777.jpg,0.9647050922905714,96.47050922905714
20250213/dataset/input/7289443795229237248.jpg,20250213/dataset/output/7289443795229237248.jpg,0.9859490740740741,98.5949074074074
20250213/dataset/input/7289544118740512768.jpg,20250213/dataset/output/7289544118740512768.jpg,0.988009325044405,98.8009325044405
20250213/dataset/input/7289475740076142593.jpg,20250213/dataset/output/7289475740076142593.jpg,0.9584402697495183,95.84402697495183
20250213/dataset/input/7289559989596778497.jpg,20250213/dataset/output/7289559989596778497.jpg,0.9856832015336688,98.56832015336688
20250212/dataset/input/7289242964605296641.jpg,20250212/dataset/output/7289242964605296641.jpg,0.9327186075424783,93.27186075424783
20250211/dataset/input/7288906469495300096.jpg,20250211/dataset/output/7288906469495300096.jpg,0.9790544877998891,97.90544877998892
20250211/dataset/input/7288693436005244929.jpg,20250211/dataset/output/7288693436005244929.jpg,0.22666039074437896,22.666039074437897
20250213/dataset/input/7289486151613739009.jpg,20250213/dataset/output/7289486151613739009.jpg,0.07375334375209734,7.375334375209734
20250211/dataset/input/7288898937624223744.jpg,20250211/dataset/output/7288898937624223744.jpg,0.5536895974245577,55.36895974245577
20250213/dataset/input/7289607791974608897.jpg,20250213/dataset/output/7289607791974608897.jpg,0.9333760683760683,93.33760683760684
20250213/dataset/input/7289575598908829697.jpg,20250213/dataset/output/7289575598908829697.jpg,0.5509467690677966,55.09467690677966
20250212/dataset/input/7289227768453197825.jpg,20250212/dataset/output/7289227768453197825.jpg,0.9780466399773673,97.80466399773672
20250212/dataset/input/7289251357202116608.jpg,20250212/dataset/output/7289251357202116608.jpg,0.947116407746329,94.7116407746329
20250212/dataset/input/7289246103941177344.jpg,20250212/dataset/output/7289246103941177344.jpg,0.94343055248935,94.343055248935
20250212/dataset/input/7289131429425864705.jpg,20250212/dataset/output/7289131429425864705.jpg,0.9929811980184146,99.29811980184145
20250211/dataset/input/7288898003020083201.jpg,20250211/dataset/output/7288898003020083201.jpg,0.8925750477544931,89.25750477544932
20250212/dataset/input/7289211286038048768.jpg,20250212/dataset/output/7289211286038048768.jpg,0.9702404268608996,97.02404268608996
20250213/dataset/input/7289454990346706945.jpg,20250213/dataset/output/7289454990346706945.jpg,0.9922780294625246,99.22780294625247
20250213/dataset/input/7289593505554427904.jpg,20250213/dataset/output/7289593505554427904.jpg,0.978057730328193,97.8057730328193
20250213/dataset/input/7289556220943294464.jpg,20250213/dataset/output/7289556220943294464.jpg,0.732175703774792,73.2175703774792
20250211/dataset/input/7288815128744583169.jpg,20250211/dataset/output/7288815128744583169.jpg,0.9000589622641509,90.00589622641509
20250213/dataset/input/7289493833707970561.jpg,20250213/dataset/output/7289493833707970561.jpg,0.9686132423984086,96.86132423984087
20250213/dataset/input/7289590506488619008.jpg,20250213/dataset/output/7289590506488619008.jpg,0.8015117213663764,80.15117213663764
20250212/dataset/input/7289068374092439553.jpg,20250212/dataset/output/7289068374092439553.jpg,0.04911176490889012,4.911176490889011
20250211/dataset/input/7288764752163004416.jpg,20250211/dataset/output/7288764752163004416.jpg,0.9635218942901235,96.35218942901234
20250211/dataset/input/7288807782513438721.jpg,20250211/dataset/output/7288807782513438721.jpg,0.9660968306311613,96.60968306311612
20250212/dataset/input/7289090326312054784.jpg,20250212/dataset/output/7289090326312054784.jpg,0.9742619890569681,97.42619890569682
20250213/dataset/input/7289512596641738752.jpg,20250213/dataset/output/7289512596641738752.jpg,0.8282319639917634,82.82319639917634
20250213/dataset/input/7289599730383908864.jpg,20250213/dataset/output/7289599730383908864.jpg,0.09836882311695022,9.836882311695023
20250211/dataset/input/7288860483347607552.jpg,20250211/dataset/output/7288860483347607552.jpg,0.9329661376246566,93.29661376246567
20250212/dataset/input/7289141751817760768.jpg,20250212/dataset/output/7289141751817760768.jpg,0.8191479798640168,81.91479798640168
20250211/dataset/input/7288747387794812928.jpg,20250211/dataset/output/7288747387794812928.jpg,0.9715300587517969,97.15300587517969
20250211/dataset/input/7288830589687324673.jpg,20250211/dataset/output/7288830589687324673.jpg,0.9765802123355034,97.65802123355034
20250213/dataset/input/7289533677184245761.jpg,20250213/dataset/output/7289533677184245761.jpg,0.9703601049053522,97.03601049053522
20250211/dataset/input/7288886356939436032.jpg,20250211/dataset/output/7288886356939436032.jpg,0.9341067873762157,93.41067873762157
20250212/dataset/input/7289114943483305985.jpg,20250212/dataset/output/7289114943483305985.jpg,0.9856215206745882,98.56215206745883
20250211/dataset/input/7288901961050513408.jpg,20250211/dataset/output/7288901961050513408.jpg,0.4920023084343991,49.20023084343991
20250211/dataset/input/7288905211996823552.jpg,20250211/dataset/output/7288905211996823552.jpg,0.978716167728225,97.8716167728225
20250212/dataset/input/7289237908568956928.jpg,20250212/dataset/output/7289237908568956928.jpg,0.9809898800348502,98.09898800348502
20250212/dataset/input/7289098195581296640.jpg,20250212/dataset/output/7289098195581296640.jpg,0.5170354013319313,51.70354013319313
20250213/dataset/input/7289565726548975617.jpg,20250213/dataset/output/7289565726548975617.jpg,0.013115109473227835,1.3115109473227835
20250213/dataset/input/7289460263543136256.jpg,20250213/dataset/output/7289460263543136256.jpg,0.06260257406927529,6.260257406927529
20250212/dataset/input/7289227733380390912.jpg,20250212/dataset/output/7289227733380390912.jpg,0.9641662782806355,96.41662782806355
20250213/dataset/input/7289419347918872576.jpg,20250213/dataset/output/7289419347918872576.jpg,0.9321453408744155,93.21453408744155
20250211/dataset/input/7288864058320678912.jpg,20250211/dataset/output/7288864058320678912.jpg,0.9835656773356901,98.35656773356901
20250213/dataset/input/7289593343587184641.jpg,20250213/dataset/output/7289593343587184641.jpg,0.9473863134657836,94.73863134657836
20250212/dataset/input/7289242078583742464.jpg,20250212/dataset/output/7289242078583742464.jpg,0.9537525614754099,95.375256147541
20250211/dataset/input/7288855778668113921.jpg,20250211/dataset/output/7288855778668113921.jpg,0.8870825990943767,88.70825990943767
20250212/dataset/input/7289203103332589568.jpg,20250212/dataset/output/7289203103332589568.jpg,0.9717906650581398,97.17906650581398
20250212/dataset/input/7289047863887196160.jpg,20250212/dataset/output/7289047863887196160.jpg,0.4379324776785714,43.79324776785714
20250211/dataset/input/7288833183637856256.jpg,20250211/dataset/output/7288833183637856256.jpg,0.980966345964863,98.0966345964863
20250212/dataset/input/7289202925951315968.jpg,20250212/dataset/output/7289202925951315968.jpg,0.9729847396431494,97.29847396431494
20250212/dataset/input/7289205391392567296.jpg,20250212/dataset/output/7289205391392567296.jpg,0.9839257777777778,98.39257777777777
20250211/dataset/input/7288759926150721536.jpg,20250211/dataset/output/7288759926150721536.jpg,0.3986074790794979,39.860747907949786
20250211/dataset/input/7288721947956895744.jpg,20250211/dataset/output/7288721947956895744.jpg,0.99663934699317,99.663934699317
20250212/dataset/input/7289047471023517697.jpg,20250212/dataset/output/7289047471023517697.jpg,0.5223349001857011,52.23349001857011
20250212/dataset/input/7289136851176153089.jpg,20250212/dataset/output/7289136851176153089.jpg,0.9889474673030271,98.89474673030271
20250211/dataset/input/7288832359784312833.jpg,20250211/dataset/output/7288832359784312833.jpg,0.42478706001805056,42.47870600180506
20250212/dataset/input/7289137514689880065.jpg,20250212/dataset/output/7289137514689880065.jpg,0.08457631156296347,8.457631156296348
20250213/dataset/input/7289497179193929729.jpg,20250213/dataset/output/7289497179193929729.jpg,0.9490833577283372,94.90833577283372
20250212/dataset/input/7289236945229602816.jpg,20250212/dataset/output/7289236945229602816.jpg,0.9602442607446655,96.02442607446655
20250213/dataset/input/7289558273941893121.jpg,20250213/dataset/output/7289558273941893121.jpg,0.0780828692848769,7.80828692848769
20250211/dataset/input/7288892737134288896.jpg,20250211/dataset/output/7288892737134288896.jpg,0.9718084131083862,97.18084131083862
20250213/dataset/input/7289597116673974272.jpg,20250213/dataset/output/7289597116673974272.jpg,0.4938488990288011,49.38488990288011
20250211/dataset/input/7288728144424493056.jpg,20250211/dataset/output/7288728144424493056.jpg,0.9574768669517528,95.74768669517528
20250212/dataset/input/7289144831066005504.jpg,20250212/dataset/output/7289144831066005504.jpg,0.5604111076902025,56.04111076902025
20250213/dataset/input/7289607013536915456.jpg,20250213/dataset/output/7289607013536915456.jpg,0.9585379469029558,95.85379469029559
20250211/dataset/input/7288672190664302592.jpg,20250211/dataset/output/7288672190664302592.jpg,0.9772778905645785,97.72778905645785
20250213/dataset/input/7289539320632860673.jpg,20250213/dataset/output/7289539320632860673.jpg,0.9523601466049383,95.23601466049382
20250213/dataset/input/7289557760680681473.jpg,20250213/dataset/output/7289557760680681473.jpg,0.9802666471000164,98.02666471000164
20250212/dataset/input/7289131909619183617.jpg,20250212/dataset/output/7289131909619183617.jpg,0.9668485687571922,96.68485687571922
20250213/dataset/input/7289597780376481793.jpg,20250213/dataset/output/7289597780376481793.jpg,0.964384945969011,96.43849459690111
20250212/dataset/input/7289181317345861632.jpg,20250212/dataset/output/7289181317345861632.jpg,0.982286448298009,98.2286448298009
20250212/dataset/input/7289167005151719424.jpg,20250212/dataset/output/7289167005151719424.jpg,0.9965584367337841,99.65584367337841
20250211/dataset/input/7288674090096812033.jpg,20250211/dataset/output/7288674090096812033.jpg,0.9437971885555335,94.37971885555335
20250213/dataset/input/7289561261150367744.jpg,20250213/dataset/output/7289561261150367744.jpg,0.9621500663032267,96.21500663032268
20250213/dataset/input/7289470255058935808.jpg,20250213/dataset/output/7289470255058935808.jpg,0.9680755024413337,96.80755024413337
20250211/dataset/input/7288904020604772353.jpg,20250211/dataset/output/7288904020604772353.jpg,0.9514435123651814,95.14435123651815
20250211/dataset/input/7288759810274648065.jpg,20250211/dataset/output/7288759810274648065.jpg,0.4753726464435146,47.53726464435146
20250213/dataset/input/7289599303454093313.jpg,20250213/dataset/output/7289599303454093313.jpg,0.04691031666107195,4.691031666107195
20250212/dataset/input/7289222841047736321.jpg,20250212/dataset/output/7289222841047736321.jpg,0.9682698961937716,96.82698961937716
20250212/dataset/input/7289044907066454017.jpg,20250212/dataset/output/7289044907066454017.jpg,0.5719900097996515,57.199000979965156
20250213/dataset/input/7289608830689800192.jpg,20250213/dataset/output/7289608830689800192.jpg,0.961474245115453,96.1474245115453
20250211/dataset/input/7288888086137692160.jpg,20250211/dataset/output/7288888086137692160.jpg,0.12409264974851394,12.409264974851395
20250213/dataset/input/7289578609349554177.jpg,20250213/dataset/output/7289578609349554177.jpg,0.9777824403347335,97.77824403347336
20250211/dataset/input/7288778971671453696.jpg,20250211/dataset/output/7288778971671453696.jpg,0.4089243598382749,40.89243598382749
20250212/dataset/input/7289173922997624833.jpg,20250212/dataset/output/7289173922997624833.jpg,0.9089121073713237,90.89121073713237
20250213/dataset/input/7289522673066991617.jpg,20250213/dataset/output/7289522673066991617.jpg,0.9830826839511567,98.30826839511568
20250212/dataset/input/7289229746117865472.jpg,20250212/dataset/output/7289229746117865472.jpg,0.9552928118393235,95.52928118393234
20250213/dataset/input/7289476834101620737.jpg,20250213/dataset/output/7289476834101620737.jpg,0.945798828125,94.5798828125
20250213/dataset/input/7289601347933986816.jpg,20250213/dataset/output/7289601347933986816.jpg,0.5995054570259208,59.95054570259208
20250212/dataset/input/7289236012844249089.jpg,20250212/dataset/output/7289236012844249089.jpg,0.8880910950057406,88.80910950057405
20250213/dataset/input/7289441317737787392.jpg,20250213/dataset/output/7289441317737787392.jpg,0.9807302837452972,98.07302837452973
20250211/dataset/input/7288848919190069249.jpg,20250211/dataset/output/7288848919190069249.jpg,0.44389055962343094,44.38905596234309
20250211/dataset/input/7288730022323482624.jpg,20250211/dataset/output/7288730022323482624.jpg,0.9211909976464435,92.11909976464435
20250213/dataset/input/7289564627616161792.jpg,20250213/dataset/output/7289564627616161792.jpg,0.8822901362601907,88.22901362601907
20250213/dataset/input/7289534352567889921.jpg,20250213/dataset/output/7289534352567889921.jpg,0.9999074074074074,99.99074074074073
20250213/dataset/input/7289608107646279681.jpg,20250213/dataset/output/7289608107646279681.jpg,0.9608145094849595,96.08145094849596
20250211/dataset/input/7288693113597521921.jpg,20250211/dataset/output/7288693113597521921.jpg,0.22665902641344685,22.665902641344683
20250213/dataset/input/7289560580238667777.jpg,20250213/dataset/output/7289560580238667777.jpg,0.9651550151975684,96.51550151975684
20250212/dataset/input/7289228161874681856.jpg,20250212/dataset/output/7289228161874681856.jpg,0.9520053162753563,95.20053162753564
20250212/dataset/input/7289058555579133953.jpg,20250212/dataset/output/7289058555579133953.jpg,0.9551866319444444,95.51866319444444
20250213/dataset/input/7289530153729847297.jpg,20250213/dataset/output/7289530153729847297.jpg,0.9770633617569691,97.7063361756969
20250211/dataset/input/7288736683360579584.jpg,20250211/dataset/output/7288736683360579584.jpg,0.889038387345679,88.9038387345679
20250211/dataset/input/7288752402143928321.jpg,20250211/dataset/output/7288752402143928321.jpg,0.9068690494471745,90.68690494471745
20250211/dataset/input/7288883332519059456.jpg,20250211/dataset/output/7288883332519059456.jpg,0.9415882318694327,94.15882318694328
20250211/dataset/input/7288792931816726528.jpg,20250211/dataset/output/7288792931816726528.jpg,0.012364251494686278,1.2364251494686278
20250212/dataset/input/7289211022325379073.jpg,20250212/dataset/output/7289211022325379073.jpg,0.27082380734644107,27.082380734644108
20250212/dataset/input/7289238348270465024.jpg,20250212/dataset/output/7289238348270465024.jpg,0.9807692307692307,98.07692307692307
20250211/dataset/input/7288887857728479232.jpg,20250211/dataset/output/7288887857728479232.jpg,0.9931807407407407,99.31807407407408
20250212/dataset/input/7289192554687426560.jpg,20250212/dataset/output/7289192554687426560.jpg,0.980258127182921,98.0258127182921
20250212/dataset/input/7289106373723353088.jpg,20250212/dataset/output/7289106373723353088.jpg,0.9755510438079431,97.5551043807943
20250211/dataset/input/7288887442454634497.jpg,20250211/dataset/output/7288887442454634497.jpg,0.9420981468225563,94.20981468225563
20250211/dataset/input/7288721205363798017.jpg,20250211/dataset/output/7288721205363798017.jpg,0.0349482044198895,3.49482044198895
20250213/dataset/input/7289560423031959552.jpg,20250213/dataset/output/7289560423031959552.jpg,0.9862560359660321,98.62560359660321
20250211/dataset/input/7288692882294202368.jpg,20250211/dataset/output/7288692882294202368.jpg,0.18751910063304955,18.751910063304955
20250211/dataset/input/7288560823517077504.jpg,20250211/dataset/output/7288560823517077504.jpg,0.9843941431905974,98.43941431905974
20250211/dataset/input/7288749299675979777.jpg,20250211/dataset/output/7288749299675979777.jpg,0.9644827412446461,96.4482741244646
20250212/dataset/input/7289152646971154432.jpg,20250212/dataset/output/7289152646971154432.jpg,0.9798679529282978,97.98679529282978
20250212/dataset/input/7289251133922537472.jpg,20250212/dataset/output/7289251133922537472.jpg,0.9799144871288995,97.99144871288995
20250211/dataset/input/7288559834328227841.jpg,20250211/dataset/output/7288559834328227841.jpg,0.9929125253168148,99.29125253168148
20250212/dataset/input/7289227996455563264.jpg,20250212/dataset/output/7289227996455563264.jpg,0.976013612412178,97.6013612412178
20250212/dataset/input/7289166044479942656.jpg,20250212/dataset/output/7289166044479942656.jpg,0.9792495642398177,97.92495642398177
20250213/dataset/input/7289458856656134144.jpg,20250213/dataset/output/7289458856656134144.jpg,0.9910859683185405,99.10859683185404
20250213/dataset/input/7289578674080210945.jpg,20250213/dataset/output/7289578674080210945.jpg,0.8830642361111111,88.3064236111111
20250211/dataset/input/7288849810261602304.jpg,20250211/dataset/output/7288849810261602304.jpg,0.9046304368885014,90.46304368885015
20250212/dataset/input/7289235517996068864.jpg,20250212/dataset/output/7289235517996068864.jpg,0.8804024496937882,88.04024496937882
20250211/dataset/input/7288868047821008896.jpg,20250211/dataset/output/7288868047821008896.jpg,0.9777847981297783,97.77847981297782
20250213/dataset/input/7289485411805622272.jpg,20250213/dataset/output/7289485411805622272.jpg,0.05063001857796917,5.063001857796917
20250212/dataset/input/7289089915815485440.jpg,20250212/dataset/output/7289089915815485440.jpg,0.4450477248953975,44.504772489539754
20250211/dataset/input/7288849318508818433.jpg,20250211/dataset/output/7288849318508818433.jpg,0.9323286666666667,93.23286666666667
20250213/dataset/input/7289527276944814080.jpg,20250213/dataset/output/7289527276944814080.jpg,0.9975818452380952,99.75818452380952
20250211/dataset/input/7288841760989573121.jpg,20250211/dataset/output/7288841760989573121.jpg,0.10863883591156319,10.863883591156318
20250212/dataset/input/7289156670650904576.jpg,20250212/dataset/output/7289156670650904576.jpg,0.8030953092934999,80.30953092934999
20250213/dataset/input/7289610252252672001.jpg,20250213/dataset/output/7289610252252672001.jpg,0.9971965348639455,99.71965348639455
20250211/dataset/input/7288816010592841728.jpg,20250211/dataset/output/7288816010592841728.jpg,0.7770685172850912,77.70685172850912
20250211/dataset/input/7288902406162673664.jpg,20250211/dataset/output/7288902406162673664.jpg,0.9467493997405776,94.67493997405776
20250213/dataset/input/7289502388888596480.jpg,20250213/dataset/output/7289502388888596480.jpg,0.8753516516218629,87.53516516218629
20250213/dataset/input/7289594592931934208.jpg,20250213/dataset/output/7289594592931934208.jpg,0.9618347913249499,96.18347913249498
20250213/dataset/input/7289427736916979713.jpg,20250213/dataset/output/7289427736916979713.jpg,0.9785440779320987,97.85440779320987
20250212/dataset/input/7289133373045403648.jpg,20250212/dataset/output/7289133373045403648.jpg,0.9770459401709402,97.70459401709401
20250211/dataset/input/7288816756243623937.jpg,20250211/dataset/output/7288816756243623937.jpg,0.9765021404761501,97.65021404761501
20250211/dataset/input/7288751292926717953.jpg,20250211/dataset/output/7288751292926717953.jpg,0.9645565797344645,96.45565797344645
20250211/dataset/input/7288888819524329473.jpg,20250211/dataset/output/7288888819524329473.jpg,0.9926756461447421,99.26756461447421
20250213/dataset/input/7289608949422120960.jpg,20250213/dataset/output/7289608949422120960.jpg,0.9687491119005328,96.87491119005328
20250213/dataset/input/7289418429936721920.jpg,20250213/dataset/output/7289418429936721920.jpg,0.0594652801949182,5.94652801949182
20250212/dataset/input/7289252241516589057.jpg,20250212/dataset/output/7289252241516589057.jpg,0.9585332306338028,95.85332306338029
20250212/dataset/input/7289108010357551105.jpg,20250212/dataset/output/7289108010357551105.jpg,0.857420240585774,85.7420240585774
20250213/dataset/input/7289456612703494145.jpg,20250213/dataset/output/7289456612703494145.jpg,0.9881223804240631,98.8122380424063
20250212/dataset/input/7289238044506349568.jpg,20250212/dataset/output/7289238044506349568.jpg,0.9721932244579795,97.21932244579796
20250213/dataset/input/7289609414956347392.jpg,20250213/dataset/output/7289609414956347392.jpg,0.9805776647535283,98.05776647535282
20250213/dataset/input/7289561345623613441.jpg,20250213/dataset/output/7289561345623613441.jpg,0.9782800358637179,97.82800358637179
20250212/dataset/input/7289145123190927361.jpg,20250212/dataset/output/7289145123190927361.jpg,0.9746378279320987,97.46378279320987
20250211/dataset/input/7288906546288812033.jpg,20250211/dataset/output/7288906546288812033.jpg,0.9700390076784275,97.00390076784275
20250212/dataset/input/7289157477785952256.jpg,20250212/dataset/output/7289157477785952256.jpg,0.5230755649717514,52.30755649717514
20250213/dataset/input/7289608430024716289.jpg,20250213/dataset/output/7289608430024716289.jpg,0.6404852692766295,64.04852692766295
20250213/dataset/input/7289453983420145664.jpg,20250213/dataset/output/7289453983420145664.jpg,0.9725753630716795,97.25753630716795
20250212/dataset/input/7289136947129282560.jpg,20250212/dataset/output/7289136947129282560.jpg,0.982441289859272,98.2441289859272
20250212/dataset/input/7289233207291080704.jpg,20250212/dataset/output/7289233207291080704.jpg,0.9932736978790939,99.32736978790939
20250211/dataset/input/7288726550018584577.jpg,20250211/dataset/output/7288726550018584577.jpg,0.9600332603294979,96.00332603294979
20250211/dataset/input/7288764422612344832.jpg,20250211/dataset/output/7288764422612344832.jpg,0.9895360725308642,98.95360725308642
20250213/dataset/input/7289470666566332416.jpg,20250213/dataset/output/7289470666566332416.jpg,0.9675460387394825,96.75460387394826
20250212/dataset/input/7289132886225121281.jpg,20250212/dataset/output/7289132886225121281.jpg,0.988551409430726,98.8551409430726
20250211/dataset/input/7288815255186108416.jpg,20250211/dataset/output/7288815255186108416.jpg,0.8107011935208867,81.07011935208867
20250213/dataset/input/7289610811948986369.jpg,20250213/dataset/output/7289610811948986369.jpg,0.9576438721136767,95.76438721136768
20250211/dataset/input/7288841014869028865.jpg,20250211/dataset/output/7288841014869028865.jpg,0.9595233992034313,95.95233992034314
20250212/dataset/input/7289079742824771584.jpg,20250212/dataset/output/7289079742824771584.jpg,0.9927233129172006,99.27233129172006
20250211/dataset/input/7288738702448193537.jpg,20250211/dataset/output/7288738702448193537.jpg,0.9550371334876543,95.50371334876543
20250211/dataset/input/7288909961836388353.jpg,20250211/dataset/output/7288909961836388353.jpg,0.9447120104177101,94.47120104177101
20250212/dataset/input/7289165609060855808.jpg,20250212/dataset/output/7289165609060855808.jpg,0.9591087690951822,95.91087690951822
20250212/dataset/input/7289098555502948353.jpg,20250212/dataset/output/7289098555502948353.jpg,0.9744987544440951,97.4498754444095
20250212/dataset/input/7289127316784963584.jpg,20250212/dataset/output/7289127316784963584.jpg,0.9569512154827237,95.69512154827237
20250211/dataset/input/7288736429168979969.jpg,20250211/dataset/output/7288736429168979969.jpg,0.9750325520833333,97.50325520833333
20250213/dataset/input/7289576143459512321.jpg,20250213/dataset/output/7289576143459512321.jpg,0.9457463997190024,94.57463997190024
20250211/dataset/input/7288726839954042880.jpg,20250211/dataset/output/7288726839954042880.jpg,0.951310800209205,95.1310800209205
20250213/dataset/input/7289560589373861889.jpg,20250213/dataset/output/7289560589373861889.jpg,0.9962967520405951,99.62967520405951
20250213/dataset/input/7289427699675717632.jpg,20250213/dataset/output/7289427699675717632.jpg,0.977505787037037,97.75057870370371
20250213/dataset/input/7289464880087719937.jpg,20250213/dataset/output/7289464880087719937.jpg,0.9780329296104536,97.80329296104536
20250211/dataset/input/7288822872327348224.jpg,20250211/dataset/output/7288822872327348224.jpg,0.6983444380378842,69.83444380378842
20250211/dataset/input/7288833095255519232.jpg,20250211/dataset/output/7288833095255519232.jpg,0.9613544529428948,96.13544529428948
20250213/dataset/input/7289438867630911488.jpg,20250213/dataset/output/7289438867630911488.jpg,0.9937264268469753,99.37264268469754
20250212/dataset/input/7289080764599132160.jpg,20250212/dataset/output/7289080764599132160.jpg,0.9989811512990321,99.8981151299032
20250211/dataset/input/7288806757140328448.jpg,20250211/dataset/output/7288806757140328448.jpg,0.9917172862997659,99.17172862997658
20250211/dataset/input/7288867945022812161.jpg,20250211/dataset/output/7288867945022812161.jpg,0.9566454739928494,95.66454739928494
20250213/dataset/input/7289622493140115456.jpg,20250213/dataset/output/7289622493140115456.jpg,0.9627476737407158,96.27476737407157
20250213/dataset/input/7289552908579827713.jpg,20250213/dataset/output/7289552908579827713.jpg,0.05938023195640924,5.938023195640924
20250213/dataset/input/7289455739562647553.jpg,20250213/dataset/output/7289455739562647553.jpg,0.9633474079286887,96.33474079286887
20250212/dataset/input/7289052261086457857.jpg,20250212/dataset/output/7289052261086457857.jpg,0.9171828778240269,91.71828778240268
20250213/dataset/input/7289465172040638464.jpg,20250213/dataset/output/7289465172040638464.jpg,0.9928672029092702,99.28672029092702
20250211/dataset/input/7288859063126913025.jpg,20250211/dataset/output/7288859063126913025.jpg,0.9103832635177428,91.03832635177427
20250213/dataset/input/7289607255887994880.jpg,20250213/dataset/output/7289607255887994880.jpg,0.9830244291927154,98.30244291927154
20250212/dataset/input/7289031914287067137.jpg,20250212/dataset/output/7289031914287067137.jpg,0.9681049822064057,96.81049822064057
20250211/dataset/input/7288896049367769088.jpg,20250211/dataset/output/7288896049367769088.jpg,0.5744816288932146,57.448162889321466
20250213/dataset/input/7289387396730216449.jpg,20250213/dataset/output/7289387396730216449.jpg,0.40743433066441914,40.743433066441916
20250213/dataset/input/7289512822366560257.jpg,20250213/dataset/output/7289512822366560257.jpg,0.8855803556534214,88.55803556534214
20250211/dataset/input/7288903129956937729.jpg,20250211/dataset/output/7288903129956937729.jpg,0.954150390625,95.4150390625
20250212/dataset/input/7289093316351647745.jpg,20250212/dataset/output/7289093316351647745.jpg,0.9793880930375847,97.93880930375846
20250213/dataset/input/7289524198069825536.jpg,20250213/dataset/output/7289524198069825536.jpg,0.9862265376302873,98.62265376302874
20250212/dataset/input/7289170139383132160.jpg,20250212/dataset/output/7289170139383132160.jpg,0.9449009661265176,94.49009661265177
20250212/dataset/input/7289178525013176321.jpg,20250212/dataset/output/7289178525013176321.jpg,0.9906923126763808,99.06923126763807
20250213/dataset/input/7289518063694667777.jpg,20250213/dataset/output/7289518063694667777.jpg,0.06128314549367181,6.128314549367181
20250211/dataset/input/7288816237756346369.jpg,20250211/dataset/output/7288816237756346369.jpg,0.8566479004679194,85.66479004679194
20250213/dataset/input/7289471580303847425.jpg,20250213/dataset/output/7289471580303847425.jpg,0.946530612244898,94.6530612244898
20250213/dataset/input/7289527963317497857.jpg,20250213/dataset/output/7289527963317497857.jpg,0.23399908472803346,23.399908472803347
20250211/dataset/input/7288827359305687040.jpg,20250211/dataset/output/7288827359305687040.jpg,0.9790242050155119,97.90242050155119
20250213/dataset/input/7289569471693385728.jpg,20250213/dataset/output/7289569471693385728.jpg,0.042952444444444446,4.295244444444444
20250212/dataset/input/7289146936266874880.jpg,20250212/dataset/output/7289146936266874880.jpg,0.9864775868285062,98.64775868285062
20250211/dataset/input/7288758725241757696.jpg,20250211/dataset/output/7288758725241757696.jpg,0.9641330437959444,96.41330437959445
20250212/dataset/input/7289099941711994881.jpg,20250212/dataset/output/7289099941711994881.jpg,0.9752391616084232,97.52391616084232
20250212/dataset/input/7289112769126752256.jpg,20250212/dataset/output/7289112769126752256.jpg,0.971649082977208,97.1649082977208
20250213/dataset/input/7289597525442490368.jpg,20250213/dataset/output/7289597525442490368.jpg,0.9745812508555269,97.4581250855527
20250213/dataset/input/7289607745757536257.jpg,20250213/dataset/output/7289607745757536257.jpg,0.6560688948840927,65.60688948840927
20250213/dataset/input/7289555993142255617.jpg,20250213/dataset/output/7289555993142255617.jpg,0.9661558482597694,96.61558482597694
20250213/dataset/input/7289564008692080641.jpg,20250213/dataset/output/7289564008692080641.jpg,0.9685978939620581,96.85978939620581
20250212/dataset/input/7289089556372058112.jpg,20250212/dataset/output/7289089556372058112.jpg,0.9553507783847635,95.53507783847634
20250212/dataset/input/7289251998351814657.jpg,20250212/dataset/output/7289251998351814657.jpg,0.9636074062718245,96.36074062718245
20250213/dataset/input/7289477568792686593.jpg,20250213/dataset/output/7289477568792686593.jpg,0.92719140625,92.719140625
20250212/dataset/input/7289238214870626305.jpg,20250212/dataset/output/7289238214870626305.jpg,0.9904279527270058,99.04279527270057
20250212/dataset/input/7288919609503182849.jpg,20250212/dataset/output/7288919609503182849.jpg,0.07137794147738899,7.137794147738899
20250212/dataset/input/7289171916060909568.jpg,20250212/dataset/output/7289171916060909568.jpg,0.9734612102175818,97.34612102175818
20250212/dataset/input/7289076561768112129.jpg,20250212/dataset/output/7289076561768112129.jpg,0.0962950087822014,9.62950087822014
20250211/dataset/input/7288732582996369408.jpg,20250211/dataset/output/7288732582996369408.jpg,0.9383188415271967,93.83188415271967
20250211/dataset/input/7288820074995052544.jpg,20250211/dataset/output/7288820074995052544.jpg,0.9688554006968642,96.88554006968641
20250211/dataset/input/7288863621202862081.jpg,20250211/dataset/output/7288863621202862081.jpg,0.9342810936436037,93.42810936436037
20250213/dataset/input/7289565908753772544.jpg,20250213/dataset/output/7289565908753772544.jpg,0.003916262246451294,0.39162622464512936
20250213/dataset/input/7289441002464501760.jpg,20250213/dataset/output/7289441002464501760.jpg,0.9225858919205611,92.2585891920561
20250213/dataset/input/7289588483844235265.jpg,20250213/dataset/output/7289588483844235265.jpg,0.9794791061834645,97.94791061834644
20250212/dataset/input/7289206145696161792.jpg,20250212/dataset/output/7289206145696161792.jpg,0.926487,92.64869999999999
20250213/dataset/input/7289458759356669953.jpg,20250213/dataset/output/7289458759356669953.jpg,0.9853226701183432,98.53226701183432
20250211/dataset/input/7288816765072596993.jpg,20250211/dataset/output/7288816765072596993.jpg,0.9077838827838828,90.77838827838828
20250211/dataset/input/7288841700012744704.jpg,20250211/dataset/output/7288841700012744704.jpg,0.8997651043373758,89.97651043373757
20250212/dataset/input/7289157841293733889.jpg,20250212/dataset/output/7289157841293733889.jpg,0.9926325015838277,99.26325015838276
20250213/dataset/input/7289528558120099841.jpg,20250213/dataset/output/7289528558120099841.jpg,0.974526870883344,97.4526870883344
20250213/dataset/input/7289516455153954817.jpg,20250213/dataset/output/7289516455153954817.jpg,0.06128314549367181,6.128314549367181
20250211/dataset/input/7288735113147379713.jpg,20250211/dataset/output/7288735113147379713.jpg,0.9394232969403765,93.94232969403765
20250212/dataset/input/7289234815634698241.jpg,20250212/dataset/output/7289234815634698241.jpg,0.754029281496063,75.4029281496063
20250211/dataset/input/7288851412561227777.jpg,20250211/dataset/output/7288851412561227777.jpg,0.9820143994352208,98.20143994352209
20250212/dataset/input/7289234753705799681.jpg,20250212/dataset/output/7289234753705799681.jpg,0.9915081780144541,99.15081780144541
20250213/dataset/input/7289476077411393537.jpg,20250213/dataset/output/7289476077411393537.jpg,0.52701953125,52.701953125
20250212/dataset/input/7289069893797867520.jpg,20250212/dataset/output/7289069893797867520.jpg,0.025650567421773938,2.565056742177394
20250213/dataset/input/7289451224310505472.jpg,20250213/dataset/output/7289451224310505472.jpg,0.9937108604536489,99.37108604536489
20250211/dataset/input/7288656342612467713.jpg,20250211/dataset/output/7288656342612467713.jpg,0.9714144541654212,97.14144541654211
20250212/dataset/input/7289166212860276737.jpg,20250212/dataset/output/7289166212860276737.jpg,0.9864696301973558,98.64696301973558
20250211/dataset/input/7288854863458361345.jpg,20250211/dataset/output/7288854863458361345.jpg,0.9796457579019473,97.96457579019473
20250212/dataset/input/7289112465446559745.jpg,20250212/dataset/output/7289112465446559745.jpg,0.960426425968948,96.0426425968948
20250211/dataset/input/7288558612351348736.jpg,20250211/dataset/output/7288558612351348736.jpg,0.9914828567719923,99.14828567719923
20250213/dataset/input/7289440339659649024.jpg,20250213/dataset/output/7289440339659649024.jpg,0.5530747673434856,55.30747673434856
20250212/dataset/input/7289236019357966337.jpg,20250212/dataset/output/7289236019357966337.jpg,0.9840965109322213,98.40965109322212
20250211/dataset/input/7288823620108873728.jpg,20250211/dataset/output/7288823620108873728.jpg,0.9785341757123474,97.85341757123473
20250212/dataset/input/7289099504350945281.jpg,20250212/dataset/output/7289099504350945281.jpg,0.9886089639032692,98.86089639032693
20250212/dataset/input/7289237788658036736.jpg,20250212/dataset/output/7289237788658036736.jpg,0.9545631504941127,95.45631504941127
20250213/dataset/input/7289529917158481921.jpg,20250213/dataset/output/7289529917158481921.jpg,0.9891375653403494,98.91375653403493
20250211/dataset/input/7288672480733978625.jpg,20250211/dataset/output/7288672480733978625.jpg,0.00023884514435695538,0.023884514435695538
20250213/dataset/input/7289537323695366145.jpg,20250213/dataset/output/7289537323695366145.jpg,0.9597210922222698,95.97210922222698
20250213/dataset/input/7289608868937658368.jpg,20250213/dataset/output/7289608868937658368.jpg,0.981434048233366,98.1434048233366
20250213/dataset/input/7289620416485715969.jpg,20250213/dataset/output/7289620416485715969.jpg,0.9712003497976399,97.12003497976399
20250212/dataset/input/7289133872150802432.jpg,20250212/dataset/output/7289133872150802432.jpg,0.9881275210567015,98.81275210567016
20250213/dataset/input/7289507256109916161.jpg,20250213/dataset/output/7289507256109916161.jpg,0.8681756695824692,86.81756695824691
20250211/dataset/input/7288888869948252160.jpg,20250211/dataset/output/7288888869948252160.jpg,0.9778746738970188,97.78746738970187
20250211/dataset/input/7288747545316093953.jpg,20250211/dataset/output/7288747545316093953.jpg,0.9712317092347135,97.12317092347135
20250213/dataset/input/7289609548612038657.jpg,20250213/dataset/output/7289609548612038657.jpg,0.9657084356021782,96.57084356021782
20250212/dataset/input/7289132430144856064.jpg,20250212/dataset/output/7289132430144856064.jpg,0.9836081532104259,98.3608153210426
20250213/dataset/input/7289532466821394433.jpg,20250213/dataset/output/7289532466821394433.jpg,0.9639242161638873,96.39242161638873
20250211/dataset/input/7288798107298455552.jpg,20250211/dataset/output/7288798107298455552.jpg,0.12020866297468355,12.020866297468356
20250213/dataset/input/7289490856200957952.jpg,20250213/dataset/output/7289490856200957952.jpg,0.9612474185344853,96.12474185344853
20250212/dataset/input/7289069838550495233.jpg,20250212/dataset/output/7289069838550495233.jpg,0.03447040610599078,3.4470406105990783
20250212/dataset/input/7289242671310200833.jpg,20250212/dataset/output/7289242671310200833.jpg,0.9458509467138525,94.58509467138525
20250211/dataset/input/7288906101537435649.jpg,20250211/dataset/output/7288906101537435649.jpg,0.983361666945358,98.33616669453579
20250212/dataset/input/7289229518862049281.jpg,20250212/dataset/output/7289229518862049281.jpg,0.95056209371678,95.05620937167801
20250212/dataset/input/7289210790099349504.jpg,20250212/dataset/output/7289210790099349504.jpg,0.973296113847838,97.3296113847838
20250212/dataset/input/7289094853459206144.jpg,20250212/dataset/output/7289094853459206144.jpg,0.7202405857740586,72.02405857740585
20250211/dataset/input/7288764188276580353.jpg,20250211/dataset/output/7288764188276580353.jpg,0.874662454180635,87.46624541806351
20250213/dataset/input/7289608062159052800.jpg,20250213/dataset/output/7289608062159052800.jpg,0.12042469147344802,12.042469147344802
20250213/dataset/input/7289576647287697409.jpg,20250213/dataset/output/7289576647287697409.jpg,0.984160566191207,98.4160566191207
20250211/dataset/input/7288774494067421184.jpg,20250211/dataset/output/7288774494067421184.jpg,0.5267291019668737,52.672910196687376
20250212/dataset/input/7289233584883261441.jpg,20250212/dataset/output/7289233584883261441.jpg,0.9463141181426395,94.63141181426396
20250213/dataset/input/7289507713607856128.jpg,20250213/dataset/output/7289507713607856128.jpg,0.914462828436745,91.4462828436745
20250211/dataset/input/7288835532137717760.jpg,20250211/dataset/output/7288835532137717760.jpg,0.9473100795326655,94.73100795326656
20250212/dataset/input/7289230861563617281.jpg,20250212/dataset/output/7289230861563617281.jpg,0.9341654967547661,93.41654967547662
20250212/dataset/input/7289125483358216193.jpg,20250212/dataset/output/7289125483358216193.jpg,0.7966378160345449,79.66378160345448
20250213/dataset/input/7289506060087353345.jpg,20250213/dataset/output/7289506060087353345.jpg,0.8030560271646859,80.3056027164686
20250212/dataset/input/7289245812780982272.jpg,20250212/dataset/output/7289245812780982272.jpg,0.9645996118301304,96.45996118301305
20250211/dataset/input/7288801997364457473.jpg,20250211/dataset/output/7288801997364457473.jpg,0.932743219864313,93.2743219864313
20250212/dataset/input/7289133200281985025.jpg,20250212/dataset/output/7289133200281985025.jpg,0.9835879185566333,98.35879185566333
20250211/dataset/input/7288805678952505344.jpg,20250211/dataset/output/7288805678952505344.jpg,0.9705906030444965,97.05906030444964
20250213/dataset/input/7289596750683201537.jpg,20250213/dataset/output/7289596750683201537.jpg,0.9624510258789566,96.24510258789566
20250213/dataset/input/7289435124910809088.jpg,20250213/dataset/output/7289435124910809088.jpg,0.9162820345188285,91.62820345188285
20250211/dataset/input/7288663338715770880.jpg,20250211/dataset/output/7288663338715770880.jpg,0.9516563588850174,95.16563588850174
20250213/dataset/input/7289580376325943296.jpg,20250213/dataset/output/7289580376325943296.jpg,0.972105501962873,97.2105501962873
20250212/dataset/input/7289225912683356160.jpg,20250212/dataset/output/7289225912683356160.jpg,0.9812053522630093,98.12053522630093
20250211/dataset/input/7288865656459554816.jpg,20250211/dataset/output/7288865656459554816.jpg,0.9838432203667,98.38432203667
20250212/dataset/input/7289146404911472641.jpg,20250212/dataset/output/7289146404911472641.jpg,0.9865501578258526,98.65501578258527
20250212/dataset/input/7288914949388169217.jpg,20250212/dataset/output/7288914949388169217.jpg,0.9773188481488884,97.73188481488884
20250213/dataset/input/7289507033711140864.jpg,20250213/dataset/output/7289507033711140864.jpg,0.8717503406102468,87.17503406102468
20250213/dataset/input/7289504958046560256.jpg,20250213/dataset/output/7289504958046560256.jpg,0.9809098823991402,98.09098823991403
20250212/dataset/input/7289169963826343936.jpg,20250212/dataset/output/7289169963826343936.jpg,0.5814376531862745,58.14376531862745
20250211/dataset/input/7288889278897086465.jpg,20250211/dataset/output/7288889278897086465.jpg,0.9739495631668331,97.3949563166833
20250213/dataset/input/7289575225364078592.jpg,20250213/dataset/output/7289575225364078592.jpg,0.9841795283655749,98.41795283655749
20250212/dataset/input/7289176826311667713.jpg,20250212/dataset/output/7289176826311667713.jpg,0.9760145198441891,97.6014519844189
20250212/dataset/input/7289103814354857985.jpg,20250212/dataset/output/7289103814354857985.jpg,0.9888327991452991,98.88327991452991
20250211/dataset/input/7288864859084578817.jpg,20250211/dataset/output/7288864859084578817.jpg,0.9284533607681755,92.84533607681755
20250213/dataset/input/7289610605635330049.jpg,20250213/dataset/output/7289610605635330049.jpg,0.9466061278863233,94.66061278863232
20250212/dataset/input/7289161371563913217.jpg,20250212/dataset/output/7289161371563913217.jpg,0.9943885030864198,99.43885030864197
20250213/dataset/input/7289607074123636737.jpg,20250213/dataset/output/7289607074123636737.jpg,0.04644925068119891,4.644925068119891
20250212/dataset/input/7289095304762122240.jpg,20250212/dataset/output/7289095304762122240.jpg,0.977212637318241,97.72126373182411
20250212/dataset/input/7289252169827545088.jpg,20250212/dataset/output/7289252169827545088.jpg,0.9503172681924883,95.03172681924883
20250213/dataset/input/7289579631161700352.jpg,20250213/dataset/output/7289579631161700352.jpg,0.9674472994441164,96.74472994441165
20250211/dataset/input/7288889523819274240.jpg,20250211/dataset/output/7288889523819274240.jpg,0.9955477818413102,99.55477818413102
20250212/dataset/input/7289246726820487169.jpg,20250212/dataset/output/7289246726820487169.jpg,0.010824155780989438,1.0824155780989437
20250212/dataset/input/7289090457774125057.jpg,20250212/dataset/output/7289090457774125057.jpg,0.9546006042552966,95.46006042552966
20250213/dataset/input/7289610475188318209.jpg,20250213/dataset/output/7289610475188318209.jpg,0.9551642984014209,95.5164298401421
20250212/dataset/input/7289125094793736193.jpg,20250212/dataset/output/7289125094793736193.jpg,0.9905995698924731,99.05995698924731
20250213/dataset/input/7289609114501574656.jpg,20250213/dataset/output/7289609114501574656.jpg,0.9929256717698175,99.29256717698175
20250213/dataset/input/7289436499422015488.jpg,20250213/dataset/output/7289436499422015488.jpg,0.9669103654199799,96.69103654199799
20250211/dataset/input/7288870933313417217.jpg,20250211/dataset/output/7288870933313417217.jpg,0.9818788603307432,98.18788603307432
20250212/dataset/input/7289245523130773505.jpg,20250212/dataset/output/7289245523130773505.jpg,0.9752768799827624,97.52768799827624
20250211/dataset/input/7288890111982366720.jpg,20250211/dataset/output/7288890111982366720.jpg,0.9604774940125325,96.04774940125324
20250213/dataset/input/7289578569440714752.jpg,20250213/dataset/output/7289578569440714752.jpg,0.5515945878494011,55.15945878494011
20250211/dataset/input/7288861949332316160.jpg,20250211/dataset/output/7288861949332316160.jpg,0.10571032831737347,10.571032831737346
20250212/dataset/input/7289246422171447297.jpg,20250212/dataset/output/7289246422171447297.jpg,0.9670757371544774,96.70757371544774
20250211/dataset/input/7288686719594983424.jpg,20250211/dataset/output/7288686719594983424.jpg,0.9773109337252152,97.73109337252151
20250212/dataset/input/7288921727794475009.jpg,20250212/dataset/output/7288921727794475009.jpg,0.0595295245398773,5.95295245398773
20250211/dataset/input/7288670135530876928.jpg,20250211/dataset/output/7288670135530876928.jpg,0.9789829853054911,97.89829853054911
20250213/dataset/input/7289555669744640000.jpg,20250213/dataset/output/7289555669744640000.jpg,0.9697742255821397,96.97742255821396
20250213/dataset/input/7289574822182449153.jpg,20250213/dataset/output/7289574822182449153.jpg,0.42067684578107184,42.06768457810718
20250211/dataset/input/7288749885951635457.jpg,20250211/dataset/output/7288749885951635457.jpg,0.9673435474469066,96.73435474469066
20250213/dataset/input/7289495991480246273.jpg,20250213/dataset/output/7289495991480246273.jpg,0.9456188725490197,94.56188725490196
20250212/dataset/input/7289233154740609025.jpg,20250212/dataset/output/7289233154740609025.jpg,0.9369014272970562,93.69014272970561
20250211/dataset/input/7288729067662106624.jpg,20250211/dataset/output/7288729067662106624.jpg,0.9632260885198745,96.32260885198744
20250213/dataset/input/7289596807054684161.jpg,20250213/dataset/output/7289596807054684161.jpg,0.9043329485488126,90.43329485488127
20250213/dataset/input/7289577124452655104.jpg,20250213/dataset/output/7289577124452655104.jpg,0.42864583333333334,42.864583333333336
20250212/dataset/input/7289233598162464768.jpg,20250212/dataset/output/7289233598162464768.jpg,0.9675297632054541,96.75297632054541
20250213/dataset/input/7289529287895441409.jpg,20250213/dataset/output/7289529287895441409.jpg,0.9834211012881003,98.34211012881003
20250211/dataset/input/7288697394480345088.jpg,20250211/dataset/output/7288697394480345088.jpg,0.9929654596504817,99.29654596504817
20250212/dataset/input/7289121665442668545.jpg,20250212/dataset/output/7289121665442668545.jpg,0.9862369483171217,98.62369483171217
20250213/dataset/input/7289435860658876416.jpg,20250213/dataset/output/7289435860658876416.jpg,0.9838493441358025,98.38493441358025
20250211/dataset/input/7288849338708549633.jpg,20250211/dataset/output/7288849338708549633.jpg,0.5153831066945607,51.53831066945607
20250212/dataset/input/7289160710294138881.jpg,20250212/dataset/output/7289160710294138881.jpg,0.9901149798154556,99.01149798154556
20250211/dataset/input/7288818605067661313.jpg,20250211/dataset/output/7288818605067661313.jpg,0.9702390232786846,97.02390232786846
20250212/dataset/input/7289234586499870721.jpg,20250212/dataset/output/7289234586499870721.jpg,0.2824965143064985,28.249651430649852
20250213/dataset/input/7289494287833690112.jpg,20250213/dataset/output/7289494287833690112.jpg,0.8536819830713422,85.36819830713422
20250211/dataset/input/7288760472215511041.jpg,20250211/dataset/output/7288760472215511041.jpg,0.6009283472803347,60.09283472803347
20250213/dataset/input/7289550148564217857.jpg,20250213/dataset/output/7289550148564217857.jpg,0.0012290919952210274,0.12290919952210275
20250213/dataset/input/7289609755533795329.jpg,20250213/dataset/output/7289609755533795329.jpg,0.9814736254382532,98.14736254382532
20250213/dataset/input/7289440466273067008.jpg,20250213/dataset/output/7289440466273067008.jpg,0.969946866268043,96.99468662680431
20250211/dataset/input/7288831056047792129.jpg,20250211/dataset/output/7288831056047792129.jpg,0.9597312644675926,95.97312644675927
20250211/dataset/input/7288852740716912640.jpg,20250211/dataset/output/7288852740716912640.jpg,0.9698712384259259,96.9871238425926
20250212/dataset/input/7289232221486997505.jpg,20250212/dataset/output/7289232221486997505.jpg,0.9353016740193564,93.53016740193564
20250212/dataset/input/7289235051992080385.jpg,20250212/dataset/output/7289235051992080385.jpg,0.9893311759723925,98.93311759723925
20250212/dataset/input/7289194993171849216.jpg,20250212/dataset/output/7289194993171849216.jpg,0.024804477290665136,2.4804477290665137
20250213/dataset/input/7289526993279803393.jpg,20250213/dataset/output/7289526993279803393.jpg,0.9969701341797721,99.6970134179772
20250213/dataset/input/7289419910941306881.jpg,20250213/dataset/output/7289419910941306881.jpg,0.9972788585442907,99.72788585442906
20250212/dataset/input/7289066443773075456.jpg,20250212/dataset/output/7289066443773075456.jpg,0.9627588618932426,96.27588618932425
20250212/dataset/input/7289133043331166209.jpg,20250212/dataset/output/7289133043331166209.jpg,0.9872552710843373,98.72552710843372
20250212/dataset/input/7289096605222891520.jpg,20250212/dataset/output/7289096605222891520.jpg,0.9371195023148148,93.71195023148148
20250212/dataset/input/7289169787967565825.jpg,20250212/dataset/output/7289169787967565825.jpg,0.9322493135056976,93.22493135056976
20250212/dataset/input/7289231822197645313.jpg,20250212/dataset/output/7289231822197645313.jpg,0.9827307727640953,98.27307727640952
20250212/dataset/input/7289169365202657280.jpg,20250212/dataset/output/7289169365202657280.jpg,0.9783550623415593,97.83550623415593
20250213/dataset/input/7289574556922081280.jpg,20250213/dataset/output/7289574556922081280.jpg,0.9723229102143507,97.23229102143507
20250211/dataset/input/7288888021071454209.jpg,20250211/dataset/output/7288888021071454209.jpg,0.9504791129595448,95.04791129595448
20250212/dataset/input/7289234524654821377.jpg,20250212/dataset/output/7289234524654821377.jpg,0.9972907949790795,99.72907949790795
20250213/dataset/input/7289608407358660608.jpg,20250213/dataset/output/7289608407358660608.jpg,0.9595812611012433,95.95812611012433
20250211/dataset/input/7288757734786265088.jpg,20250211/dataset/output/7288757734786265088.jpg,0.9753054531786903,97.53054531786903
20250211/dataset/input/7288816724287221760.jpg,20250211/dataset/output/7288816724287221760.jpg,0.8802666975086529,88.0266697508653
20250212/dataset/input/7289110730783088641.jpg,20250212/dataset/output/7289110730783088641.jpg,0.927923634255157,92.7923634255157
20250212/dataset/input/7289236072961208320.jpg,20250212/dataset/output/7289236072961208320.jpg,0.9543759822845459,95.43759822845459
20250211/dataset/input/7288876763647598592.jpg,20250211/dataset/output/7288876763647598592.jpg,0.9613113969784582,96.13113969784582
20250211/dataset/input/7288732576889462785.jpg,20250211/dataset/output/7288732576889462785.jpg,0.9567004545235339,95.67004545235339
20250213/dataset/input/7289610963879260161.jpg,20250213/dataset/output/7289610963879260161.jpg,0.9818357441365353,98.18357441365353
20250212/dataset/input/7289238569465438209.jpg,20250212/dataset/output/7289238569465438209.jpg,0.9825376070930464,98.25376070930464
20250211/dataset/input/7288729662477328385.jpg,20250211/dataset/output/7288729662477328385.jpg,0.9310779779027196,93.10779779027196
20250211/dataset/input/7288869772732723200.jpg,20250211/dataset/output/7288869772732723200.jpg,0.9334101070315676,93.34101070315675
20250211/dataset/input/7288726207998259201.jpg,20250211/dataset/output/7288726207998259201.jpg,0.939461477660371,93.9461477660371
20250211/dataset/input/7288811738782298112.jpg,20250211/dataset/output/7288811738782298112.jpg,0.19231776787075142,19.23177678707514
20250211/dataset/input/7288884368147279872.jpg,20250211/dataset/output/7288884368147279872.jpg,0.9895160498674782,98.95160498674782
20250213/dataset/input/7289575544680636417.jpg,20250213/dataset/output/7289575544680636417.jpg,0.8048880393227744,80.48880393227745
20250211/dataset/input/7288855320440401920.jpg,20250211/dataset/output/7288855320440401920.jpg,0.9359953703703704,93.59953703703704
20250213/dataset/input/7289470584165036033.jpg,20250213/dataset/output/7289470584165036033.jpg,0.991658807938856,99.16588079388559
20250212/dataset/input/7289174052555481088.jpg,20250212/dataset/output/7289174052555481088.jpg,0.9810733721422215,98.10733721422214
20250212/dataset/input/7289103941161213953.jpg,20250212/dataset/output/7289103941161213953.jpg,0.9921156213061015,99.21156213061015
20250211/dataset/input/7288899656376971265.jpg,20250211/dataset/output/7288899656376971265.jpg,0.39964453125,39.964453125
20250212/dataset/input/7289068708906987521.jpg,20250212/dataset/output/7289068708906987521.jpg,0.049112196300386525,4.911219630038652
20250211/dataset/input/7288906227240689665.jpg,20250211/dataset/output/7288906227240689665.jpg,0.989736,98.97359999999999
20250213/dataset/input/7289569179232919553.jpg,20250213/dataset/output/7289569179232919553.jpg,0.042952444444444446,4.295244444444444
20250211/dataset/input/7288738564338151424.jpg,20250211/dataset/output/7288738564338151424.jpg,0.03197067901234568,3.1970679012345684
20250213/dataset/input/7289434876578689025.jpg,20250213/dataset/output/7289434876578689025.jpg,0.9809841475632035,98.09841475632035
20250212/dataset/input/7289044352445210625.jpg,20250212/dataset/output/7289044352445210625.jpg,0.4981455520470383,49.81455520470383
20250211/dataset/input/7288748914760544257.jpg,20250211/dataset/output/7288748914760544257.jpg,0.9850494796375858,98.50494796375858
20250212/dataset/input/7289054013810601985.jpg,20250212/dataset/output/7289054013810601985.jpg,0.964275,96.4275
20250213/dataset/input/7289577282389172225.jpg,20250213/dataset/output/7289577282389172225.jpg,0.5136431525735294,51.36431525735294
20250212/dataset/input/7289171981374611456.jpg,20250212/dataset/output/7289171981374611456.jpg,0.9332962119151251,93.32962119151252
20250211/dataset/input/7288561203298721793.jpg,20250211/dataset/output/7288561203298721793.jpg,0.9913357475857476,99.13357475857477
20250211/dataset/input/7288894074999824384.jpg,20250211/dataset/output/7288894074999824384.jpg,0.03519837340876945,3.5198373408769448
20250212/dataset/input/7289134670050029568.jpg,20250212/dataset/output/7289134670050029568.jpg,0.9924366538528806,99.24366538528805
20250212/dataset/input/7289069724654133248.jpg,20250212/dataset/output/7289069724654133248.jpg,0.03447085613479263,3.447085613479263
20250212/dataset/input/7289241483617562624.jpg,20250212/dataset/output/7289241483617562624.jpg,0.9451087480709877,94.51087480709876
20250212/dataset/input/7289215637552951297.jpg,20250212/dataset/output/7289215637552951297.jpg,0.9688776589945681,96.88776589945681
20250212/dataset/input/7289098860269428736.jpg,20250212/dataset/output/7289098860269428736.jpg,0.038287091988130566,3.8287091988130566
20250212/dataset/input/7289126945194831873.jpg,20250212/dataset/output/7289126945194831873.jpg,0.9859242513554305,98.59242513554305
20250212/dataset/input/7289045178853122048.jpg,20250212/dataset/output/7289045178853122048.jpg,0.9631532341172618,96.31532341172618
20250211/dataset/input/7288906312594812928.jpg,20250211/dataset/output/7288906312594812928.jpg,0.9709880320957432,97.09880320957433
20250212/dataset/input/7289232235948994561.jpg,20250212/dataset/output/7289232235948994561.jpg,0.9803808029487946,98.03808029487946
20250213/dataset/input/7289555112028073985.jpg,20250213/dataset/output/7289555112028073985.jpg,0.9665556453786042,96.65556453786041
20250211/dataset/input/7288868692644880384.jpg,20250211/dataset/output/7288868692644880384.jpg,0.9406375073748665,94.06375073748666
20250211/dataset/input/7288902313263034369.jpg,20250211/dataset/output/7288902313263034369.jpg,0.8554150453955901,85.54150453955901
20250213/dataset/input/7289578808553791488.jpg,20250213/dataset/output/7289578808553791488.jpg,0.3314732142857143,33.14732142857143
20250211/dataset/input/7288884946692796416.jpg,20250211/dataset/output/7288884946692796416.jpg,0.983407963739476,98.3407963739476
20250212/dataset/input/7289213305595424769.jpg,20250212/dataset/output/7289213305595424769.jpg,0.043955285017527816,4.395528501752781
20250211/dataset/input/7288727466834681856.jpg,20250211/dataset/output/7288727466834681856.jpg,0.9420359261313035,94.20359261313035
20250212/dataset/input/7289204667220779009.jpg,20250212/dataset/output/7289204667220779009.jpg,0.4679624221497951,46.796242214979515
20250212/dataset/input/7288932216263958528.jpg,20250212/dataset/output/7288932216263958528.jpg,0.9783185582025488,97.83185582025487
20250211/dataset/input/7288892260367790080.jpg,20250211/dataset/output/7288892260367790080.jpg,0.9680216946019534,96.80216946019534
20250213/dataset/input/7289612518124744705.jpg,20250213/dataset/output/7289612518124744705.jpg,0.9815453842756183,98.15453842756183
20250213/dataset/input/7289579159570935809.jpg,20250213/dataset/output/7289579159570935809.jpg,0.8213501326735514,82.13501326735513
20250213/dataset/input/7289456450379735040.jpg,20250213/dataset/output/7289456450379735040.jpg,0.9849956854043392,98.49956854043393
20250212/dataset/input/7289170513955414017.jpg,20250212/dataset/output/7289170513955414017.jpg,0.9912057912953914,99.12057912953914
20250213/dataset/input/7289532228257771520.jpg,20250213/dataset/output/7289532228257771520.jpg,0.9864563439418016,98.64563439418016
20250212/dataset/input/7289236405997297665.jpg,20250212/dataset/output/7289236405997297665.jpg,0.9393023672883788,93.93023672883788
20250211/dataset/input/7288698396679925760.jpg,20250211/dataset/output/7288698396679925760.jpg,0.859375,85.9375
20250212/dataset/input/7289158072378912768.jpg,20250212/dataset/output/7289158072378912768.jpg,0.9684504496343632,96.84504496343632
20250212/dataset/input/7289094020017446913.jpg,20250212/dataset/output/7289094020017446913.jpg,0.9561767108804307,95.61767108804307
20250211/dataset/input/7288811196051943425.jpg,20250211/dataset/output/7288811196051943425.jpg,0.16028663694558756,16.028663694558755
20250212/dataset/input/7289032158651375616.jpg,20250212/dataset/output/7289032158651375616.jpg,0.9793703321391706,97.93703321391706
20250212/dataset/input/7289133775191076865.jpg,20250212/dataset/output/7289133775191076865.jpg,0.9852842944760439,98.5284294476044
20250211/dataset/input/7288813193958285313.jpg,20250211/dataset/output/7288813193958285313.jpg,0.972008072653885,97.2008072653885
20250213/dataset/input/7289613027900416000.jpg,20250213/dataset/output/7289613027900416000.jpg,0.9747293861823065,97.47293861823066
20250213/dataset/input/7289612660835938304.jpg,20250213/dataset/output/7289612660835938304.jpg,0.9842106500943657,98.42106500943657
20250211/dataset/input/7288779514666086401.jpg,20250211/dataset/output/7288779514666086401.jpg,0.9912070688235749,99.1207068823575
20250212/dataset/input/7289070849721692161.jpg,20250212/dataset/output/7289070849721692161.jpg,0.02092967193926234,2.092967193926234
20250212/dataset/input/7289235766911197185.jpg,20250212/dataset/output/7289235766911197185.jpg,0.7076883761682243,70.76883761682244
20250213/dataset/input/7289572238315024384.jpg,20250213/dataset/output/7289572238315024384.jpg,0.09040273166518206,9.040273166518206
20250211/dataset/input/7288869954585161728.jpg,20250211/dataset/output/7288869954585161728.jpg,0.8900137033230558,89.00137033230558
20250213/dataset/input/7289606802534100992.jpg,20250213/dataset/output/7289606802534100992.jpg,0.7486576579063604,74.86576579063605
20250212/dataset/input/7289125855065862144.jpg,20250212/dataset/output/7289125855065862144.jpg,0.9607373157596372,96.07373157596372
20250213/dataset/input/7289419846369959936.jpg,20250213/dataset/output/7289419846369959936.jpg,0.9913397109022715,99.13397109022715
20250212/dataset/input/7289131384098058241.jpg,20250212/dataset/output/7289131384098058241.jpg,0.9743516768743881,97.4351676874388
20250212/dataset/input/7289123559607132160.jpg,20250212/dataset/output/7289123559607132160.jpg,0.9850293333333333,98.50293333333333
20250213/dataset/input/7289434442266898433.jpg,20250213/dataset/output/7289434442266898433.jpg,0.9404571220486075,94.04571220486075
20250211/dataset/input/7288733322678657025.jpg,20250211/dataset/output/7288733322678657025.jpg,0.9589334955393349,95.89334955393349
20250213/dataset/input/7289477727945551872.jpg,20250213/dataset/output/7289477727945551872.jpg,0.9559343237372949,95.5934323737295
20250212/dataset/input/7289032592342409217.jpg,20250212/dataset/output/7289032592342409217.jpg,0.9120695557174071,91.2069555717407
20250211/dataset/input/7288815079130161152.jpg,20250211/dataset/output/7288815079130161152.jpg,0.9080180462653289,90.80180462653288
20250213/dataset/input/7289419621014237184.jpg,20250213/dataset/output/7289419621014237184.jpg,0.9824599218644753,98.24599218644752
20250211/dataset/input/7288833992807178240.jpg,20250211/dataset/output/7288833992807178240.jpg,0.8414624371601518,84.14624371601518
20250212/dataset/input/7289251639172591617.jpg,20250212/dataset/output/7289251639172591617.jpg,0.9868304912860577,98.68304912860577
20250211/dataset/input/7288886837799575553.jpg,20250211/dataset/output/7288886837799575553.jpg,0.9567609658219812,95.67609658219813
20250213/dataset/input/7289523294742573057.jpg,20250213/dataset/output/7289523294742573057.jpg,0.5247566710411199,52.47566710411199
20250212/dataset/input/7289161974054711296.jpg,20250212/dataset/output/7289161974054711296.jpg,0.9258494208494209,92.58494208494209
20250212/dataset/input/7289126497259905025.jpg,20250212/dataset/output/7289126497259905025.jpg,0.9943964554322734,99.43964554322734
20250212/dataset/input/7289094579818618880.jpg,20250212/dataset/output/7289094579818618880.jpg,0.9773441973133671,97.73441973133671
20250213/dataset/input/7289606577899724800.jpg,20250213/dataset/output/7289606577899724800.jpg,0.38708024691358023,38.70802469135802
20250211/dataset/input/7288878233222668289.jpg,20250211/dataset/output/7288878233222668289.jpg,0.9573835255653438,95.73835255653438
20250213/dataset/input/7289441581727244288.jpg,20250213/dataset/output/7289441581727244288.jpg,0.950925021503652,95.09250215036519
20250212/dataset/input/7289166655640367105.jpg,20250212/dataset/output/7289166655640367105.jpg,0.9847111141753999,98.47111141753999
20250213/dataset/input/7289482238063828993.jpg,20250213/dataset/output/7289482238063828993.jpg,0.8893404221529222,88.93404221529222
20250212/dataset/input/7289103683769360384.jpg,20250212/dataset/output/7289103683769360384.jpg,0.9906987928629827,99.06987928629827
20250211/dataset/input/7288867999456452608.jpg,20250211/dataset/output/7288867999456452608.jpg,0.9812424242424242,98.12424242424242
20250213/dataset/input/7289439216949325825.jpg,20250213/dataset/output/7289439216949325825.jpg,0.42310185185185184,42.31018518518518
20250211/dataset/input/7288821694252249089.jpg,20250211/dataset/output/7288821694252249089.jpg,0.8766365840517242,87.66365840517241
20250213/dataset/input/7289467615969304576.jpg,20250213/dataset/output/7289467615969304576.jpg,0.9893310065335306,98.93310065335305
20250212/dataset/input/7289212842095472640.jpg,20250212/dataset/output/7289212842095472640.jpg,0.949367833504705,94.9367833504705
20250212/dataset/input/7289191611006738432.jpg,20250212/dataset/output/7289191611006738432.jpg,0.9306809407851755,93.06809407851755
20250212/dataset/input/7289113332555997184.jpg,20250212/dataset/output/7289113332555997184.jpg,0.9381511367105071,93.81511367105071
20250211/dataset/input/7288890309496299521.jpg,20250211/dataset/output/7288890309496299521.jpg,0.7953166010498688,79.53166010498688
20250212/dataset/input/7289148802971230209.jpg,20250212/dataset/output/7289148802971230209.jpg,0.9649323422908329,96.49323422908328
20250213/dataset/input/7289601657922412545.jpg,20250213/dataset/output/7289601657922412545.jpg,0.9880211524714052,98.80211524714052
20250213/dataset/input/7289526029386801153.jpg,20250213/dataset/output/7289526029386801153.jpg,0.9770960731857846,97.70960731857846
20250212/dataset/input/7289235997044269056.jpg,20250212/dataset/output/7289235997044269056.jpg,0.9238281778876964,92.38281778876964
20250213/dataset/input/7289565859567132672.jpg,20250213/dataset/output/7289565859567132672.jpg,0.955288164877206,95.5288164877206
20250212/dataset/input/7289087683011305472.jpg,20250212/dataset/output/7289087683011305472.jpg,0.08145238748627881,8.14523874862788
20250213/dataset/input/7289276044648931329.jpg,20250213/dataset/output/7289276044648931329.jpg,0.9827831162384105,98.27831162384105
20250211/dataset/input/7288892587884175361.jpg,20250211/dataset/output/7288892587884175361.jpg,0.9459640744698946,94.59640744698946
20250212/dataset/input/7289251937840590848.jpg,20250212/dataset/output/7289251937840590848.jpg,0.9275289759389671,92.7528975938967
20250212/dataset/input/7289159942153498624.jpg,20250212/dataset/output/7289159942153498624.jpg,0.9885180277694834,98.85180277694833
20250213/dataset/input/7289600820835840000.jpg,20250213/dataset/output/7289600820835840000.jpg,0.9893054945379112,98.93054945379112
20250211/dataset/input/7288691025039650816.jpg,20250211/dataset/output/7288691025039650816.jpg,0.9904598147103085,99.04598147103086
20250212/dataset/input/7289133004533854208.jpg,20250212/dataset/output/7289133004533854208.jpg,0.9703770764119601,97.03770764119601
20250212/dataset/input/7289144327397240832.jpg,20250212/dataset/output/7289144327397240832.jpg,0.9899786069287522,98.99786069287522
20250212/dataset/input/7289221986026283009.jpg,20250212/dataset/output/7289221986026283009.jpg,0.9724596391263058,97.24596391263059
20250212/dataset/input/7289236197863350273.jpg,20250212/dataset/output/7289236197863350273.jpg,0.9625817558024646,96.25817558024646
20250212/dataset/input/7288931689241272321.jpg,20250212/dataset/output/7288931689241272321.jpg,0.9850945684570994,98.50945684570995
20250212/dataset/input/7289228853871964161.jpg,20250212/dataset/output/7289228853871964161.jpg,0.9787562554680664,97.87562554680665
20250211/dataset/input/7288693076347908096.jpg,20250211/dataset/output/7288693076347908096.jpg,0.9878189101735148,98.78189101735147
20250211/dataset/input/7288832796189061120.jpg,20250211/dataset/output/7288832796189061120.jpg,0.937095228462336,93.7095228462336
20250212/dataset/input/7289232581882605568.jpg,20250212/dataset/output/7289232581882605568.jpg,0.9052864566626034,90.52864566626035
20250212/dataset/input/7289134087654141952.jpg,20250212/dataset/output/7289134087654141952.jpg,0.9716190020455527,97.16190020455528
20250213/dataset/input/7289512397496184833.jpg,20250213/dataset/output/7289512397496184833.jpg,0.8920732257191811,89.20732257191811
20250211/dataset/input/7288806727926964225.jpg,20250211/dataset/output/7288806727926964225.jpg,0.9741789665870998,97.41789665870998
20250213/dataset/input/7289534616389611521.jpg,20250213/dataset/output/7289534616389611521.jpg,0.9435686728395062,94.35686728395062
20250211/dataset/input/7288875355980455937.jpg,20250211/dataset/output/7288875355980455937.jpg,0.9862607542977168,98.62607542977167
20250212/dataset/input/7289236331921731584.jpg,20250212/dataset/output/7289236331921731584.jpg,0.8685090834233956,86.85090834233957
20250211/dataset/input/7288864406087200769.jpg,20250211/dataset/output/7288864406087200769.jpg,0.9377822788065844,93.77822788065843
20250213/dataset/input/7289547878732722176.jpg,20250213/dataset/output/7289547878732722176.jpg,0.9498847336065573,94.98847336065573
20250213/dataset/input/7289275888666959872.jpg,20250213/dataset/output/7289275888666959872.jpg,0.9808853861695337,98.08853861695337
20250211/dataset/input/7288867989755064320.jpg,20250211/dataset/output/7288867989755064320.jpg,0.9619477143329336,96.19477143329335
20250211/dataset/input/7288864130483679232.jpg,20250211/dataset/output/7288864130483679232.jpg,0.9377829218106996,93.77829218106996
20250212/dataset/input/7289134821711831040.jpg,20250212/dataset/output/7289134821711831040.jpg,0.9895399421586021,98.9539942158602
20250211/dataset/input/7288844533332242432.jpg,20250211/dataset/output/7288844533332242432.jpg,0.9733339905362776,97.33339905362776
20250211/dataset/input/7288874151804203008.jpg,20250211/dataset/output/7288874151804203008.jpg,0.9886945808009974,98.86945808009973
20250211/dataset/input/7288735029382934528.jpg,20250211/dataset/output/7288735029382934528.jpg,0.9565396999215481,95.65396999215481
20250211/dataset/input/7288693827887493120.jpg,20250211/dataset/output/7288693827887493120.jpg,0.19817998253656408,19.81799825365641
20250212/dataset/input/7289120574051213313.jpg,20250212/dataset/output/7289120574051213313.jpg,0.05601653556107773,5.601653556107773
20250213/dataset/input/7289610373489029120.jpg,20250213/dataset/output/7289610373489029120.jpg,0.11072501878287003,11.072501878287003
20250213/dataset/input/7289587707923161089.jpg,20250213/dataset/output/7289587707923161089.jpg,0.9761729641838633,97.61729641838633
20250212/dataset/input/7289236494333571072.jpg,20250212/dataset/output/7289236494333571072.jpg,0.9646568940986046,96.46568940986046
20250213/dataset/input/7289595850157780993.jpg,20250213/dataset/output/7289595850157780993.jpg,0.9661253821080542,96.61253821080543
20250213/dataset/input/7289592915529064448.jpg,20250213/dataset/output/7289592915529064448.jpg,0.9063941391941392,90.63941391941393
20250213/dataset/input/7289470454196137984.jpg,20250213/dataset/output/7289470454196137984.jpg,0.9903086476824458,99.03086476824457
20250213/dataset/input/7289608055846662144.jpg,20250213/dataset/output/7289608055846662144.jpg,0.7405444721529509,74.0544472152951
20250213/dataset/input/7289590658192400385.jpg,20250213/dataset/output/7289590658192400385.jpg,0.9890547224590338,98.90547224590338
20250213/dataset/input/7289607539720777729.jpg,20250213/dataset/output/7289607539720777729.jpg,0.0918280750798722,9.18280750798722
20250212/dataset/input/7289176448560066560.jpg,20250212/dataset/output/7289176448560066560.jpg,0.9189437770401504,91.89437770401504
20250212/dataset/input/7289226885841612800.jpg,20250212/dataset/output/7289226885841612800.jpg,0.9944354512343181,99.4435451234318
20250213/dataset/input/7289480198646460417.jpg,20250213/dataset/output/7289480198646460417.jpg,0.8838889604534329,88.38889604534329
20250212/dataset/input/7289130129581694977.jpg,20250212/dataset/output/7289130129581694977.jpg,0.9723647916717137,97.23647916717138
20250212/dataset/input/7289169556924329985.jpg,20250212/dataset/output/7289169556924329985.jpg,0.9877786261501148,98.77786261501149
20250212/dataset/input/7289046631164436481.jpg,20250212/dataset/output/7289046631164436481.jpg,0.896303682763428,89.6303682763428
20250212/dataset/input/7289188020166615040.jpg,20250212/dataset/output/7289188020166615040.jpg,0.013677623415768852,1.3677623415768851
20250213/dataset/input/7289275592377167872.jpg,20250213/dataset/output/7289275592377167872.jpg,0.9809190202423215,98.09190202423214
20250213/dataset/input/7289610175694041088.jpg,20250213/dataset/output/7289610175694041088.jpg,0.9814763494109945,98.14763494109945
20250213/dataset/input/7289527566041374721.jpg,20250213/dataset/output/7289527566041374721.jpg,0.9972377278934381,99.72377278934381
20250211/dataset/input/7288732700059394049.jpg,20250211/dataset/output/7288732700059394049.jpg,0.9285233884675732,92.85233884675732
20250211/dataset/input/7288811168960933888.jpg,20250211/dataset/output/7288811168960933888.jpg,0.15100594421582075,15.100594421582075
20250211/dataset/input/7288749572268027905.jpg,20250211/dataset/output/7288749572268027905.jpg,0.9435837626722616,94.35837626722616
20250212/dataset/input/7289049256295424001.jpg,20250212/dataset/output/7289049256295424001.jpg,0.9202961619580046,92.02961619580046
20250211/dataset/input/7288800472600698880.jpg,20250211/dataset/output/7288800472600698880.jpg,0.9878375771604938,98.78375771604938
20250212/dataset/input/7289194191208341505.jpg,20250212/dataset/output/7289194191208341505.jpg,0.9566551098983254,95.66551098983254
20250213/dataset/input/7289475240572248064.jpg,20250213/dataset/output/7289475240572248064.jpg,0.9722877906976745,97.22877906976744
20250212/dataset/input/7289122822667919361.jpg,20250212/dataset/output/7289122822667919361.jpg,0.9664242424242424,96.64242424242424
20250213/dataset/input/7289601104693714945.jpg,20250213/dataset/output/7289601104693714945.jpg,0.9628042990331491,96.28042990331491
20250211/dataset/input/7288868294056013825.jpg,20250211/dataset/output/7288868294056013825.jpg,0.4825967573221757,48.25967573221757
20250212/dataset/input/7289144746525614081.jpg,20250212/dataset/output/7289144746525614081.jpg,0.9939333087240064,99.39333087240064
20250213/dataset/input/7289574424373686273.jpg,20250213/dataset/output/7289574424373686273.jpg,0.9833593738149052,98.33593738149052
20250213/dataset/input/7289620160058552321.jpg,20250213/dataset/output/7289620160058552321.jpg,0.9070826322636911,90.70826322636911
20250213/dataset/input/7289580929923702785.jpg,20250213/dataset/output/7289580929923702785.jpg,0.509990253411306,50.9990253411306
20250213/dataset/input/7289589588582002688.jpg,20250213/dataset/output/7289589588582002688.jpg,0.9849565294053819,98.49565294053819
20250211/dataset/input/7288816573560713216.jpg,20250211/dataset/output/7288816573560713216.jpg,0.8912648325319165,89.12648325319165
20250212/dataset/input/7289169520073138177.jpg,20250212/dataset/output/7289169520073138177.jpg,0.9866439120865099,98.664391208651
20250212/dataset/input/7289132748526084096.jpg,20250212/dataset/output/7289132748526084096.jpg,0.9888683246577984,98.88683246577983
20250212/dataset/input/7289031186806009857.jpg,20250212/dataset/output/7289031186806009857.jpg,0.9704854139101543,97.04854139101543
20250212/dataset/input/7289234953476268032.jpg,20250212/dataset/output/7289234953476268032.jpg,0.8826942805847653,88.26942805847654
20250213/dataset/input/7289516316733534208.jpg,20250213/dataset/output/7289516316733534208.jpg,0.894289203084833,89.4289203084833
20250211/dataset/input/7288644022381338624.jpg,20250211/dataset/output/7288644022381338624.jpg,0.9369092755585646,93.69092755585646
20250211/dataset/input/7288897795364249600.jpg,20250211/dataset/output/7288897795364249600.jpg,0.8981861111111111,89.81861111111111
20250212/dataset/input/7289129657084960768.jpg,20250212/dataset/output/7289129657084960768.jpg,0.9922337489292853,99.22337489292853
20250211/dataset/input/7288905076545970177.jpg,20250211/dataset/output/7288905076545970177.jpg,0.9514636723009815,95.14636723009815
20250211/dataset/input/7288830928339623936.jpg,20250211/dataset/output/7288830928339623936.jpg,0.9383347522637876,93.83347522637877
20250213/dataset/input/7289606091217891329.jpg,20250213/dataset/output/7289606091217891329.jpg,0.7799505685675492,77.99505685675491
20250212/dataset/input/7289235567899897857.jpg,20250212/dataset/output/7289235567899897857.jpg,0.9832834090250265,98.32834090250266
20250211/dataset/input/7288826971802365953.jpg,20250211/dataset/output/7288826971802365953.jpg,0.25890441624752325,25.890441624752324
20250213/dataset/input/7289530624217473025.jpg,20250213/dataset/output/7289530624217473025.jpg,0.9864404557719829,98.6440455771983
20250212/dataset/input/7289178500086427648.jpg,20250212/dataset/output/7289178500086427648.jpg,0.9797200897822954,97.97200897822954
20250212/dataset/input/7289134242780438528.jpg,20250212/dataset/output/7289134242780438528.jpg,0.9838273862166196,98.38273862166196
20250213/dataset/input/7289406231684378624.jpg,20250213/dataset/output/7289406231684378624.jpg,0.9354166666666667,93.54166666666667
20250213/dataset/input/7289598462294814721.jpg,20250213/dataset/output/7289598462294814721.jpg,0.9876859980618173,98.76859980618174
20250211/dataset/input/7288839359951859713.jpg,20250211/dataset/output/7288839359951859713.jpg,0.9607454174138275,96.07454174138275
20250212/dataset/input/7289134426516156417.jpg,20250212/dataset/output/7289134426516156417.jpg,0.9903188130201547,99.03188130201546
20250212/dataset/input/7289249806987358209.jpg,20250212/dataset/output/7289249806987358209.jpg,0.8023065476190476,80.23065476190476
20250212/dataset/input/7289106200993525761.jpg,20250212/dataset/output/7289106200993525761.jpg,0.9798424809254246,97.98424809254246
20250212/dataset/input/7289110303765192704.jpg,20250212/dataset/output/7289110303765192704.jpg,0.9866079433387126,98.66079433387127
20250212/dataset/input/7289244377691480064.jpg,20250212/dataset/output/7289244377691480064.jpg,0.9794342617982393,97.94342617982393
20250213/dataset/input/7289581092503351296.jpg,20250213/dataset/output/7289581092503351296.jpg,0.38123022151898733,38.12302215189873
20250212/dataset/input/7289069981676888065.jpg,20250212/dataset/output/7289069981676888065.jpg,0.04792229369535859,4.792229369535859
20250211/dataset/input/7288882098546470913.jpg,20250211/dataset/output/7288882098546470913.jpg,0.9212620292630235,92.12620292630234
20250212/dataset/input/7289108281426993153.jpg,20250212/dataset/output/7289108281426993153.jpg,0.952643882459767,95.2643882459767
20250212/dataset/input/7289175125647187968.jpg,20250212/dataset/output/7289175125647187968.jpg,0.9789080245905366,97.89080245905366
20250212/dataset/input/7289126161140965376.jpg,20250212/dataset/output/7289126161140965376.jpg,0.9797310390502355,97.97310390502355
20250213/dataset/input/7289456843188924417.jpg,20250213/dataset/output/7289456843188924417.jpg,0.9906509646203155,99.06509646203155
20250211/dataset/input/7288854518980173824.jpg,20250211/dataset/output/7288854518980173824.jpg,0.6616321419192163,66.16321419192163
20250212/dataset/input/7289130906425552896.jpg,20250212/dataset/output/7289130906425552896.jpg,0.9955496555683123,99.55496555683123
20250211/dataset/input/7288725942301646848.jpg,20250211/dataset/output/7288725942301646848.jpg,0.9229050882292136,92.29050882292135
20250211/dataset/input/7288734802194264065.jpg,20250211/dataset/output/7288734802194264065.jpg,0.9032810865585774,90.32810865585775
20250212/dataset/input/7288915091826733056.jpg,20250212/dataset/output/7288915091826733056.jpg,0.9935606498612396,99.35606498612395
20250212/dataset/input/7289239881439571968.jpg,20250212/dataset/output/7289239881439571968.jpg,0.9612012769221773,96.12012769221772
20250211/dataset/input/7288844795316822016.jpg,20250211/dataset/output/7288844795316822016.jpg,0.013577657169705916,1.3577657169705917
20250211/dataset/input/7288906758537371649.jpg,20250211/dataset/output/7288906758537371649.jpg,0.9893477913099121,98.93477913099122
20250212/dataset/input/7289191973512081408.jpg,20250212/dataset/output/7289191973512081408.jpg,0.9642752540713415,96.42752540713415
20250212/dataset/input/7289245529183154176.jpg,20250212/dataset/output/7289245529183154176.jpg,0.9558126126343688,95.58126126343687
20250212/dataset/input/7289102833823051776.jpg,20250212/dataset/output/7289102833823051776.jpg,0.9950786984005769,99.5078698400577
20250212/dataset/input/7289077674802176001.jpg,20250212/dataset/output/7289077674802176001.jpg,0.040304472512050764,4.030447251205076
20250211/dataset/input/7288901144859926528.jpg,20250211/dataset/output/7288901144859926528.jpg,0.9807903333333333,98.07903333333333
20250212/dataset/input/7289105228892233728.jpg,20250212/dataset/output/7289105228892233728.jpg,0.9835911536162583,98.35911536162583
20250213/dataset/input/7289520223639629825.jpg,20250213/dataset/output/7289520223639629825.jpg,0.07559816465488318,7.559816465488319
20250212/dataset/input/7289239672760365057.jpg,20250212/dataset/output/7289239672760365057.jpg,0.9452763310185185,94.52763310185185
20250213/dataset/input/7289439303024832512.jpg,20250213/dataset/output/7289439303024832512.jpg,0.9713052305999108,97.13052305999108
20250211/dataset/input/7288744831957921792.jpg,20250211/dataset/output/7288744831957921792.jpg,0.14160582355497608,14.160582355497608
20250211/dataset/input/7288556950916194304.jpg,20250211/dataset/output/7288556950916194304.jpg,0.9937498850659262,99.37498850659262
20250213/dataset/input/7289528287210004480.jpg,20250213/dataset/output/7289528287210004480.jpg,0.7469427001898009,74.69427001898009
20250212/dataset/input/7289191435584167937.jpg,20250212/dataset/output/7289191435584167937.jpg,0.9219295634920635,92.19295634920634
20250211/dataset/input/7288824974344777728.jpg,20250211/dataset/output/7288824974344777728.jpg,0.9890561186306583,98.90561186306583
20250212/dataset/input/7289101042007994368.jpg,20250212/dataset/output/7289101042007994368.jpg,0.9906483290075723,99.06483290075722
20250211/dataset/input/7288681872871190528.jpg,20250211/dataset/output/7288681872871190528.jpg,0.9889527224824356,98.89527224824356
20250212/dataset/input/7289166178072682497.jpg,20250212/dataset/output/7289166178072682497.jpg,0.9848333495760647,98.48333495760647
20250212/dataset/input/7289169601878843392.jpg,20250212/dataset/output/7289169601878843392.jpg,0.9940750727311432,99.40750727311432
20250211/dataset/input/7288852251904335873.jpg,20250211/dataset/output/7288852251904335873.jpg,0.9659794560185185,96.59794560185185
20250213/dataset/input/7289610056466755585.jpg,20250213/dataset/output/7289610056466755585.jpg,0.9790805599276736,97.90805599276736
20250211/dataset/input/7288868550843850753.jpg,20250211/dataset/output/7288868550843850753.jpg,0.5020560930962343,50.20560930962343
20250212/dataset/input/7288914764662595585.jpg,20250212/dataset/output/7288914764662595585.jpg,0.9728468007193563,97.28468007193563
20250211/dataset/input/7288885249160798208.jpg,20250211/dataset/output/7288885249160798208.jpg,0.9851942903109302,98.51942903109303
20250213/dataset/input/7289590347042152449.jpg,20250213/dataset/output/7289590347042152449.jpg,0.9862543502249385,98.62543502249385
20250211/dataset/input/7288715657880821760.jpg,20250211/dataset/output/7288715657880821760.jpg,0.0754144265232975,7.541442652329749
20250212/dataset/input/7289087940621262849.jpg,20250212/dataset/output/7289087940621262849.jpg,0.4936141304347826,49.36141304347826
20250211/dataset/input/7288815208281206785.jpg,20250211/dataset/output/7288815208281206785.jpg,0.9268504393786391,92.68504393786391
20250211/dataset/input/7288718948375224321.jpg,20250211/dataset/output/7288718948375224321.jpg,0.9889272030651342,98.89272030651341
20250212/dataset/input/7289248278100635648.jpg,20250212/dataset/output/7289248278100635648.jpg,0.935380680554526,93.5380680554526
20250211/dataset/input/7288898209631461377.jpg,20250211/dataset/output/7288898209631461377.jpg,0.9316692307692308,93.16692307692308
20250212/dataset/input/7289110091504087041.jpg,20250212/dataset/output/7289110091504087041.jpg,0.9934553423359394,99.34553423359394
20250212/dataset/input/7289211766235525121.jpg,20250212/dataset/output/7289211766235525121.jpg,0.9797755805875348,97.97755805875347
20250212/dataset/input/7289104818504753153.jpg,20250212/dataset/output/7289104818504753153.jpg,0.9867354625914581,98.67354625914581
20250211/dataset/input/7288832896441315328.jpg,20250211/dataset/output/7288832896441315328.jpg,0.9674262367491167,96.74262367491167
20250211/dataset/input/7288869779531653120.jpg,20250211/dataset/output/7288869779531653120.jpg,0.7122548378661088,71.22548378661088
20250212/dataset/input/7289243382588698625.jpg,20250212/dataset/output/7289243382588698625.jpg,0.9572804739890087,95.72804739890087
20250213/dataset/input/7289519985424134144.jpg,20250213/dataset/output/7289519985424134144.jpg,0.018682665745856353,1.8682665745856353
20250212/dataset/input/7289232535527120897.jpg,20250212/dataset/output/7289232535527120897.jpg,0.971005410038031,97.1005410038031
20250212/dataset/input/7289098066967195648.jpg,20250212/dataset/output/7289098066967195648.jpg,0.5186061715481172,51.86061715481172
20250213/dataset/input/7289573094649257984.jpg,20250213/dataset/output/7289573094649257984.jpg,0.928384805532088,92.8384805532088
20250211/dataset/input/7288695994966892544.jpg,20250211/dataset/output/7288695994966892544.jpg,0.9797873003667952,97.97873003667952
20250211/dataset/input/7288884602478813185.jpg,20250211/dataset/output/7288884602478813185.jpg,0.9895337729569826,98.95337729569826
20250213/dataset/input/7289609194189119489.jpg,20250213/dataset/output/7289609194189119489.jpg,0.9972723839985784,99.72723839985784
20250212/dataset/input/7289129847351173121.jpg,20250212/dataset/output/7289129847351173121.jpg,0.11488632750397457,11.488632750397457
20250213/dataset/input/7289444026431856641.jpg,20250213/dataset/output/7289444026431856641.jpg,0.9878428819444445,98.78428819444444
20250212/dataset/input/7289044204273070081.jpg,20250212/dataset/output/7289044204273070081.jpg,0.48086686084494773,48.08668608449477
20250211/dataset/input/7288729887287828480.jpg,20250211/dataset/output/7288729887287828480.jpg,0.9072641540271966,90.72641540271967
20250211/dataset/input/7288686533942505473.jpg,20250211/dataset/output/7288686533942505473.jpg,0.5400956748188406,54.009567481884055
20250213/dataset/input/7289622449997541376.jpg,20250213/dataset/output/7289622449997541376.jpg,0.9443236695811316,94.43236695811315
20250213/dataset/input/7289599377345146881.jpg,20250213/dataset/output/7289599377345146881.jpg,0.49496701388888886,49.49670138888889
20250213/dataset/input/7289477233013448704.jpg,20250213/dataset/output/7289477233013448704.jpg,0.9540466698821619,95.40466698821619
20250213/dataset/input/7289577183609118720.jpg,20250213/dataset/output/7289577183609118720.jpg,0.93705330990041,93.705330990041
20250212/dataset/input/7289092735943897088.jpg,20250212/dataset/output/7289092735943897088.jpg,0.9839259056790227,98.39259056790227
20250212/dataset/input/7289232455965368321.jpg,20250212/dataset/output/7289232455965368321.jpg,0.9714961253744646,97.14961253744646
20250213/dataset/input/7289603725148090369.jpg,20250213/dataset/output/7289603725148090369.jpg,0.990130608974359,99.0130608974359
20250213/dataset/input/7289557010172932097.jpg,20250213/dataset/output/7289557010172932097.jpg,0.9706789885071676,97.06789885071676
20250212/dataset/input/7289135812968472577.jpg,20250212/dataset/output/7289135812968472577.jpg,0.9833616778305101,98.33616778305101
20250211/dataset/input/7288814916923842561.jpg,20250211/dataset/output/7288814916923842561.jpg,0.9722843333333333,97.22843333333333
20250212/dataset/input/7289082675075244032.jpg,20250212/dataset/output/7289082675075244032.jpg,0.9953835626231986,99.53835626231987
20250211/dataset/input/7288831244225277952.jpg,20250211/dataset/output/7288831244225277952.jpg,0.9816734479902477,98.16734479902478
20250211/dataset/input/7288819222641139713.jpg,20250211/dataset/output/7288819222641139713.jpg,0.9489935520044855,94.89935520044855
20250213/dataset/input/7289455417729507328.jpg,20250213/dataset/output/7289455417729507328.jpg,0.9840619489858008,98.40619489858008
20250212/dataset/input/7289237326944821249.jpg,20250212/dataset/output/7289237326944821249.jpg,0.9552771641072365,95.52771641072366
20250211/dataset/input/7288896452717207553.jpg,20250211/dataset/output/7288896452717207553.jpg,0.9476537055500166,94.76537055500167
20250212/dataset/input/7289075482921820160.jpg,20250212/dataset/output/7289075482921820160.jpg,0.9849054439800183,98.49054439800183
20250212/dataset/input/7289250461709824001.jpg,20250212/dataset/output/7289250461709824001.jpg,0.9401159413896792,94.01159413896792
20250212/dataset/input/7289093400049020929.jpg,20250212/dataset/output/7289093400049020929.jpg,0.8800935026967085,88.00935026967085
20250212/dataset/input/7289108203257786368.jpg,20250212/dataset/output/7289108203257786368.jpg,0.9302077526132404,93.02077526132405
20250213/dataset/input/7289593848166113280.jpg,20250213/dataset/output/7289593848166113280.jpg,0.9218655595096876,92.18655595096877
20250211/dataset/input/7288693189099188224.jpg,20250211/dataset/output/7288693189099188224.jpg,0.22666175507531106,22.666175507531104
20250211/dataset/input/7288825818561703937.jpg,20250211/dataset/output/7288825818561703937.jpg,0.07939433775339125,7.939433775339125
20250213/dataset/input/7289602339782025217.jpg,20250213/dataset/output/7289602339782025217.jpg,0.7260960820895522,72.60960820895522
20250212/dataset/input/7289243669382623232.jpg,20250212/dataset/output/7289243669382623232.jpg,0.8963645804437047,89.63645804437047
20250213/dataset/input/7289494588808519681.jpg,20250213/dataset/output/7289494588808519681.jpg,0.8022017295118464,80.22017295118464
20250212/dataset/input/7289177040967720960.jpg,20250212/dataset/output/7289177040967720960.jpg,0.9826369144148888,98.26369144148887
20250211/dataset/input/7288553154186113025.jpg,20250211/dataset/output/7288553154186113025.jpg,0.9923663978646216,99.23663978646215
20250212/dataset/input/7289217717306941440.jpg,20250212/dataset/output/7289217717306941440.jpg,0.9612314528057687,96.12314528057688
20250212/dataset/input/7289085109109547009.jpg,20250212/dataset/output/7289085109109547009.jpg,0.9692103681909537,96.92103681909538
20250212/dataset/input/7289234657719115776.jpg,20250212/dataset/output/7289234657719115776.jpg,0.9957943813508667,99.57943813508668
20250212/dataset/input/7289236055454183425.jpg,20250212/dataset/output/7289236055454183425.jpg,0.9755843148838755,97.55843148838755
20250213/dataset/input/7289530210189336576.jpg,20250213/dataset/output/7289530210189336576.jpg,0.41003172189597314,41.003172189597315
20250213/dataset/input/7289608544512401409.jpg,20250213/dataset/output/7289608544512401409.jpg,0.9753231355774595,97.53231355774595
20250213/dataset/input/7289454457900822528.jpg,20250213/dataset/output/7289454457900822528.jpg,0.9872328803007889,98.72328803007889
20250213/dataset/input/7289590751519858688.jpg,20250213/dataset/output/7289590751519858688.jpg,0.9829946469364792,98.29946469364792
20250213/dataset/input/7289593709179461633.jpg,20250213/dataset/output/7289593709179461633.jpg,0.9327723132969035,93.27723132969035
20250211/dataset/input/7288887611854221313.jpg,20250211/dataset/output/7288887611854221313.jpg,0.9369978638253742,93.69978638253743
20250213/dataset/input/7289563884465221633.jpg,20250213/dataset/output/7289563884465221633.jpg,0.03128062681795551,3.1280626817955506
20250211/dataset/input/7288878662660714496.jpg,20250211/dataset/output/7288878662660714496.jpg,0.9926702133562689,99.2670213356269
20250212/dataset/input/7289231702454460417.jpg,20250212/dataset/output/7289231702454460417.jpg,0.9761558243140457,97.61558243140456
20250213/dataset/input/7289617276893982721.jpg,20250213/dataset/output/7289617276893982721.jpg,0.9664085300401024,96.64085300401024
20250213/dataset/input/7289531269775421441.jpg,20250213/dataset/output/7289531269775421441.jpg,0.9873240228398878,98.73240228398879
20250212/dataset/input/7289097725685067777.jpg,20250212/dataset/output/7289097725685067777.jpg,0.928750747160789,92.8750747160789
20250213/dataset/input/7289308947231563777.jpg,20250213/dataset/output/7289308947231563777.jpg,0.9760353533408804,97.60353533408804
20250211/dataset/input/7288870582157897728.jpg,20250211/dataset/output/7288870582157897728.jpg,0.9114355598613469,91.1435559861347
20250212/dataset/input/7289168141661265921.jpg,20250212/dataset/output/7289168141661265921.jpg,0.9118609485679089,91.18609485679089
20250212/dataset/input/7288932317883592704.jpg,20250212/dataset/output/7288932317883592704.jpg,0.9772681060101396,97.72681060101395
20250213/dataset/input/7289476848144113664.jpg,20250213/dataset/output/7289476848144113664.jpg,0.9442080763757116,94.42080763757116
20250213/dataset/input/7289579708143955969.jpg,20250213/dataset/output/7289579708143955969.jpg,0.8239503105590062,82.39503105590063
20250212/dataset/input/7289169477580681217.jpg,20250212/dataset/output/7289169477580681217.jpg,0.06188044853768279,6.188044853768279
20250211/dataset/input/7288831964206882817.jpg,20250211/dataset/output/7288831964206882817.jpg,0.06733688333945403,6.733688333945404
20250212/dataset/input/7288919765933944832.jpg,20250212/dataset/output/7288919765933944832.jpg,0.11597628095247929,11.597628095247929
20250211/dataset/input/7288753086683738112.jpg,20250211/dataset/output/7288753086683738112.jpg,0.812028735857182,81.20287358571821
20250213/dataset/input/7289488764719620096.jpg,20250213/dataset/output/7289488764719620096.jpg,0.9135412695386962,91.35412695386962
20250211/dataset/input/7288778317544615937.jpg,20250211/dataset/output/7288778317544615937.jpg,0.9889827436194896,98.89827436194895
20250212/dataset/input/7289122698034212865.jpg,20250212/dataset/output/7289122698034212865.jpg,0.9750956666666667,97.50956666666667
20250212/dataset/input/7289089794738548737.jpg,20250212/dataset/output/7289089794738548737.jpg,0.9834945486720356,98.34945486720356
20250211/dataset/input/7288817444491161600.jpg,20250211/dataset/output/7288817444491161600.jpg,0.9677083639031548,96.77083639031548
20250213/dataset/input/7289590615347621889.jpg,20250213/dataset/output/7289590615347621889.jpg,0.9363034605146406,93.63034605146406
20250212/dataset/input/7289047397136621569.jpg,20250212/dataset/output/7289047397136621569.jpg,0.9621795418675084,96.21795418675084
20250212/dataset/input/7289160397373894657.jpg,20250212/dataset/output/7289160397373894657.jpg,0.9838084574972009,98.3808457497201
20250212/dataset/input/7289235976458661888.jpg,20250212/dataset/output/7289235976458661888.jpg,0.967377860235003,96.7377860235003
20250213/dataset/input/7289537417287102464.jpg,20250213/dataset/output/7289537417287102464.jpg,0.9650487071268206,96.50487071268205
20250213/dataset/input/7289608846372302849.jpg,20250213/dataset/output/7289608846372302849.jpg,0.9814476358815731,98.14476358815732
20250212/dataset/input/7289135412106293248.jpg,20250212/dataset/output/7289135412106293248.jpg,0.9859504370654588,98.59504370654588
20250212/dataset/input/7289169957253869569.jpg,20250212/dataset/output/7289169957253869569.jpg,0.9875361759598688,98.75361759598688
20250213/dataset/input/7289442355014332416.jpg,20250213/dataset/output/7289442355014332416.jpg,0.9748646755397058,97.48646755397058
20250211/dataset/input/7288748737375002624.jpg,20250211/dataset/output/7288748737375002624.jpg,0.9951512542806322,99.51512542806323
20250211/dataset/input/7288847861818613760.jpg,20250211/dataset/output/7288847861818613760.jpg,0.9685046865846514,96.85046865846513
20250213/dataset/input/7289464999424057344.jpg,20250213/dataset/output/7289464999424057344.jpg,0.03400963581410659,3.400963581410659
20250213/dataset/input/7289533522515091456.jpg,20250213/dataset/output/7289533522515091456.jpg,0.9657923828655536,96.57923828655535
20250212/dataset/input/7289238226199404544.jpg,20250212/dataset/output/7289238226199404544.jpg,0.9771780518515147,97.71780518515148
20250211/dataset/input/7288803139695697920.jpg,20250211/dataset/output/7288803139695697920.jpg,0.9526865291571174,95.26865291571174
20250211/dataset/input/7288869030605119489.jpg,20250211/dataset/output/7288869030605119489.jpg,0.9445555503393164,94.45555503393163
20250211/dataset/input/7288782848160456705.jpg,20250211/dataset/output/7288782848160456705.jpg,0.6296968993276716,62.96968993276716
20250212/dataset/input/7289100551060480001.jpg,20250212/dataset/output/7289100551060480001.jpg,0.7901488574187319,79.01488574187319
20250213/dataset/input/7289589856799354880.jpg,20250213/dataset/output/7289589856799354880.jpg,0.9524064847765915,95.24064847765915
20250212/dataset/input/7289141108717711361.jpg,20250212/dataset/output/7289141108717711361.jpg,0.9752765719086962,97.52765719086962
20250213/dataset/input/7289368258787995649.jpg,20250213/dataset/output/7289368258787995649.jpg,0.9584572294341062,95.84572294341062
20250212/dataset/input/7289244674245550080.jpg,20250212/dataset/output/7289244674245550080.jpg,0.9726485339506172,97.26485339506172
20250212/dataset/input/7289077808671813633.jpg,20250212/dataset/output/7289077808671813633.jpg,0.9760270117138117,97.60270117138117
20250212/dataset/input/7289061011566424065.jpg,20250212/dataset/output/7289061011566424065.jpg,0.9804174228675137,98.04174228675137
20250211/dataset/input/7288815945098784769.jpg,20250211/dataset/output/7288815945098784769.jpg,0.1752114197530864,17.52114197530864
20250212/dataset/input/7289235117310013440.jpg,20250212/dataset/output/7289235117310013440.jpg,0.9707096472095917,97.07096472095917
20250211/dataset/input/7288724201690689536.jpg,20250211/dataset/output/7288724201690689536.jpg,0.8993066571489001,89.93066571489001
20250213/dataset/input/7289476543398604800.jpg,20250213/dataset/output/7289476543398604800.jpg,0.543314453125,54.3314453125
20250211/dataset/input/7288809387656765440.jpg,20250211/dataset/output/7288809387656765440.jpg,0.23119808337143727,23.119808337143727
20250213/dataset/input/7289459676080566273.jpg,20250213/dataset/output/7289459676080566273.jpg,0.9225967160397583,92.25967160397583
20250211/dataset/input/7288863940154552321.jpg,20250211/dataset/output/7288863940154552321.jpg,0.9377745627572016,93.77745627572016
20250212/dataset/input/7289236816871317505.jpg,20250212/dataset/output/7289236816871317505.jpg,0.9890782426536187,98.90782426536187
20250211/dataset/input/7288692700362072064.jpg,20250211/dataset/output/7288692700362072064.jpg,0.17528105217201484,17.528105217201485
20250213/dataset/input/7289516798268956673.jpg,20250213/dataset/output/7289516798268956673.jpg,0.06128314549367181,6.128314549367181
20250212/dataset/input/7289225700778729473.jpg,20250212/dataset/output/7289225700778729473.jpg,0.9806893287987679,98.0689328798768
20250213/dataset/input/7289588542631600128.jpg,20250213/dataset/output/7289588542631600128.jpg,0.9906233980748419,99.0623398074842
20250211/dataset/input/7288818818830327809.jpg,20250211/dataset/output/7288818818830327809.jpg,0.9818697656873879,98.1869765687388
20250211/dataset/input/7288894001851199488.jpg,20250211/dataset/output/7288894001851199488.jpg,0.47228037454323996,47.228037454323996
20250211/dataset/input/7288895902734938113.jpg,20250211/dataset/output/7288895902734938113.jpg,0.95768499942914,95.768499942914
20250211/dataset/input/7288699356076597249.jpg,20250211/dataset/output/7288699356076597249.jpg,0.9955348431746708,99.55348431746708
20250213/dataset/input/7289477128982163456.jpg,20250213/dataset/output/7289477128982163456.jpg,0.9192127533736918,91.92127533736918
20250211/dataset/input/7288698112218034177.jpg,20250211/dataset/output/7288698112218034177.jpg,0.9896030359327346,98.96030359327345
20250211/dataset/input/7288697761859395585.jpg,20250211/dataset/output/7288697761859395585.jpg,0.9161195146276596,91.61195146276596
20250213/dataset/input/7289436078552969217.jpg,20250213/dataset/output/7289436078552969217.jpg,0.4336820083682008,43.36820083682008
20250212/dataset/input/7289228340891807745.jpg,20250212/dataset/output/7289228340891807745.jpg,0.8986827051476864,89.86827051476864
20250212/dataset/input/7289129465908621312.jpg,20250212/dataset/output/7289129465908621312.jpg,0.9200178921359803,92.00178921359803
20250212/dataset/input/7289133316615237632.jpg,20250212/dataset/output/7289133316615237632.jpg,0.954368778280543,95.4368778280543
20250212/dataset/input/7289166313804591104.jpg,20250212/dataset/output/7289166313804591104.jpg,0.9701991511589945,97.01991511589945
20250211/dataset/input/7288886553245446145.jpg,20250211/dataset/output/7288886553245446145.jpg,0.9567884896740848,95.67884896740848
20250211/dataset/input/7288729551630299136.jpg,20250211/dataset/output/7288729551630299136.jpg,0.9115021901150627,91.15021901150627
20250213/dataset/input/7289620991742861312.jpg,20250213/dataset/output/7289620991742861312.jpg,0.9597209720972097,95.97209720972097
20250213/dataset/input/7289406145923444737.jpg,20250213/dataset/output/7289406145923444737.jpg,0.9297596808141944,92.97596808141944
20250213/dataset/input/7289578484610953217.jpg,20250213/dataset/output/7289578484610953217.jpg,0.9864544753086419,98.64544753086419
20250212/dataset/input/7289164881709821953.jpg,20250212/dataset/output/7289164881709821953.jpg,0.9559225665883274,95.59225665883274
20250213/dataset/input/7289480861820448768.jpg,20250213/dataset/output/7289480861820448768.jpg,0.5910501860527889,59.10501860527889
20250212/dataset/input/7289205869371219969.jpg,20250212/dataset/output/7289205869371219969.jpg,0.9883174578667816,98.83174578667816
20250211/dataset/input/7288698886109065216.jpg,20250211/dataset/output/7288698886109065216.jpg,0.9953405573431244,99.53405573431245
20250212/dataset/input/7289129187201314817.jpg,20250212/dataset/output/7289129187201314817.jpg,0.12199553598359172,12.199553598359172
20250212/dataset/input/7289208178117468160.jpg,20250212/dataset/output/7289208178117468160.jpg,0.932815469868068,93.2815469868068
20250212/dataset/input/7289251524122796032.jpg,20250212/dataset/output/7289251524122796032.jpg,0.9743720098050807,97.43720098050807
20250212/dataset/input/7289165393951744000.jpg,20250212/dataset/output/7289165393951744000.jpg,0.8106859034156142,81.06859034156142
20250212/dataset/input/7289033344020443137.jpg,20250212/dataset/output/7289033344020443137.jpg,0.9852530335474661,98.52530335474661
20250213/dataset/input/7289582056819978240.jpg,20250213/dataset/output/7289582056819978240.jpg,0.9761423672675889,97.61423672675889
20250213/dataset/input/7289435654512992257.jpg,20250213/dataset/output/7289435654512992257.jpg,0.978646220504216,97.8646220504216
20250212/dataset/input/7289225733607583745.jpg,20250212/dataset/output/7289225733607583745.jpg,0.9504628781867382,95.04628781867382
20250212/dataset/input/7289068544070840321.jpg,20250212/dataset/output/7289068544070840321.jpg,0.04304183318531676,4.304183318531676
20250212/dataset/input/7289125964092563456.jpg,20250212/dataset/output/7289125964092563456.jpg,0.9609680374592834,96.09680374592834
20250212/dataset/input/7289090647331500032.jpg,20250212/dataset/output/7289090647331500032.jpg,0.9861382302804897,98.61382302804897
20250211/dataset/input/7288749057194876929.jpg,20250211/dataset/output/7288749057194876929.jpg,0.9489744358564322,94.89744358564322
20250212/dataset/input/7289055767725891585.jpg,20250212/dataset/output/7289055767725891585.jpg,0.906108849789916,90.6108849789916
20250211/dataset/input/7288891353412427776.jpg,20250211/dataset/output/7288891353412427776.jpg,0.9819379480678441,98.19379480678441
20250211/dataset/input/7288861045975740417.jpg,20250211/dataset/output/7288861045975740417.jpg,0.9512368266978922,95.12368266978922
20250212/dataset/input/7289133540620431361.jpg,20250212/dataset/output/7289133540620431361.jpg,0.9199711855104281,91.99711855104282
20250213/dataset/input/7289606851875893249.jpg,20250213/dataset/output/7289606851875893249.jpg,0.9789992390839822,97.89992390839822
20250213/dataset/input/7289609905236893696.jpg,20250213/dataset/output/7289609905236893696.jpg,0.9779637713505168,97.79637713505169
20250213/dataset/input/7289376916380905472.jpg,20250213/dataset/output/7289376916380905472.jpg,0.9618713343108505,96.18713343108504
20250213/dataset/input/7289454901964369920.jpg,20250213/dataset/output/7289454901964369920.jpg,0.9859227841469428,98.59227841469428
20250211/dataset/input/7288721097410764800.jpg,20250211/dataset/output/7288721097410764800.jpg,0.020724706491712708,2.0724706491712706
20250211/dataset/input/7288888371404926976.jpg,20250211/dataset/output/7288888371404926976.jpg,0.9665846949606087,96.65846949606087
20250212/dataset/input/7289244562140229633.jpg,20250212/dataset/output/7289244562140229633.jpg,0.941269223476343,94.1269223476343
20250213/dataset/input/7289539034572976129.jpg,20250213/dataset/output/7289539034572976129.jpg,0.010480328495034377,1.0480328495034377
20250211/dataset/input/7288831967449116673.jpg,20250211/dataset/output/7288831967449116673.jpg,0.940122015034907,94.0122015034907
20250212/dataset/input/7289229336355336192.jpg,20250212/dataset/output/7289229336355336192.jpg,0.9672598469948289,96.7259846994829
20250212/dataset/input/7289226127716933633.jpg,20250212/dataset/output/7289226127716933633.jpg,0.949554550771783,94.9554550771783
20250211/dataset/input/7288836444843433985.jpg,20250211/dataset/output/7288836444843433985.jpg,0.973500942575406,97.3500942575406
20250213/dataset/input/7289579388340822016.jpg,20250213/dataset/output/7289579388340822016.jpg,0.5421649766817411,54.216497668174114
20250212/dataset/input/7289240250144059393.jpg,20250212/dataset/output/7289240250144059393.jpg,0.9369062258873457,93.69062258873457
20250213/dataset/input/7289470189787213825.jpg,20250213/dataset/output/7289470189787213825.jpg,0.9941584997534517,99.41584997534517
20250213/dataset/input/7289566042937909249.jpg,20250213/dataset/output/7289566042937909249.jpg,0.956286279161724,95.6286279161724
20250211/dataset/input/7288806989919969281.jpg,20250211/dataset/output/7288806989919969281.jpg,0.9917172862997659,99.17172862997658
20250213/dataset/input/7289607370845515776.jpg,20250213/dataset/output/7289607370845515776.jpg,0.5181160749217527,51.81160749217527
20250213/dataset/input/7289517855111929856.jpg,20250213/dataset/output/7289517855111929856.jpg,0.055006059544147064,5.500605954414707
20250211/dataset/input/7288868092448403457.jpg,20250211/dataset/output/7288868092448403457.jpg,0.9504471702137213,95.04471702137212
20250212/dataset/input/7289144590761783297.jpg,20250212/dataset/output/7289144590761783297.jpg,0.6394306571644803,63.94306571644803
20250211/dataset/input/7288872187297030144.jpg,20250211/dataset/output/7288872187297030144.jpg,0.9719883291311863,97.19883291311862
20250213/dataset/input/7289562756642041857.jpg,20250213/dataset/output/7289562756642041857.jpg,0.6318678085774059,63.18678085774059
20250212/dataset/input/7289178940760940545.jpg,20250212/dataset/output/7289178940760940545.jpg,0.9677457501207445,96.77457501207445
20250213/dataset/input/7289558038112919552.jpg,20250213/dataset/output/7289558038112919552.jpg,0.07808103751465416,7.808103751465416
20250212/dataset/input/7289245102026809344.jpg,20250212/dataset/output/7289245102026809344.jpg,0.9876314162028448,98.76314162028447
20250212/dataset/input/7289188242468958208.jpg,20250212/dataset/output/7289188242468958208.jpg,0.9756261022927689,97.56261022927688
20250213/dataset/input/7289513261615046656.jpg,20250213/dataset/output/7289513261615046656.jpg,0.8232814200955246,82.32814200955247
20250212/dataset/input/7289173318048964608.jpg,20250212/dataset/output/7289173318048964608.jpg,0.9628398589595762,96.28398589595763
20250213/dataset/input/7289593088569307136.jpg,20250213/dataset/output/7289593088569307136.jpg,0.9183820470717022,91.83820470717022
20250212/dataset/input/7289150940774461440.jpg,20250212/dataset/output/7289150940774461440.jpg,0.9902002196502492,99.02002196502492
20250211/dataset/input/7288833024778592257.jpg,20250211/dataset/output/7288833024778592257.jpg,0.9595149474181732,95.95149474181733
20250212/dataset/input/7289106489662267392.jpg,20250212/dataset/output/7289106489662267392.jpg,0.9586935974233166,95.86935974233167
20250211/dataset/input/7288889894805463041.jpg,20250211/dataset/output/7288889894805463041.jpg,0.9866644778552668,98.66644778552669
20250212/dataset/input/7289236505574268928.jpg,20250212/dataset/output/7289236505574268928.jpg,0.8944868728996934,89.44868728996934
20250211/dataset/input/7288710704613355521.jpg,20250211/dataset/output/7288710704613355521.jpg,0.9674411427563707,96.74411427563707
20250211/dataset/input/7288886454431801344.jpg,20250211/dataset/output/7288886454431801344.jpg,0.8824678663239075,88.24678663239075
20250211/dataset/input/7288831808958951424.jpg,20250211/dataset/output/7288831808958951424.jpg,0.9579149590163935,95.79149590163935
20250213/dataset/input/7289460856923906049.jpg,20250213/dataset/output/7289460856923906049.jpg,0.9814374537721894,98.14374537721893
20250213/dataset/input/7289594939414962176.jpg,20250213/dataset/output/7289594939414962176.jpg,0.9512210648148148,95.12210648148148
20250212/dataset/input/7289168255062663168.jpg,20250212/dataset/output/7289168255062663168.jpg,0.9858755358810509,98.5875535881051
20250211/dataset/input/7288692770075598849.jpg,20250211/dataset/output/7288692770075598849.jpg,0.17795377646802008,17.795377646802006
20250212/dataset/input/7289146688421294081.jpg,20250212/dataset/output/7289146688421294081.jpg,0.042493793192394914,4.249379319239491
20250212/dataset/input/7289091463601741824.jpg,20250212/dataset/output/7289091463601741824.jpg,0.9822433311973061,98.22433311973062
20250211/dataset/input/7288877594010775553.jpg,20250211/dataset/output/7288877594010775553.jpg,0.9486701253412225,94.86701253412225
20250213/dataset/input/7289602988615725057.jpg,20250213/dataset/output/7289602988615725057.jpg,0.9496120833056092,94.96120833056092
20250213/dataset/input/7289473444076384256.jpg,20250213/dataset/output/7289473444076384256.jpg,0.9441235167206041,94.41235167206041
20250211/dataset/input/7288697770650656768.jpg,20250211/dataset/output/7288697770650656768.jpg,0.1627619515389653,16.27619515389653
20250213/dataset/input/7289440722419212289.jpg,20250213/dataset/output/7289440722419212289.jpg,0.9938177675344403,99.38177675344403
20250212/dataset/input/7289069782334238720.jpg,20250212/dataset/output/7289069782334238720.jpg,0.03853792794036444,3.853792794036444
20250211/dataset/input/7288749244122460160.jpg,20250211/dataset/output/7288749244122460160.jpg,0.9689719340478783,96.89719340478783
20250212/dataset/input/7289239635582017536.jpg,20250212/dataset/output/7289239635582017536.jpg,0.9794386301062841,97.9438630106284
20250212/dataset/input/7289069370067709952.jpg,20250212/dataset/output/7289069370067709952.jpg,0.04236566468801767,4.236566468801767
20250213/dataset/input/7289533890691133441.jpg,20250213/dataset/output/7289533890691133441.jpg,0.9592739678767203,95.92739678767202
20250213/dataset/input/7289621841643106305.jpg,20250213/dataset/output/7289621841643106305.jpg,0.9298674254580205,92.98674254580204
20250212/dataset/input/7289166618315218944.jpg,20250212/dataset/output/7289166618315218944.jpg,0.9897838256181594,98.97838256181593
20250213/dataset/input/7289559560519442433.jpg,20250213/dataset/output/7289559560519442433.jpg,0.9461455134790167,94.61455134790167
20250212/dataset/input/7289228679082696704.jpg,20250212/dataset/output/7289228679082696704.jpg,0.9496014631336912,94.96014631336912
20250211/dataset/input/7288709364331864064.jpg,20250211/dataset/output/7288709364331864064.jpg,0.7376868167980163,73.76868167980163
20250213/dataset/input/7289527697595719680.jpg,20250213/dataset/output/7289527697595719680.jpg,0.9827619970797188,98.27619970797188
20250213/dataset/input/7289493864733237248.jpg,20250213/dataset/output/7289493864733237248.jpg,0.914516184931032,91.4516184931032
20250213/dataset/input/7289560746811219968.jpg,20250213/dataset/output/7289560746811219968.jpg,0.9862757236785927,98.62757236785927
20250211/dataset/input/7288877896642392065.jpg,20250211/dataset/output/7288877896642392065.jpg,0.9844106968345706,98.44106968345706
20250211/dataset/input/7288842730339328000.jpg,20250211/dataset/output/7288842730339328000.jpg,0.000619258530183727,0.0619258530183727
20250211/dataset/input/7288890473300684801.jpg,20250211/dataset/output/7288890473300684801.jpg,0.8928676628989215,89.28676628989216
20250211/dataset/input/7288670796918054912.jpg,20250211/dataset/output/7288670796918054912.jpg,0.9761606970224285,97.61606970224285
20250212/dataset/input/7289128967696609280.jpg,20250212/dataset/output/7289128967696609280.jpg,0.9086229349437739,90.86229349437738
20250213/dataset/input/7289602982173237248.jpg,20250213/dataset/output/7289602982173237248.jpg,0.9912679495137595,99.12679495137596
20250211/dataset/input/7288749320538447872.jpg,20250211/dataset/output/7288749320538447872.jpg,0.9496235506700798,94.96235506700798
20250211/dataset/input/7288815457280258048.jpg,20250211/dataset/output/7288815457280258048.jpg,0.9008695917761838,90.08695917761838
20250212/dataset/input/7289250197854547968.jpg,20250212/dataset/output/7289250197854547968.jpg,0.9237063929883016,92.37063929883016
20250211/dataset/input/7288764634382753793.jpg,20250211/dataset/output/7288764634382753793.jpg,0.9649705825617284,96.49705825617283
20250212/dataset/input/7289164880568934401.jpg,20250212/dataset/output/7289164880568934401.jpg,0.9873097679569819,98.73097679569818
20250213/dataset/input/7289444909848748032.jpg,20250213/dataset/output/7289444909848748032.jpg,0.7571324129488575,75.71324129488575
20250212/dataset/input/7289160614626258945.jpg,20250212/dataset/output/7289160614626258945.jpg,0.9890008393063108,98.90008393063108
20250213/dataset/input/7289467205984514048.jpg,20250213/dataset/output/7289467205984514048.jpg,0.9878056428747535,98.78056428747534
20250213/dataset/input/7289420060422107136.jpg,20250213/dataset/output/7289420060422107136.jpg,0.9293251366120219,92.9325136612022
20250211/dataset/input/7288840873474846721.jpg,20250211/dataset/output/7288840873474846721.jpg,0.9901212051029664,99.01212051029664
20250213/dataset/input/7289537276148772865.jpg,20250213/dataset/output/7289537276148772865.jpg,0.9559529335084583,95.59529335084584
20250213/dataset/input/7289560588929265664.jpg,20250213/dataset/output/7289560588929265664.jpg,0.4441994598765432,44.419945987654316
20250213/dataset/input/7289566959938592768.jpg,20250213/dataset/output/7289566959938592768.jpg,0.9539656395122732,95.39656395122732
20250211/dataset/input/7288830192998440961.jpg,20250211/dataset/output/7288830192998440961.jpg,0.9765722696957065,97.65722696957066
20250211/dataset/input/7288760554746830848.jpg,20250211/dataset/output/7288760554746830848.jpg,0.7800159682740226,78.00159682740227
20250212/dataset/input/7289233328229605377.jpg,20250212/dataset/output/7289233328229605377.jpg,0.9934357226968656,99.34357226968656
20250211/dataset/input/7288882077574914048.jpg,20250211/dataset/output/7288882077574914048.jpg,0.9638411053540588,96.38411053540588
20250211/dataset/input/7288708936248614913.jpg,20250211/dataset/output/7288708936248614913.jpg,0.9816830282783687,98.16830282783687
20250211/dataset/input/7288681315007750145.jpg,20250211/dataset/output/7288681315007750145.jpg,0.9706589545844044,97.06589545844044
20250212/dataset/input/7289235624573333504.jpg,20250212/dataset/output/7289235624573333504.jpg,0.2173546609221128,21.73546609221128
20250212/dataset/input/7289175829967335424.jpg,20250212/dataset/output/7289175829967335424.jpg,0.8257329084857951,82.5732908485795
20250212/dataset/input/7289123373824667649.jpg,20250212/dataset/output/7289123373824667649.jpg,0.9872286666666666,98.72286666666666
20250211/dataset/input/7288759640044662785.jpg,20250211/dataset/output/7288759640044662785.jpg,0.9539616824487999,95.39616824487999
20250211/dataset/input/7288820631776325633.jpg,20250211/dataset/output/7288820631776325633.jpg,0.9584086867578915,95.84086867578915
20250212/dataset/input/7289234324439756801.jpg,20250212/dataset/output/7289234324439756801.jpg,0.9466144788669976,94.66144788669976
20250212/dataset/input/7288912022812553217.jpg,20250212/dataset/output/7288912022812553217.jpg,0.9286036669897954,92.86036669897953
20250211/dataset/input/7288723788534968320.jpg,20250211/dataset/output/7288723788534968320.jpg,0.9683012781742671,96.83012781742671
20250212/dataset/input/7289243986648166401.jpg,20250212/dataset/output/7289243986648166401.jpg,0.9555241293286233,95.55241293286232
20250211/dataset/input/7288893481996541952.jpg,20250211/dataset/output/7288893481996541952.jpg,0.9683934310747149,96.83934310747149
20250212/dataset/input/7289210248761503744.jpg,20250212/dataset/output/7289210248761503744.jpg,0.1278149291266575,12.781492912665751
20250211/dataset/input/7288892183775567872.jpg,20250211/dataset/output/7288892183775567872.jpg,0.9705824253514098,97.05824253514098
20250211/dataset/input/7288841702801993728.jpg,20250211/dataset/output/7288841702801993728.jpg,0.48903634937238494,48.90363493723849
20250212/dataset/input/7289068614052765696.jpg,20250212/dataset/output/7289068614052765696.jpg,0.03236662638121547,3.236662638121547
20250212/dataset/input/7289215853219831809.jpg,20250212/dataset/output/7289215853219831809.jpg,0.9677063481934461,96.77063481934461
20250211/dataset/input/7288832254280753152.jpg,20250211/dataset/output/7288832254280753152.jpg,0.9792780143336062,97.92780143336061
20250212/dataset/input/7289240450715676673.jpg,20250212/dataset/output/7289240450715676673.jpg,0.8843243634259259,88.4324363425926
20250211/dataset/input/7288693063756570624.jpg,20250211/dataset/output/7288693063756570624.jpg,0.21178918358437024,21.178918358437024
20250212/dataset/input/7289235502225485825.jpg,20250212/dataset/output/7289235502225485825.jpg,0.9459691914544666,94.59691914544666
20250212/dataset/input/7289166767166873600.jpg,20250212/dataset/output/7289166767166873600.jpg,0.9883540221576613,98.83540221576614
20250212/dataset/input/7289172286149554176.jpg,20250212/dataset/output/7289172286149554176.jpg,0.9757691212078051,97.5769121207805
20250211/dataset/input/7288739963142729729.jpg,20250211/dataset/output/7288739963142729729.jpg,0.03042990331491713,3.042990331491713
20250213/dataset/input/7289606884343963649.jpg,20250213/dataset/output/7289606884343963649.jpg,0.958909273686856,95.8909273686856
20250213/dataset/input/7289484583204052993.jpg,20250213/dataset/output/7289484583204052993.jpg,0.9752008269057486,97.52008269057487
20250213/dataset/input/7289589455635148801.jpg,20250213/dataset/output/7289589455635148801.jpg,0.968719652036378,96.8719652036378
20250211/dataset/input/7288895000871497729.jpg,20250211/dataset/output/7288895000871497729.jpg,0.9422437103338646,94.22437103338646
20250212/dataset/input/7289201997512765441.jpg,20250212/dataset/output/7289201997512765441.jpg,0.9817775848765432,98.17775848765432
20250211/dataset/input/7288904163005624320.jpg,20250211/dataset/output/7288904163005624320.jpg,0.9392438398156826,93.92438398156825
20250213/dataset/input/7289605764196397056.jpg,20250213/dataset/output/7289605764196397056.jpg,1.0,100.0
20250212/dataset/input/7289164180002725889.jpg,20250212/dataset/output/7289164180002725889.jpg,0.9861260451233755,98.61260451233755
20250211/dataset/input/7288739025766080513.jpg,20250211/dataset/output/7288739025766080513.jpg,0.9930994791516791,99.30994791516791
20250212/dataset/input/7289169980314116097.jpg,20250212/dataset/output/7289169980314116097.jpg,0.8697501843657817,86.97501843657817
20250213/dataset/input/7289572330254131200.jpg,20250213/dataset/output/7289572330254131200.jpg,0.9866414604425514,98.66414604425515
20250211/dataset/input/7288869913388707841.jpg,20250211/dataset/output/7288869913388707841.jpg,0.9991253680638905,99.91253680638906
20250211/dataset/input/7288693726691483648.jpg,20250211/dataset/output/7288693726691483648.jpg,0.1903432656625191,19.03432656625191
20250211/dataset/input/7288697942961053696.jpg,20250211/dataset/output/7288697942961053696.jpg,0.9899114220804331,98.99114220804331
20250211/dataset/input/7288778525900824577.jpg,20250211/dataset/output/7288778525900824577.jpg,0.9917200533761692,99.17200533761692
20250211/dataset/input/7288755162084077569.jpg,20250211/dataset/output/7288755162084077569.jpg,0.9310024791456396,93.10024791456397
20250212/dataset/input/7289171349871849472.jpg,20250212/dataset/output/7289171349871849472.jpg,0.9816453487640053,98.16453487640054
20250212/dataset/input/7289174873456271361.jpg,20250212/dataset/output/7289174873456271361.jpg,0.9798540789458422,97.98540789458421
20250212/dataset/input/7289076737433952256.jpg,20250212/dataset/output/7289076737433952256.jpg,0.0016181655666579985,0.16181655666579986
20250211/dataset/input/7288725122743070721.jpg,20250211/dataset/output/7288725122743070721.jpg,0.8800326026290509,88.00326026290509
20250212/dataset/input/7289233632136290304.jpg,20250212/dataset/output/7289233632136290304.jpg,0.9825771632471008,98.25771632471007
20250211/dataset/input/7288878472528719873.jpg,20250211/dataset/output/7288878472528719873.jpg,0.9559365967365967,95.59365967365967
20250211/dataset/input/7288686299237605377.jpg,20250211/dataset/output/7288686299237605377.jpg,0.9850193004526736,98.50193004526736
20250212/dataset/input/7289084985310507008.jpg,20250212/dataset/output/7289084985310507008.jpg,0.9582851383271481,95.82851383271482
20250212/dataset/input/7289157224550690817.jpg,20250212/dataset/output/7289157224550690817.jpg,0.9937177835051546,99.37177835051546
20250213/dataset/input/7289579901144817665.jpg,20250213/dataset/output/7289579901144817665.jpg,0.6673888939174512,66.73888939174512
20250211/dataset/input/7288895070345949184.jpg,20250211/dataset/output/7288895070345949184.jpg,0.9514576581136573,95.14576581136573
20250213/dataset/input/7289598174175453184.jpg,20250213/dataset/output/7289598174175453184.jpg,0.9496733886911823,94.96733886911824
20250213/dataset/input/7289567472084082689.jpg,20250213/dataset/output/7289567472084082689.jpg,0.9615267880707311,96.15267880707312
20250211/dataset/input/7288893759814656001.jpg,20250211/dataset/output/7288893759814656001.jpg,0.4200882617955439,42.00882617955439
20250212/dataset/input/7289207138513084417.jpg,20250212/dataset/output/7289207138513084417.jpg,0.9872514045728981,98.72514045728981
20250211/dataset/input/7288760041812811776.jpg,20250211/dataset/output/7288760041812811776.jpg,0.497489539748954,49.7489539748954
20250213/dataset/input/7289528668333826048.jpg,20250213/dataset/output/7289528668333826048.jpg,0.9983499726243028,99.83499726243028
20250213/dataset/input/7289468668420841472.jpg,20250213/dataset/output/7289468668420841472.jpg,0.058272976018026716,5.827297601802671
20250213/dataset/input/7289616597970382848.jpg,20250213/dataset/output/7289616597970382848.jpg,0.9568187800223729,95.68187800223728
20250211/dataset/input/7288908092766482433.jpg,20250211/dataset/output/7288908092766482433.jpg,0.888130859375,88.8130859375
20250212/dataset/input/7289128769041788929.jpg,20250212/dataset/output/7289128769041788929.jpg,0.04069268953068592,4.069268953068592
20250213/dataset/input/7289530456139165697.jpg,20250213/dataset/output/7289530456139165697.jpg,0.9681069420576244,96.81069420576243
20250212/dataset/input/7288911779446452224.jpg,20250212/dataset/output/7288911779446452224.jpg,0.48347614247311826,48.347614247311824
20250212/dataset/input/7289215732600037377.jpg,20250212/dataset/output/7289215732600037377.jpg,0.9623966545002649,96.2396654500265
20250211/dataset/input/7288779257857241088.jpg,20250211/dataset/output/7288779257857241088.jpg,0.9909852770317886,99.09852770317886
20250211/dataset/input/7288729395174371329.jpg,20250211/dataset/output/7288729395174371329.jpg,0.9397681583420502,93.97681583420501
20250213/dataset/input/7289559297226240000.jpg,20250213/dataset/output/7289559297226240000.jpg,0.948812,94.88119999999999
20250212/dataset/input/7289193548607451137.jpg,20250212/dataset/output/7289193548607451137.jpg,0.0170822182139423,1.7082218213942302
20250212/dataset/input/7289145169668009984.jpg,20250212/dataset/output/7289145169668009984.jpg,0.7857795877659575,78.57795877659575
20250212/dataset/input/7289128682844610561.jpg,20250212/dataset/output/7289128682844610561.jpg,0.9912767675512835,99.12767675512835
20250213/dataset/input/7289610887144431616.jpg,20250213/dataset/output/7289610887144431616.jpg,0.9674032605085218,96.74032605085218
20250211/dataset/input/7288849177764716544.jpg,20250211/dataset/output/7288849177764716544.jpg,0.3801287918410042,38.01287918410042
20250211/dataset/input/7288808721618067457.jpg,20250211/dataset/output/7288808721618067457.jpg,0.969586599883856,96.95865998838559
20250213/dataset/input/7289419762370670593.jpg,20250213/dataset/output/7289419762370670593.jpg,0.9929292958091822,99.29292958091823
20250212/dataset/input/7289098277168934913.jpg,20250212/dataset/output/7289098277168934913.jpg,0.9628350673577725,96.28350673577725
20250213/dataset/input/7289434654150516737.jpg,20250213/dataset/output/7289434654150516737.jpg,0.8762610855102947,87.62610855102947
20250211/dataset/input/7288892921641758720.jpg,20250211/dataset/output/7288892921641758720.jpg,0.9761708135392734,97.61708135392733
20250212/dataset/input/7289252128773697536.jpg,20250212/dataset/output/7289252128773697536.jpg,0.9269219483568075,92.69219483568075
20250211/dataset/input/7288770234491625473.jpg,20250211/dataset/output/7288770234491625473.jpg,0.9501774911032028,95.01774911032028
20250211/dataset/input/7288825865764401152.jpg,20250211/dataset/output/7288825865764401152.jpg,0.24512031321444902,24.5120313214449
20250211/dataset/input/7288815582664744960.jpg,20250211/dataset/output/7288815582664744960.jpg,0.9105129940842335,91.05129940842335
20250212/dataset/input/7289165411764953089.jpg,20250212/dataset/output/7289165411764953089.jpg,0.9899888623927832,98.99888623927832
20250213/dataset/input/7289445227865108480.jpg,20250213/dataset/output/7289445227865108480.jpg,0.9907701668984701,99.07701668984701
20250213/dataset/input/7289603987996696576.jpg,20250213/dataset/output/7289603987996696576.jpg,0.9880645161290322,98.80645161290322
20250211/dataset/input/7288735223470157824.jpg,20250211/dataset/output/7288735223470157824.jpg,0.9489596953451883,94.89596953451883
20250211/dataset/input/7288765796276301824.jpg,20250211/dataset/output/7288765796276301824.jpg,0.9787524112654321,97.87524112654322
20250211/dataset/input/7288892691412217857.jpg,20250211/dataset/output/7288892691412217857.jpg,0.9772750549604975,97.72750549604974
20250211/dataset/input/7288693071683842049.jpg,20250211/dataset/output/7288693071683842049.jpg,0.034949499309392264,3.4949499309392262
20250213/dataset/input/7289609948153049088.jpg,20250213/dataset/output/7289609948153049088.jpg,0.9427095191659185,94.27095191659186
20250211/dataset/input/7288871120899432448.jpg,20250211/dataset/output/7288871120899432448.jpg,0.981925197379299,98.1925197379299
20250211/dataset/input/7288693987761741825.jpg,20250211/dataset/output/7288693987761741825.jpg,0.1704281270464964,17.04281270464964
20250211/dataset/input/7288738807238647808.jpg,20250211/dataset/output/7288738807238647808.jpg,0.8951723520992366,89.51723520992367
20250213/dataset/input/7289573194402390017.jpg,20250213/dataset/output/7289573194402390017.jpg,0.9122779996600952,91.22779996600951
20250211/dataset/input/7288845083541041152.jpg,20250211/dataset/output/7288845083541041152.jpg,0.9851683501683501,98.51683501683502
20250213/dataset/input/7289597393036664832.jpg,20250213/dataset/output/7289597393036664832.jpg,0.6459861984626135,64.59861984626136
20250213/dataset/input/7289462475505819649.jpg,20250213/dataset/output/7289462475505819649.jpg,0.9903346123027613,99.03346123027613
20250211/dataset/input/7288888668315475969.jpg,20250211/dataset/output/7288888668315475969.jpg,0.9956455668391758,99.56455668391759
20250211/dataset/input/7288839694502129665.jpg,20250211/dataset/output/7288839694502129665.jpg,0.8709348550352735,87.09348550352735
20250211/dataset/input/7288867081495310337.jpg,20250211/dataset/output/7288867081495310337.jpg,0.9788677506694731,97.88677506694731
20250212/dataset/input/7289097189753679873.jpg,20250212/dataset/output/7289097189753679873.jpg,0.9724556713143351,97.2455671314335
20250211/dataset/input/7288701650583183361.jpg,20250211/dataset/output/7288701650583183361.jpg,0.9635879088785047,96.35879088785046
20250213/dataset/input/7289554422337658881.jpg,20250213/dataset/output/7289554422337658881.jpg,0.019469414292175486,1.9469414292175486
20250211/dataset/input/7288560699076308993.jpg,20250211/dataset/output/7288560699076308993.jpg,0.992355423508223,99.2355423508223
20250213/dataset/input/7289442699597377537.jpg,20250213/dataset/output/7289442699597377537.jpg,0.5887388859832636,58.87388859832636
20250211/dataset/input/7288909467667685376.jpg,20250211/dataset/output/7288909467667685376.jpg,0.9098296874364548,90.98296874364547
20250211/dataset/input/7288681721863663616.jpg,20250211/dataset/output/7288681721863663616.jpg,0.982847262880562,98.2847262880562
20250211/dataset/input/7288868396770324480.jpg,20250211/dataset/output/7288868396770324480.jpg,0.8945056153302442,89.45056153302443
20250213/dataset/input/7289497963360968705.jpg,20250213/dataset/output/7289497963360968705.jpg,0.8951823352291737,89.51823352291737
20250211/dataset/input/7288890961442172929.jpg,20250211/dataset/output/7288890961442172929.jpg,0.8175741881298992,81.75741881298993
20250212/dataset/input/7289215805547372544.jpg,20250212/dataset/output/7289215805547372544.jpg,0.9784616779810333,97.84616779810334
20250211/dataset/input/7288901030816837632.jpg,20250211/dataset/output/7288901030816837632.jpg,0.6516875,65.16875
20250211/dataset/input/7288842095262982145.jpg,20250211/dataset/output/7288842095262982145.jpg,6.006006006006006e-06,0.0006006006006006006
20250213/dataset/input/7289463991469928449.jpg,20250213/dataset/output/7289463991469928449.jpg,0.9703895667372525,97.03895667372525
20250212/dataset/input/7289091786672201729.jpg,20250212/dataset/output/7289091786672201729.jpg,0.8069037656903766,80.69037656903765
20250213/dataset/input/7289610699898118145.jpg,20250213/dataset/output/7289610699898118145.jpg,0.9648641207815275,96.48641207815275
20250213/dataset/input/7289519816334962689.jpg,20250213/dataset/output/7289519816334962689.jpg,0.018684392265193372,1.8684392265193372
20250211/dataset/input/7288869638678536193.jpg,20250211/dataset/output/7288869638678536193.jpg,0.9370085696616309,93.70085696616309
20250212/dataset/input/7289168514862084096.jpg,20250212/dataset/output/7289168514862084096.jpg,0.9711738909661635,97.11738909661635
20250213/dataset/input/7289419260723523584.jpg,20250213/dataset/output/7289419260723523584.jpg,0.9851897139469393,98.51897139469393
20250212/dataset/input/7289047859176955905.jpg,20250212/dataset/output/7289047859176955905.jpg,0.9091713969960316,90.91713969960315
20250211/dataset/input/7288868870928003072.jpg,20250211/dataset/output/7288868870928003072.jpg,0.9085296863843577,90.85296863843577
20250213/dataset/input/7289557337513193472.jpg,20250213/dataset/output/7289557337513193472.jpg,0.5170082521645022,51.70082521645022
20250213/dataset/input/7289484002150342657.jpg,20250213/dataset/output/7289484002150342657.jpg,0.9171427402552241,91.71427402552241
20250212/dataset/input/7289225336587313153.jpg,20250212/dataset/output/7289225336587313153.jpg,0.9795857298457874,97.95857298457874
20250211/dataset/input/7288804621409120257.jpg,20250211/dataset/output/7288804621409120257.jpg,0.9933348848393418,99.33348848393419
20250212/dataset/input/7289124769370271744.jpg,20250212/dataset/output/7289124769370271744.jpg,0.9851462044770595,98.51462044770595
20250213/dataset/input/7289598650249928704.jpg,20250213/dataset/output/7289598650249928704.jpg,0.9247011494252874,92.47011494252874
20250212/dataset/input/7289237210020208640.jpg,20250212/dataset/output/7289237210020208640.jpg,0.9731389311312124,97.31389311312124
20250211/dataset/input/7288561621433118720.jpg,20250211/dataset/output/7288561621433118720.jpg,0.9926264436308764,99.26264436308763
20250213/dataset/input/7289549677430632448.jpg,20250213/dataset/output/7289549677430632448.jpg,0.0010110947149805979,0.1011094714980598
20250212/dataset/input/7289239470771073024.jpg,20250212/dataset/output/7289239470771073024.jpg,0.9822313850308642,98.22313850308642
20250211/dataset/input/7288848077758160897.jpg,20250211/dataset/output/7288848077758160897.jpg,0.9712329983602427,97.12329983602427
20250212/dataset/input/7289074176345829376.jpg,20250212/dataset/output/7289074176345829376.jpg,0.976626099073478,97.6626099073478
20250211/dataset/input/7288840811046825985.jpg,20250211/dataset/output/7288840811046825985.jpg,0.9812517558645877,98.12517558645877
20250211/dataset/input/7288781624354861057.jpg,20250211/dataset/output/7288781624354861057.jpg,0.9112440664556962,91.12440664556962
20250212/dataset/input/7289134814128566273.jpg,20250212/dataset/output/7289134814128566273.jpg,0.9831559341958968,98.31559341958967
20250212/dataset/input/7289097414153101313.jpg,20250212/dataset/output/7289097414153101313.jpg,0.6541939069037657,65.41939069037656
20250211/dataset/input/7288843549868580865.jpg,20250211/dataset/output/7288843549868580865.jpg,0.9664632539980739,96.64632539980738
20250211/dataset/input/7288901213273219073.jpg,20250211/dataset/output/7288901213273219073.jpg,0.9476132581440668,94.76132581440669
20250211/dataset/input/7288730073628172289.jpg,20250211/dataset/output/7288730073628172289.jpg,0.9555905138598326,95.55905138598327
20250213/dataset/input/7289613231248699392.jpg,20250213/dataset/output/7289613231248699392.jpg,0.9667494736713448,96.67494736713448
20250211/dataset/input/7288814749160071168.jpg,20250211/dataset/output/7288814749160071168.jpg,0.970405547752809,97.0405547752809
20250211/dataset/input/7288816449082122240.jpg,20250211/dataset/output/7288816449082122240.jpg,0.8924631116540931,89.24631116540931
20250213/dataset/input/7289461676184760321.jpg,20250213/dataset/output/7289461676184760321.jpg,0.9787690588853838,97.87690588853837
20250213/dataset/input/7289510380291813377.jpg,20250213/dataset/output/7289510380291813377.jpg,0.9629773163160655,96.29773163160655
20250213/dataset/input/7289470524937232384.jpg,20250213/dataset/output/7289470524937232384.jpg,0.9961114706607495,99.61114706607495
20250211/dataset/input/7288844070432075777.jpg,20250211/dataset/output/7288844070432075777.jpg,0.9772371364653244,97.72371364653245
20250211/dataset/input/7288783836179095553.jpg,20250211/dataset/output/7288783836179095553.jpg,0.8926253710952368,89.26253710952368
20250212/dataset/input/7289054517127045121.jpg,20250212/dataset/output/7289054517127045121.jpg,0.9439632263161675,94.39632263161674
20250211/dataset/input/7288897368174424065.jpg,20250211/dataset/output/7288897368174424065.jpg,0.9490378671343751,94.90378671343751
20250213/dataset/input/7289538928205426688.jpg,20250213/dataset/output/7289538928205426688.jpg,0.9628134645061729,96.28134645061729
20250211/dataset/input/7288868126237679616.jpg,20250211/dataset/output/7288868126237679616.jpg,0.9575386795343137,95.75386795343137
20250211/dataset/input/7288717495178948609.jpg,20250211/dataset/output/7288717495178948609.jpg,0.012443038588326547,1.2443038588326547
20250211/dataset/input/7288877985792323584.jpg,20250211/dataset/output/7288877985792323584.jpg,0.9457083528243979,94.57083528243979
20250213/dataset/input/7289472076875886592.jpg,20250213/dataset/output/7289472076875886592.jpg,0.964390306122449,96.4390306122449
20250212/dataset/input/7289168886917783552.jpg,20250212/dataset/output/7289168886917783552.jpg,0.9910962126956616,99.10962126956616
20250211/dataset/input/7288868986351017984.jpg,20250211/dataset/output/7288868986351017984.jpg,0.9129610926754196,91.29610926754196
20250211/dataset/input/7288810187791556608.jpg,20250211/dataset/output/7288810187791556608.jpg,0.9627571047957372,96.27571047957372
20250212/dataset/input/7289068495458820097.jpg,20250212/dataset/output/7289068495458820097.jpg,0.04209131969588499,4.2091319695884994
20250212/dataset/input/7289147077891743745.jpg,20250212/dataset/output/7289147077891743745.jpg,0.989985984440698,98.9985984440698
20250211/dataset/input/7288739932184535041.jpg,20250211/dataset/output/7288739932184535041.jpg,0.9350819419763127,93.50819419763127
20250212/dataset/input/7289056562471002112.jpg,20250212/dataset/output/7289056562471002112.jpg,0.022650780829294562,2.265078082929456
20250211/dataset/input/7288735322334060544.jpg,20250211/dataset/output/7288735322334060544.jpg,0.9601423574790795,96.01423574790795
20250212/dataset/input/7289229689964486656.jpg,20250212/dataset/output/7289229689964486656.jpg,0.9517223137805448,95.17223137805448
20250211/dataset/input/7288867758741188608.jpg,20250211/dataset/output/7288867758741188608.jpg,0.9684190088757396,96.84190088757396
20250213/dataset/input/7289441458544766977.jpg,20250213/dataset/output/7289441458544766977.jpg,0.4827928870292887,48.279288702928866
20250213/dataset/input/7289454709445816321.jpg,20250213/dataset/output/7289454709445816321.jpg,0.9894270833333333,98.94270833333333
20250211/dataset/input/7288693548911751169.jpg,20250211/dataset/output/7288693548911751169.jpg,0.192975060030561,19.2975060030561
20250212/dataset/input/7289120910673469440.jpg,20250212/dataset/output/7289120910673469440.jpg,0.7234756520532741,72.34756520532741
20250213/dataset/input/7289419870759874560.jpg,20250213/dataset/output/7289419870759874560.jpg,0.9152083456479645,91.52083456479644
20250211/dataset/input/7288875262992773121.jpg,20250211/dataset/output/7288875262992773121.jpg,0.9478880297823596,94.78880297823596
20250211/dataset/input/7288900870929969152.jpg,20250211/dataset/output/7288900870929969152.jpg,0.9750633059985578,97.50633059985579
20250213/dataset/input/7289537369425862656.jpg,20250213/dataset/output/7289537369425862656.jpg,0.967210164489076,96.7210164489076
20250213/dataset/input/7289531546939187201.jpg,20250213/dataset/output/7289531546939187201.jpg,0.9889831141661686,98.89831141661686
20250212/dataset/input/7289178225355321345.jpg,20250212/dataset/output/7289178225355321345.jpg,0.9847299289721456,98.47299289721457
20250213/dataset/input/7289599336245161984.jpg,20250213/dataset/output/7289599336245161984.jpg,0.09836882311695022,9.836882311695023
20250211/dataset/input/7288884978384920576.jpg,20250211/dataset/output/7288884978384920576.jpg,0.9516270143651399,95.16270143651398
20250213/dataset/input/7289563430847012864.jpg,20250213/dataset/output/7289563430847012864.jpg,0.973029493559719,97.3029493559719
20250212/dataset/input/7289226947447549953.jpg,20250212/dataset/output/7289226947447549953.jpg,0.9559443494384204,95.59443494384205
20250212/dataset/input/7289205913147207680.jpg,20250212/dataset/output/7289205913147207680.jpg,0.978871678350744,97.8871678350744
20250211/dataset/input/7288799089256361985.jpg,20250211/dataset/output/7288799089256361985.jpg,0.9267125292740047,92.67125292740047
20250212/dataset/input/7288937264284983297.jpg,20250212/dataset/output/7288937264284983297.jpg,0.9685434051592745,96.85434051592745
20250211/dataset/input/7288783229754077184.jpg,20250211/dataset/output/7288783229754077184.jpg,0.7614055129716981,76.14055129716981
20250211/dataset/input/7288671243242369024.jpg,20250211/dataset/output/7288671243242369024.jpg,0.979288113882444,97.9288113882444
20250212/dataset/input/7289164989025247232.jpg,20250212/dataset/output/7289164989025247232.jpg,0.9781751860556208,97.81751860556209
20250212/dataset/input/7289107499239628800.jpg,20250212/dataset/output/7289107499239628800.jpg,0.8014840481171548,80.14840481171548
20250211/dataset/input/7288740265623351297.jpg,20250211/dataset/output/7288740265623351297.jpg,0.9940156957583517,99.40156957583517
20250212/dataset/input/7289065968843644929.jpg,20250212/dataset/output/7289065968843644929.jpg,0.9588900862068965,95.88900862068965
20250212/dataset/input/7289230009939550209.jpg,20250212/dataset/output/7289230009939550209.jpg,0.9352561222639962,93.52561222639963
20250211/dataset/input/7288880793895591937.jpg,20250211/dataset/output/7288880793895591937.jpg,0.9750919358002093,97.50919358002092
20250212/dataset/input/7289136723019231232.jpg,20250212/dataset/output/7289136723019231232.jpg,0.991516290847936,99.1516290847936
20250213/dataset/input/7289557312741597184.jpg,20250213/dataset/output/7289557312741597184.jpg,0.21723958333333335,21.723958333333336
20250212/dataset/input/7289227852989394944.jpg,20250212/dataset/output/7289227852989394944.jpg,0.9776474677985948,97.76474677985948
20250213/dataset/input/7289590383968841729.jpg,20250213/dataset/output/7289590383968841729.jpg,0.9169665617034038,91.69665617034039
20250213/dataset/input/7289556923531194368.jpg,20250213/dataset/output/7289556923531194368.jpg,0.5427480036855037,54.274800368550366
20250211/dataset/input/7288793178869657600.jpg,20250211/dataset/output/7288793178869657600.jpg,0.4265945945945946,42.659459459459455
20250211/dataset/input/7288901971771191296.jpg,20250211/dataset/output/7288901971771191296.jpg,0.9767304848251028,97.67304848251028
20250211/dataset/input/7288901012953260033.jpg,20250211/dataset/output/7288901012953260033.jpg,0.8412325463189053,84.12325463189053
20250213/dataset/input/7289597188082036736.jpg,20250213/dataset/output/7289597188082036736.jpg,0.5466930494905385,54.66930494905385
20250211/dataset/input/7288875571433500672.jpg,20250211/dataset/output/7288875571433500672.jpg,0.9879906522822791,98.79906522822792
20250211/dataset/input/7288697840460652545.jpg,20250211/dataset/output/7288697840460652545.jpg,0.16512360838244924,16.512360838244923
20250212/dataset/input/7289031564712800256.jpg,20250212/dataset/output/7289031564712800256.jpg,0.9694303969031765,96.94303969031765
20250213/dataset/input/7289572472675954688.jpg,20250213/dataset/output/7289572472675954688.jpg,0.9868350063760913,98.68350063760913
20250213/dataset/input/7289438997041930241.jpg,20250213/dataset/output/7289438997041930241.jpg,0.9736401673640167,97.36401673640167
20250212/dataset/input/7289133149241499648.jpg,20250212/dataset/output/7289133149241499648.jpg,0.9936870886075949,99.3687088607595
20250213/dataset/input/7289464337428705280.jpg,20250213/dataset/output/7289464337428705280.jpg,0.9663825088339223,96.63825088339223
20250213/dataset/input/7289587134087884800.jpg,20250213/dataset/output/7289587134087884800.jpg,0.880799023957409,88.0799023957409
20250213/dataset/input/7289484331965280256.jpg,20250213/dataset/output/7289484331965280256.jpg,0.9610151969884407,96.10151969884407
20250213/dataset/input/7289513028000739329.jpg,20250213/dataset/output/7289513028000739329.jpg,0.8761531584277485,87.61531584277485
20250211/dataset/input/7288898112613052416.jpg,20250211/dataset/output/7288898112613052416.jpg,0.9329031835866172,93.29031835866172
20250212/dataset/input/7289122597727395840.jpg,20250212/dataset/output/7289122597727395840.jpg,0.9928460586355323,99.28460586355324
20250212/dataset/input/7289205968365219841.jpg,20250212/dataset/output/7289205968365219841.jpg,0.993568,99.3568
20250211/dataset/input/7288880910283333632.jpg,20250211/dataset/output/7288880910283333632.jpg,0.9641605973002487,96.41605973002487
20250211/dataset/input/7288887118809591809.jpg,20250211/dataset/output/7288887118809591809.jpg,0.9869946559786239,98.69946559786239
20250212/dataset/input/7289232699532795905.jpg,20250212/dataset/output/7289232699532795905.jpg,0.7765978626366903,77.65978626366903
20250212/dataset/input/7289116033742336001.jpg,20250212/dataset/output/7289116033742336001.jpg,0.9737953241570103,97.37953241570104
20250213/dataset/input/7289623926509953025.jpg,20250213/dataset/output/7289623926509953025.jpg,0.9426646032948097,94.26646032948098
20250211/dataset/input/7288790373580730368.jpg,20250211/dataset/output/7288790373580730368.jpg,0.9270699003516999,92.70699003517
20250213/dataset/input/7289609263986532352.jpg,20250213/dataset/output/7289609263986532352.jpg,0.9626719583015994,96.26719583015993
20250213/dataset/input/7289535272160653313.jpg,20250213/dataset/output/7289535272160653313.jpg,0.986611079617032,98.6611079617032
20250213/dataset/input/7289592612490600448.jpg,20250213/dataset/output/7289592612490600448.jpg,0.9693131722800211,96.93131722800211
20250213/dataset/input/7289531119329894400.jpg,20250213/dataset/output/7289531119329894400.jpg,0.879494639121339,87.9494639121339
20250212/dataset/input/7289202407967318016.jpg,20250212/dataset/output/7289202407967318016.jpg,0.9786768971800718,97.86768971800718
20250212/dataset/input/7289205781810966528.jpg,20250212/dataset/output/7289205781810966528.jpg,0.8943912472345132,89.43912472345133
20250211/dataset/input/7288854828406562816.jpg,20250211/dataset/output/7288854828406562816.jpg,0.4561904761904762,45.61904761904762
20250212/dataset/input/7289100182087593985.jpg,20250212/dataset/output/7289100182087593985.jpg,0.9356975381008207,93.56975381008206
20250211/dataset/input/7288885723377197057.jpg,20250211/dataset/output/7288885723377197057.jpg,0.06220242711079759,6.220242711079759
20250213/dataset/input/7289437633666637824.jpg,20250213/dataset/output/7289437633666637824.jpg,0.9879125987912599,98.79125987912599
20250212/dataset/input/7289235284524294145.jpg,20250212/dataset/output/7289235284524294145.jpg,0.9387480287545825,93.87480287545826
20250213/dataset/input/7289530807047221248.jpg,20250213/dataset/output/7289530807047221248.jpg,0.9867889254874032,98.67889254874032
20250211/dataset/input/7288776271013634049.jpg,20250211/dataset/output/7288776271013634049.jpg,0.9889452822892498,98.89452822892498
20250212/dataset/input/7289100212835999745.jpg,20250212/dataset/output/7289100212835999745.jpg,0.9614468864468865,96.14468864468864
20250212/dataset/input/7289142411174895616.jpg,20250212/dataset/output/7289142411174895616.jpg,0.9897550545112248,98.97550545112249
20250211/dataset/input/7288821033678729216.jpg,20250211/dataset/output/7288821033678729216.jpg,0.01927075003998081,1.927075003998081
20250211/dataset/input/7288901494190923776.jpg,20250211/dataset/output/7288901494190923776.jpg,0.988127,98.81269999999999
20250211/dataset/input/7288783522558439424.jpg,20250211/dataset/output/7288783522558439424.jpg,0.8699729628924102,86.99729628924102
20250212/dataset/input/7289167879810867201.jpg,20250212/dataset/output/7289167879810867201.jpg,0.9812060000206755,98.12060000206755
20250212/dataset/input/7289070567503753216.jpg,20250212/dataset/output/7289070567503753216.jpg,0.023226864640883978,2.322686464088398
20250212/dataset/input/7289236227663880192.jpg,20250212/dataset/output/7289236227663880192.jpg,0.9835144334371454,98.35144334371454
20250212/dataset/input/7289085864721801216.jpg,20250212/dataset/output/7289085864721801216.jpg,0.965465318490904,96.5465318490904
20250212/dataset/input/7289091584146075649.jpg,20250212/dataset/output/7289091584146075649.jpg,0.8606629184100418,86.06629184100419
20250212/dataset/input/7289036476653789185.jpg,20250212/dataset/output/7289036476653789185.jpg,0.005875125895554905,0.5875125895554905
20250211/dataset/input/7288858899171532800.jpg,20250211/dataset/output/7288858899171532800.jpg,0.9667140890479072,96.67140890479072
20250212/dataset/input/7289100328221302784.jpg,20250212/dataset/output/7289100328221302784.jpg,0.9873715107506601,98.73715107506601
20250211/dataset/input/7288868051432267776.jpg,20250211/dataset/output/7288868051432267776.jpg,0.9574532214506173,95.74532214506173
20250212/dataset/input/7289169518693249024.jpg,20250212/dataset/output/7289169518693249024.jpg,0.9857009235813531,98.57009235813531
20250211/dataset/input/7288798879503413248.jpg,20250211/dataset/output/7288798879503413248.jpg,0.9579149590163935,95.79149590163935
20250213/dataset/input/7289577152764207105.jpg,20250213/dataset/output/7289577152764207105.jpg,0.3981904335885486,39.81904335885486
20250213/dataset/input/7289579651025887232.jpg,20250213/dataset/output/7289579651025887232.jpg,0.9568801790061225,95.68801790061225
20250213/dataset/input/7289573592550891521.jpg,20250213/dataset/output/7289573592550891521.jpg,0.9709120518351048,97.09120518351048
20250212/dataset/input/7289192658890678273.jpg,20250212/dataset/output/7289192658890678273.jpg,0.9526308557825449,95.26308557825449
20250212/dataset/input/7289233769642352641.jpg,20250212/dataset/output/7289233769642352641.jpg,0.888552982892339,88.8552982892339
20250212/dataset/input/7288931944368201729.jpg,20250212/dataset/output/7288931944368201729.jpg,0.9812099689263746,98.12099689263746
20250212/dataset/input/7289126260629893120.jpg,20250212/dataset/output/7289126260629893120.jpg,0.957073608959545,95.7073608959545
20250213/dataset/input/7289561862395457536.jpg,20250213/dataset/output/7289561862395457536.jpg,0.4764480910041841,47.64480910041841
20250212/dataset/input/7289126105855881217.jpg,20250212/dataset/output/7289126105855881217.jpg,0.9687538562790506,96.87538562790506
20250213/dataset/input/7289560120433860608.jpg,20250213/dataset/output/7289560120433860608.jpg,0.9881998461485051,98.81998461485051
20250211/dataset/input/7288804805098627072.jpg,20250211/dataset/output/7288804805098627072.jpg,0.04047357212679793,4.047357212679794
20250211/dataset/input/7288843276081192960.jpg,20250211/dataset/output/7288843276081192960.jpg,0.9499442416869425,94.99442416869425
20250212/dataset/input/7289146691218894848.jpg,20250212/dataset/output/7289146691218894848.jpg,0.9832404516921551,98.32404516921551
20250212/dataset/input/7289160907699019776.jpg,20250212/dataset/output/7289160907699019776.jpg,0.9358644670871745,93.58644670871745
20250213/dataset/input/7289419546275897344.jpg,20250213/dataset/output/7289419546275897344.jpg,0.9796624782404592,97.96624782404592
20250213/dataset/input/7289460090498736129.jpg,20250213/dataset/output/7289460090498736129.jpg,0.9259933228110238,92.59933228110238
20250213/dataset/input/7289578852430442496.jpg,20250213/dataset/output/7289578852430442496.jpg,0.9648179201968351,96.48179201968351
20250212/dataset/input/7289063782873063425.jpg,20250212/dataset/output/7289063782873063425.jpg,0.9575508859523616,95.75508859523616
20250211/dataset/input/7288867819990573056.jpg,20250211/dataset/output/7288867819990573056.jpg,0.974794711797211,97.4794711797211
20250211/dataset/input/7288765256184164353.jpg,20250211/dataset/output/7288765256184164353.jpg,0.9570604697651175,95.70604697651174
20250212/dataset/input/7289125906991308801.jpg,20250212/dataset/output/7289125906991308801.jpg,0.9662467105263158,96.62467105263158
20250211/dataset/input/7288854700660682753.jpg,20250211/dataset/output/7288854700660682753.jpg,0.9620172261484099,96.20172261484099
20250211/dataset/input/7288827391597633537.jpg,20250211/dataset/output/7288827391597633537.jpg,0.4441304834377798,44.41304834377798
20250212/dataset/input/7289226351332093952.jpg,20250212/dataset/output/7289226351332093952.jpg,0.9528769173213618,95.28769173213618
20250212/dataset/input/7289172113797214209.jpg,20250212/dataset/output/7289172113797214209.jpg,0.9746664044453368,97.46664044453368
20250213/dataset/input/7289601459401846785.jpg,20250213/dataset/output/7289601459401846785.jpg,0.969828653493785,96.9828653493785
20250212/dataset/input/7289097492192321536.jpg,20250212/dataset/output/7289097492192321536.jpg,0.5611107479079498,56.11107479079498
20250212/dataset/input/7289159644974477313.jpg,20250212/dataset/output/7289159644974477313.jpg,0.9820450238919097,98.20450238919098
20250211/dataset/input/7288891606630948865.jpg,20250211/dataset/output/7288891606630948865.jpg,0.922885601913138,92.28856019131379
20250212/dataset/input/7289106036559994880.jpg,20250212/dataset/output/7289106036559994880.jpg,0.9588886944440025,95.88886944440024
20250211/dataset/input/7288819197416632321.jpg,20250211/dataset/output/7288819197416632321.jpg,0.9632797573919636,96.32797573919636
20250213/dataset/input/7289478220885286912.jpg,20250213/dataset/output/7289478220885286912.jpg,0.9663531908665105,96.63531908665105
20250212/dataset/input/7289032845900668928.jpg,20250212/dataset/output/7289032845900668928.jpg,0.9449077026209513,94.49077026209513
20250212/dataset/input/7289075020260765697.jpg,20250212/dataset/output/7289075020260765697.jpg,0.9776538276538277,97.76538276538277
20250213/dataset/input/7289436746483261440.jpg,20250213/dataset/output/7289436746483261440.jpg,0.42375457635983266,42.37545763598327
20250213/dataset/input/7289598721171415041.jpg,20250213/dataset/output/7289598721171415041.jpg,0.10069914961283186,10.069914961283185
20250212/dataset/input/7289104035512119296.jpg,20250212/dataset/output/7289104035512119296.jpg,0.7309394612970711,73.0939461297071
20250212/dataset/input/7288920357414658049.jpg,20250212/dataset/output/7288920357414658049.jpg,0.06869341776069743,6.869341776069743
20250213/dataset/input/7289598026162696193.jpg,20250213/dataset/output/7289598026162696193.jpg,0.9871193376475067,98.71193376475067
20250211/dataset/input/7288877800194334720.jpg,20250211/dataset/output/7288877800194334720.jpg,0.9149201973461105,91.49201973461105
20250213/dataset/input/7289275430619639809.jpg,20250213/dataset/output/7289275430619639809.jpg,0.9171328446502057,91.71328446502058
20250213/dataset/input/7289573685890969601.jpg,20250213/dataset/output/7289573685890969601.jpg,0.9745859343292812,97.45859343292813
20250213/dataset/input/7289556290270945281.jpg,20250213/dataset/output/7289556290270945281.jpg,0.973622540302428,97.3622540302428
20250213/dataset/input/7289418050419355649.jpg,20250213/dataset/output/7289418050419355649.jpg,0.9867684209385029,98.6768420938503
20250211/dataset/input/7288693661331644417.jpg,20250211/dataset/output/7288693661331644417.jpg,0.18877974241432002,18.877974241432003
20250213/dataset/input/7289624811671674880.jpg,20250213/dataset/output/7289624811671674880.jpg,0.9381806584807342,93.81806584807342
20250213/dataset/input/7289598175756705793.jpg,20250213/dataset/output/7289598175756705793.jpg,0.9959544556660302,99.59544556660302
20250212/dataset/input/7289248381787987968.jpg,20250212/dataset/output/7289248381787987968.jpg,0.7951920701581028,79.51920701581028
20250212/dataset/input/7289096634385850368.jpg,20250212/dataset/output/7289096634385850368.jpg,0.9791600474347213,97.91600474347213
20250212/dataset/input/7289031990954749952.jpg,20250212/dataset/output/7289031990954749952.jpg,0.9683925695792303,96.83925695792303
20250211/dataset/input/7288879014546006017.jpg,20250211/dataset/output/7288879014546006017.jpg,0.9818169014084507,98.18169014084506
20250211/dataset/input/7288806424527826945.jpg,20250211/dataset/output/7288806424527826945.jpg,0.9801464785221237,98.01464785221236
20250211/dataset/input/7288748068303859712.jpg,20250211/dataset/output/7288748068303859712.jpg,0.981147433483803,98.1147433483803
20250211/dataset/input/7288877564373823488.jpg,20250211/dataset/output/7288877564373823488.jpg,0.9453847982735286,94.53847982735286
20250211/dataset/input/7288881792400027648.jpg,20250211/dataset/output/7288881792400027648.jpg,0.9608867806633287,96.08867806633286
20250212/dataset/input/7289205481955942401.jpg,20250212/dataset/output/7289205481955942401.jpg,0.40120776650312223,40.12077665031222
20250211/dataset/input/7288887856466030592.jpg,20250211/dataset/output/7288887856466030592.jpg,0.984118522467293,98.4118522467293
20250212/dataset/input/7289235311019749376.jpg,20250212/dataset/output/7289235311019749376.jpg,0.9267917348289049,92.67917348289049
20250211/dataset/input/7288735378697154561.jpg,20250211/dataset/output/7288735378697154561.jpg,0.9070136800470712,90.70136800470712
20250212/dataset/input/7289225405403258880.jpg,20250212/dataset/output/7289225405403258880.jpg,0.9619789092107431,96.19789092107432
20250212/dataset/input/7289165018154725376.jpg,20250212/dataset/output/7289165018154725376.jpg,0.6201763609425035,62.01763609425035
20250212/dataset/input/7289237032810901505.jpg,20250212/dataset/output/7289237032810901505.jpg,0.6272359650195695,62.72359650195695
20250212/dataset/input/7289135341692317697.jpg,20250212/dataset/output/7289135341692317697.jpg,0.9927985136421976,99.27985136421977
20250211/dataset/input/7288816615642165249.jpg,20250211/dataset/output/7288816615642165249.jpg,0.8183171828001093,81.83171828001093
20250213/dataset/input/7289276484857950209.jpg,20250213/dataset/output/7289276484857950209.jpg,0.9868537971248384,98.68537971248385
20250213/dataset/input/7289482556243767296.jpg,20250213/dataset/output/7289482556243767296.jpg,0.8728477044753087,87.28477044753087
20250212/dataset/input/7289251897726230528.jpg,20250212/dataset/output/7289251897726230528.jpg,0.9375861942488263,93.75861942488262
20250212/dataset/input/7289106107817062400.jpg,20250212/dataset/output/7289106107817062400.jpg,0.9190490182522124,91.90490182522124
20250213/dataset/input/7289426922597052417.jpg,20250213/dataset/output/7289426922597052417.jpg,0.9770505401234568,97.70505401234568
20250211/dataset/input/7288815491430244353.jpg,20250211/dataset/output/7288815491430244353.jpg,0.9680208266375265,96.80208266375266
20250212/dataset/input/7289251866302541825.jpg,20250212/dataset/output/7289251866302541825.jpg,0.9869371977234064,98.69371977234064
20250213/dataset/input/7289522507673038849.jpg,20250213/dataset/output/7289522507673038849.jpg,0.9700754661384583,97.00754661384583
20250211/dataset/input/7288855199451508737.jpg,20250211/dataset/output/7288855199451508737.jpg,0.9582632393513223,95.82632393513222
20250212/dataset/input/7289172969447813121.jpg,20250212/dataset/output/7289172969447813121.jpg,0.3944578242481203,39.44578242481203
20250211/dataset/input/7288681148842045441.jpg,20250211/dataset/output/7288681148842045441.jpg,0.9567656659473179,95.6765665947318
20250213/dataset/input/7289601697839603712.jpg,20250213/dataset/output/7289601697839603712.jpg,0.9637664885906079,96.3766488590608
20250213/dataset/input/7289611363604819968.jpg,20250213/dataset/output/7289611363604819968.jpg,0.9042631727608874,90.42631727608874
20250212/dataset/input/7289173450245074944.jpg,20250212/dataset/output/7289173450245074944.jpg,0.9660561422108146,96.60561422108145
20250211/dataset/input/7288838699139264512.jpg,20250211/dataset/output/7288838699139264512.jpg,0.9631907891321726,96.31907891321725
20250213/dataset/input/7289610630390112256.jpg,20250213/dataset/output/7289610630390112256.jpg,0.6915513248354214,69.15513248354213
20250213/dataset/input/7289587429647904769.jpg,20250213/dataset/output/7289587429647904769.jpg,0.9709439383321654,97.09439383321654
20250211/dataset/input/7288844915580100608.jpg,20250211/dataset/output/7288844915580100608.jpg,0.9724547748427359,97.2454774842736
20250212/dataset/input/7289145121173467136.jpg,20250212/dataset/output/7289145121173467136.jpg,0.9728475000552597,97.28475000552596
20250213/dataset/input/7289484929825566720.jpg,20250213/dataset/output/7289484929825566720.jpg,0.9721695118510159,97.21695118510158
20250212/dataset/input/7289055039439564801.jpg,20250212/dataset/output/7289055039439564801.jpg,0.8760983046347406,87.60983046347405
20250211/dataset/input/7288694046305873921.jpg,20250211/dataset/output/7288694046305873921.jpg,0.1737584588517791,17.37584588517791
20250212/dataset/input/7289141711967641601.jpg,20250212/dataset/output/7289141711967641601.jpg,0.9936527534131645,99.36527534131645
20250211/dataset/input/7288732100076826624.jpg,20250211/dataset/output/7288732100076826624.jpg,0.9204281348064853,92.04281348064853
20250212/dataset/input/7289062517728407553.jpg,20250212/dataset/output/7289062517728407553.jpg,0.9505690885444128,95.05690885444128
20250212/dataset/input/7289095765309284353.jpg,20250212/dataset/output/7289095765309284353.jpg,0.9156234878888794,91.56234878888793
20250213/dataset/input/7289609054422364161.jpg,20250213/dataset/output/7289609054422364161.jpg,0.9717228445297635,97.17228445297636
20250212/dataset/input/7289098037992943617.jpg,20250212/dataset/output/7289098037992943617.jpg,0.08144895718990121,8.14489571899012
20250211/dataset/input/7288857497015705600.jpg,20250211/dataset/output/7288857497015705600.jpg,0.9853654617012632,98.53654617012631
20250213/dataset/input/7289499607603634177.jpg,20250213/dataset/output/7289499607603634177.jpg,0.8977679916472597,89.77679916472597
20250212/dataset/input/7289220857464905728.jpg,20250212/dataset/output/7289220857464905728.jpg,0.967332061501071,96.7332061501071
20250212/dataset/input/7289079970541887489.jpg,20250212/dataset/output/7289079970541887489.jpg,0.9888906081579023,98.88906081579023
20250211/dataset/input/7288760178534539264.jpg,20250211/dataset/output/7288760178534539264.jpg,0.5144514905857741,51.445149058577414
20250213/dataset/input/7289608905893634049.jpg,20250213/dataset/output/7289608905893634049.jpg,0.9964450849696751,99.6445084969675
20250211/dataset/input/7288867890610106369.jpg,20250211/dataset/output/7288867890610106369.jpg,0.956795562563415,95.6795562563415
20250213/dataset/input/7289492890899771393.jpg,20250213/dataset/output/7289492890899771393.jpg,0.9661345470692717,96.61345470692717
20250212/dataset/input/7289138517157896192.jpg,20250212/dataset/output/7289138517157896192.jpg,0.9858016784452297,98.58016784452298
20250211/dataset/input/7288870759174266880.jpg,20250211/dataset/output/7288870759174266880.jpg,0.9426076273902361,94.2607627390236
20250211/dataset/input/7288810032958824449.jpg,20250211/dataset/output/7288810032958824449.jpg,0.11090868388965097,11.090868388965097
20250213/dataset/input/7289621693785501696.jpg,20250213/dataset/output/7289621693785501696.jpg,0.963058432934927,96.3058432934927
20250211/dataset/input/7288727784167333889.jpg,20250211/dataset/output/7288727784167333889.jpg,0.9553221035925552,95.53221035925552
20250211/dataset/input/7288780452650835968.jpg,20250211/dataset/output/7288780452650835968.jpg,0.9864325209911939,98.6432520991194
20250211/dataset/input/7288854194672431105.jpg,20250211/dataset/output/7288854194672431105.jpg,0.8691582191780822,86.91582191780822
20250212/dataset/input/7289220994543185920.jpg,20250212/dataset/output/7289220994543185920.jpg,0.9661197446377087,96.61197446377086
20250212/dataset/input/7289240075631616000.jpg,20250212/dataset/output/7289240075631616000.jpg,0.9657258037859285,96.57258037859286
20250213/dataset/input/7289473666194104320.jpg,20250213/dataset/output/7289473666194104320.jpg,0.9562015209125475,95.62015209125475
20250213/dataset/input/7289560097646243840.jpg,20250213/dataset/output/7289560097646243840.jpg,0.9660511756226489,96.60511756226488
20250211/dataset/input/7288753754408509441.jpg,20250211/dataset/output/7288753754408509441.jpg,0.982745324850588,98.2745324850588
20250213/dataset/input/7289462674429112320.jpg,20250213/dataset/output/7289462674429112320.jpg,0.988954403969428,98.8954403969428
20250211/dataset/input/7288825139130556417.jpg,20250211/dataset/output/7288825139130556417.jpg,0.12607405502210028,12.607405502210028
20250212/dataset/input/7289240494634196993.jpg,20250212/dataset/output/7289240494634196993.jpg,0.9321385542168674,93.21385542168674
20250212/dataset/input/7289230686845726721.jpg,20250212/dataset/output/7289230686845726721.jpg,0.9405619690492618,94.05619690492618
20250212/dataset/input/7289160182554226689.jpg,20250212/dataset/output/7289160182554226689.jpg,0.9873044556032411,98.73044556032411
20250212/dataset/input/7289231209011408896.jpg,20250212/dataset/output/7289231209011408896.jpg,0.7984085322668,79.84085322668
20250211/dataset/input/7288840982677708800.jpg,20250211/dataset/output/7288840982677708800.jpg,0.7456792378597122,74.56792378597122
20250212/dataset/input/7289190733826813952.jpg,20250212/dataset/output/7289190733826813952.jpg,0.913268972918944,91.3268972918944
20250211/dataset/input/7288727541967286273.jpg,20250211/dataset/output/7288727541967286273.jpg,0.9630398477680858,96.30398477680858
20250212/dataset/input/7289251836778835968.jpg,20250212/dataset/output/7289251836778835968.jpg,0.9360171890278421,93.60171890278421
20250213/dataset/input/7289491494284582912.jpg,20250213/dataset/output/7289491494284582912.jpg,0.920975835187016,92.0975835187016
20250211/dataset/input/7288867828131717121.jpg,20250211/dataset/output/7288867828131717121.jpg,0.9634214105626328,96.34214105626327
20250211/dataset/input/7288840052594991105.jpg,20250211/dataset/output/7288840052594991105.jpg,0.9775415890338036,97.75415890338036
20250211/dataset/input/7288692986514305024.jpg,20250211/dataset/output/7288692986514305024.jpg,0.21559839554682383,21.559839554682384
20250211/dataset/input/7288868049473527809.jpg,20250211/dataset/output/7288868049473527809.jpg,0.9447417155397118,94.47417155397117
20250212/dataset/input/7289082296203800576.jpg,20250212/dataset/output/7289082296203800576.jpg,0.9948422198596206,99.48422198596207
20250212/dataset/input/7289137927442984961.jpg,20250212/dataset/output/7289137927442984961.jpg,0.9797628527347833,97.97628527347833
20250212/dataset/input/7289191739511824385.jpg,20250212/dataset/output/7289191739511824385.jpg,0.9526310172412011,95.26310172412012
20250212/dataset/input/7289244457643302913.jpg,20250212/dataset/output/7289244457643302913.jpg,0.6332670330271216,63.32670330271216
20250213/dataset/input/7289500249164374017.jpg,20250213/dataset/output/7289500249164374017.jpg,0.8964567264504538,89.64567264504538
20250211/dataset/input/7288552791273922561.jpg,20250211/dataset/output/7288552791273922561.jpg,0.6901762605248501,69.01762605248501
20250211/dataset/input/7288803597688565761.jpg,20250211/dataset/output/7288803597688565761.jpg,0.9356101171772961,93.56101171772961
20250211/dataset/input/7288729355299086337.jpg,20250211/dataset/output/7288729355299086337.jpg,0.9611806191161087,96.11806191161088
20250212/dataset/input/7289126215406870529.jpg,20250212/dataset/output/7289126215406870529.jpg,0.9532992755604155,95.32992755604155
20250211/dataset/input/7288815339931983872.jpg,20250211/dataset/output/7288815339931983872.jpg,0.8440760192273455,84.40760192273456
20250213/dataset/input/7289572447120060417.jpg,20250213/dataset/output/7289572447120060417.jpg,0.09040273166518206,9.040273166518206
20250211/dataset/input/7288803840131883009.jpg,20250211/dataset/output/7288803840131883009.jpg,0.9435640177858853,94.35640177858853
20250211/dataset/input/7288732465941770241.jpg,20250211/dataset/output/7288732465941770241.jpg,0.9523359865324268,95.23359865324268
20250212/dataset/input/7289170194496249856.jpg,20250212/dataset/output/7289170194496249856.jpg,0.9923909610359778,99.23909610359777
20250213/dataset/input/7289589082031714304.jpg,20250213/dataset/output/7289589082031714304.jpg,0.9263574535389482,92.63574535389482
20250211/dataset/input/7288831437549137921.jpg,20250211/dataset/output/7288831437549137921.jpg,0.8773086380997227,87.73086380997228
20250212/dataset/input/7289160226133045248.jpg,20250212/dataset/output/7289160226133045248.jpg,0.7247051164215687,72.47051164215686
20250211/dataset/input/7288830788451233792.jpg,20250211/dataset/output/7288830788451233792.jpg,0.9704123525781678,97.04123525781678
20250211/dataset/input/7288740026975842304.jpg,20250211/dataset/output/7288740026975842304.jpg,0.9919200556935103,99.19200556935102
20250212/dataset/input/7289147000569786369.jpg,20250212/dataset/output/7289147000569786369.jpg,0.06337388660003916,6.337388660003916
20250211/dataset/input/7288722773903470592.jpg,20250211/dataset/output/7288722773903470592.jpg,0.9534225324801241,95.34225324801241
20250212/dataset/input/7289158107434868737.jpg,20250212/dataset/output/7289158107434868737.jpg,0.9873453246587575,98.73453246587574
20250212/dataset/input/7289132758466584577.jpg,20250212/dataset/output/7289132758466584577.jpg,0.9850279390077256,98.50279390077256
20250213/dataset/input/7289534157230727168.jpg,20250213/dataset/output/7289534157230727168.jpg,0.9581067934450572,95.81067934450573
20250212/dataset/input/7289052757964644353.jpg,20250212/dataset/output/7289052757964644353.jpg,0.8899728496049583,88.99728496049583
20250212/dataset/input/7289136394101874688.jpg,20250212/dataset/output/7289136394101874688.jpg,0.9951677559912854,99.51677559912854
20250211/dataset/input/7288868672315125760.jpg,20250211/dataset/output/7288868672315125760.jpg,0.9709012116260181,97.0901211626018
20250213/dataset/input/7289619245188538368.jpg,20250213/dataset/output/7289619245188538368.jpg,0.12283170201196303,12.283170201196302
20250212/dataset/input/7289069657926987777.jpg,20250212/dataset/output/7289069657926987777.jpg,0.03568807405520882,3.568807405520882
20250213/dataset/input/7289432554880430080.jpg,20250213/dataset/output/7289432554880430080.jpg,0.9922472030767695,99.22472030767695
20250212/dataset/input/7289106737793134592.jpg,20250212/dataset/output/7289106737793134592.jpg,0.9807541549074945,98.07541549074945
20250211/dataset/input/7288835116226375681.jpg,20250211/dataset/output/7288835116226375681.jpg,0.923756842787714,92.3756842787714
20250212/dataset/input/7289157610003034112.jpg,20250212/dataset/output/7289157610003034112.jpg,0.9914359600120904,99.14359600120905
20250212/dataset/input/7289237599020969985.jpg,20250212/dataset/output/7289237599020969985.jpg,0.9519413570362965,95.19413570362964
20250213/dataset/input/7289523622917500928.jpg,20250213/dataset/output/7289523622917500928.jpg,0.9802743158883942,98.02743158883942
20250212/dataset/input/7289037519236128768.jpg,20250212/dataset/output/7289037519236128768.jpg,0.83029793814433,83.02979381443299
20250212/dataset/input/7289128271786041344.jpg,20250212/dataset/output/7289128271786041344.jpg,0.9939748937140405,99.39748937140405
20250211/dataset/input/7288757056189784064.jpg,20250211/dataset/output/7288757056189784064.jpg,0.9501252819588027,95.01252819588028
20250211/dataset/input/7288844744976822272.jpg,20250211/dataset/output/7288844744976822272.jpg,0.9944824374530448,99.44824374530448
20250211/dataset/input/7288732850228097025.jpg,20250211/dataset/output/7288732850228097025.jpg,0.9137098751307532,91.37098751307532
20250213/dataset/input/7289490710419533825.jpg,20250213/dataset/output/7289490710419533825.jpg,0.9017797049287392,90.17797049287391
20250212/dataset/input/7289129880993685504.jpg,20250212/dataset/output/7289129880993685504.jpg,0.986963934355917,98.6963934355917
20250211/dataset/input/7288790973072564225.jpg,20250211/dataset/output/7288790973072564225.jpg,0.9678439767779391,96.7843976777939
20250211/dataset/input/7288792996098629633.jpg,20250211/dataset/output/7288792996098629633.jpg,0.9911944058107454,99.11944058107454
20250211/dataset/input/7288709629491605505.jpg,20250211/dataset/output/7288709629491605505.jpg,0.9968116716963884,99.68116716963884
20250212/dataset/input/7289188690181550080.jpg,20250212/dataset/output/7289188690181550080.jpg,0.0168006131573916,1.68006131573916
20250213/dataset/input/7289470095507648512.jpg,20250213/dataset/output/7289470095507648512.jpg,0.9936438301282051,99.36438301282051
20250212/dataset/input/7289133763212144640.jpg,20250212/dataset/output/7289133763212144640.jpg,0.9723923614828506,97.23923614828506
20250211/dataset/input/7288729194728583169.jpg,20250211/dataset/output/7288729194728583169.jpg,0.9498651608263599,94.98651608263599
20250212/dataset/input/7289095000180154369.jpg,20250212/dataset/output/7289095000180154369.jpg,0.5366468357740586,53.66468357740586
20250212/dataset/input/7288914856152948736.jpg,20250212/dataset/output/7288914856152948736.jpg,0.9799228171967587,97.99228171967587
20250211/dataset/input/7288726167040843777.jpg,20250211/dataset/output/7288726167040843777.jpg,0.9740174093364198,97.40174093364197
20250211/dataset/input/7288753275318329344.jpg,20250211/dataset/output/7288753275318329344.jpg,0.9620601390065495,96.20601390065495
20250212/dataset/input/7289089507357384704.jpg,20250212/dataset/output/7289089507357384704.jpg,0.5060741341991342,50.607413419913414
20250211/dataset/input/7288845709570236416.jpg,20250211/dataset/output/7288845709570236416.jpg,0.0021417003859634386,0.21417003859634387
20250211/dataset/input/7288709120798027776.jpg,20250211/dataset/output/7288709120798027776.jpg,0.8690746697984749,86.9074669798475
20250211/dataset/input/7288817783361527808.jpg,20250211/dataset/output/7288817783361527808.jpg,0.9601880825565912,96.01880825565911
20250212/dataset/input/7289235509263491073.jpg,20250212/dataset/output/7289235509263491073.jpg,0.9642134758485034,96.42134758485034
20250213/dataset/input/7289590857543512065.jpg,20250213/dataset/output/7289590857543512065.jpg,0.9513942269671807,95.13942269671807
20250213/dataset/input/7289598144773419008.jpg,20250213/dataset/output/7289598144773419008.jpg,0.7866375811688312,78.66375811688312
20250212/dataset/input/7289081738231345153.jpg,20250212/dataset/output/7289081738231345153.jpg,0.9958064673700664,99.58064673700665
20250211/dataset/input/7288865405816336385.jpg,20250211/dataset/output/7288865405816336385.jpg,0.5228416880891174,52.28416880891174
20250212/dataset/input/7289133484328640512.jpg,20250212/dataset/output/7289133484328640512.jpg,0.9885720234806077,98.85720234806077
20250213/dataset/input/7289426974254100480.jpg,20250213/dataset/output/7289426974254100480.jpg,0.976574074074074,97.6574074074074
20250211/dataset/input/7288744924828164097.jpg,20250211/dataset/output/7288744924828164097.jpg,0.5215786827551533,52.15786827551533
20250213/dataset/input/7289434237769375745.jpg,20250213/dataset/output/7289434237769375745.jpg,0.9130377237269862,91.30377237269862
20250212/dataset/input/7289165670515761152.jpg,20250212/dataset/output/7289165670515761152.jpg,0.987807147282985,98.7807147282985
20250212/dataset/input/7289251090083672065.jpg,20250212/dataset/output/7289251090083672065.jpg,0.9148113690282365,91.48113690282365
20250212/dataset/input/7289201695124381697.jpg,20250212/dataset/output/7289201695124381697.jpg,0.9734186746987952,97.34186746987952
20250211/dataset/input/7288868069564243969.jpg,20250211/dataset/output/7288868069564243969.jpg,0.5936976987447699,59.36976987447699
20250212/dataset/input/7289233044354953216.jpg,20250212/dataset/output/7289233044354953216.jpg,0.9939661435629178,99.39661435629178
20250211/dataset/input/7288711236505591809.jpg,20250211/dataset/output/7288711236505591809.jpg,0.056390070921985815,5.6390070921985815
20250211/dataset/input/7288697957636960256.jpg,20250211/dataset/output/7288697957636960256.jpg,0.1575256494215237,15.75256494215237
20250211/dataset/input/7288859240466280449.jpg,20250211/dataset/output/7288859240466280449.jpg,0.961379242880794,96.1379242880794
20250211/dataset/input/7288762454582030337.jpg,20250211/dataset/output/7288762454582030337.jpg,0.9784110299015448,97.84110299015448
20250213/dataset/input/7289405328881377281.jpg,20250213/dataset/output/7289405328881377281.jpg,0.8842022139863867,88.42022139863866
20250212/dataset/input/7289207265944428544.jpg,20250212/dataset/output/7289207265944428544.jpg,0.9518660424648886,95.18660424648886
20250211/dataset/input/7288670341106262017.jpg,20250211/dataset/output/7288670341106262017.jpg,0.9625688805104409,96.25688805104409
20250211/dataset/input/7288869660388290561.jpg,20250211/dataset/output/7288869660388290561.jpg,0.9324954236401674,93.24954236401673
20250211/dataset/input/7288816390978428929.jpg,20250211/dataset/output/7288816390978428929.jpg,0.8360356103480493,83.60356103480493
20250211/dataset/input/7288891386547466241.jpg,20250211/dataset/output/7288891386547466241.jpg,0.9192373220553909,91.92373220553908
20250211/dataset/input/7288836862797475840.jpg,20250211/dataset/output/7288836862797475840.jpg,0.8869395408586109,88.6939540858611
20250213/dataset/input/7289550363778150400.jpg,20250213/dataset/output/7289550363778150400.jpg,0.010480328495034377,1.0480328495034377
20250213/dataset/input/7289598882597593088.jpg,20250213/dataset/output/7289598882597593088.jpg,0.08951543508658708,8.951543508658707
20250213/dataset/input/7289573885913133056.jpg,20250213/dataset/output/7289573885913133056.jpg,0.948790645010651,94.8790645010651
20250211/dataset/input/7288864691169849344.jpg,20250211/dataset/output/7288864691169849344.jpg,0.9284533607681755,92.84533607681755
20250213/dataset/input/7289599497184763905.jpg,20250213/dataset/output/7289599497184763905.jpg,0.9750999394306481,97.50999394306481
20250212/dataset/input/7289107222910492673.jpg,20250212/dataset/output/7289107222910492673.jpg,0.9229219011725294,92.29219011725294
20250212/dataset/input/7289136530303508480.jpg,20250212/dataset/output/7289136530303508480.jpg,0.621437790618162,62.1437790618162
20250213/dataset/input/7289418629975699456.jpg,20250213/dataset/output/7289418629975699456.jpg,0.05946217244294168,5.946217244294168
20250213/dataset/input/7289606838433112064.jpg,20250213/dataset/output/7289606838433112064.jpg,0.8346434898139947,83.46434898139947
20250212/dataset/input/7289092143137746944.jpg,20250212/dataset/output/7289092143137746944.jpg,0.9956697507219047,99.56697507219047
20250213/dataset/input/7289550464839868416.jpg,20250213/dataset/output/7289550464839868416.jpg,0.0009194474345174022,0.09194474345174022
20250211/dataset/input/7288832202325909505.jpg,20250211/dataset/output/7288832202325909505.jpg,0.13990368532560213,13.990368532560213
20250213/dataset/input/7289496158551994368.jpg,20250213/dataset/output/7289496158551994368.jpg,0.8875391459074733,88.75391459074733
20250213/dataset/input/7289612921004421121.jpg,20250213/dataset/output/7289612921004421121.jpg,0.9255800572664863,92.55800572664863
20250212/dataset/input/7289192179406233601.jpg,20250212/dataset/output/7289192179406233601.jpg,0.9801465592514519,98.01465592514519
20250212/dataset/input/7289113253187182593.jpg,20250212/dataset/output/7289113253187182593.jpg,0.989460309346517,98.9460309346517
20250212/dataset/input/7289230174792474625.jpg,20250212/dataset/output/7289230174792474625.jpg,0.9375074764448009,93.75074764448009
20250211/dataset/input/7288757924947582977.jpg,20250211/dataset/output/7288757924947582977.jpg,0.9462609103870362,94.62609103870362
20250213/dataset/input/7289561431342641153.jpg,20250213/dataset/output/7289561431342641153.jpg,0.8407986674557568,84.07986674557569
20250211/dataset/input/7288821849030455296.jpg,20250211/dataset/output/7288821849030455296.jpg,0.033106378869090736,3.3106378869090736
20250212/dataset/input/7289220864070971393.jpg,20250212/dataset/output/7289220864070971393.jpg,0.9762065419960156,97.62065419960156
20250212/dataset/input/7289242274449350656.jpg,20250212/dataset/output/7289242274449350656.jpg,0.9339124862913263,93.39124862913263
20250213/dataset/input/7289560256929132545.jpg,20250213/dataset/output/7289560256929132545.jpg,0.7978357605177994,79.78357605177993
20250211/dataset/input/7288845177732489217.jpg,20250211/dataset/output/7288845177732489217.jpg,0.9774488245819161,97.74488245819161
20250213/dataset/input/7289619523879104513.jpg,20250213/dataset/output/7289619523879104513.jpg,0.37566443758573387,37.566443758573385
20250211/dataset/input/7288855596429762560.jpg,20250211/dataset/output/7288855596429762560.jpg,0.9658808893927942,96.58808893927942
20250212/dataset/input/7289069988610072576.jpg,20250212/dataset/output/7289069988610072576.jpg,0.9684309776689591,96.84309776689591
20250212/dataset/input/7289205457876480001.jpg,20250212/dataset/output/7289205457876480001.jpg,0.9829808888386294,98.29808888386295
20250213/dataset/input/7289427968044101632.jpg,20250213/dataset/output/7289427968044101632.jpg,0.9922201957295373,99.22201957295374
20250213/dataset/input/7289436863143669761.jpg,20250213/dataset/output/7289436863143669761.jpg,0.6031086558577405,60.31086558577405
20250212/dataset/input/7289126015506378753.jpg,20250212/dataset/output/7289126015506378753.jpg,0.9545719453376206,95.45719453376206
20250212/dataset/input/7289231042518474753.jpg,20250212/dataset/output/7289231042518474753.jpg,0.8737562829156159,87.3756282915616
20250212/dataset/input/7289048316578426880.jpg,20250212/dataset/output/7289048316578426880.jpg,0.4861059770245678,48.61059770245678
20250211/dataset/input/7288886807185387521.jpg,20250211/dataset/output/7288886807185387521.jpg,0.9507692753875379,95.07692753875378
20250213/dataset/input/7289478336077688832.jpg,20250213/dataset/output/7289478336077688832.jpg,0.9370646437994723,93.70646437994723
20250213/dataset/input/7289556608786427904.jpg,20250213/dataset/output/7289556608786427904.jpg,0.9374118396674788,93.74118396674788
20250213/dataset/input/7289573693109329920.jpg,20250213/dataset/output/7289573693109329920.jpg,0.9525491498732807,95.25491498732806
20250212/dataset/input/7289247568411815936.jpg,20250212/dataset/output/7289247568411815936.jpg,0.9087517421602788,90.87517421602787
20250212/dataset/input/7289134554593423360.jpg,20250212/dataset/output/7289134554593423360.jpg,0.988463226534579,98.84632265345789
20250213/dataset/input/7289477127270850561.jpg,20250213/dataset/output/7289477127270850561.jpg,0.9522952013710368,95.22952013710369
20250211/dataset/input/7288870436892336129.jpg,20250211/dataset/output/7288870436892336129.jpg,0.9114350994036151,91.14350994036151
20250211/dataset/input/7288843876810383360.jpg,20250211/dataset/output/7288843876810383360.jpg,0.9727042083599461,97.27042083599461
20250212/dataset/input/7289192471371735040.jpg,20250212/dataset/output/7289192471371735040.jpg,0.9660969113604894,96.60969113604894
20250213/dataset/input/7289418944347172865.jpg,20250213/dataset/output/7289418944347172865.jpg,0.05947304957485953,5.947304957485953
20250211/dataset/input/7288832963759894529.jpg,20250211/dataset/output/7288832963759894529.jpg,0.9702938245483844,97.02938245483844
20250211/dataset/input/7288868232005443585.jpg,20250211/dataset/output/7288868232005443585.jpg,0.8737260751966635,87.37260751966635
20250211/dataset/input/7288736807746822145.jpg,20250211/dataset/output/7288736807746822145.jpg,0.6563265931372549,65.6326593137255
20250211/dataset/input/7288673728614916096.jpg,20250211/dataset/output/7288673728614916096.jpg,0.9207631154747948,92.07631154747948
20250212/dataset/input/7289068853925011457.jpg,20250212/dataset/output/7289068853925011457.jpg,0.03756647099447514,3.756647099447514
20250212/dataset/input/7289094814401847296.jpg,20250212/dataset/output/7289094814401847296.jpg,0.4485747907949791,44.85747907949791
20250212/dataset/input/7289210942767783937.jpg,20250212/dataset/output/7289210942767783937.jpg,0.9512270149024924,95.12270149024924
20250212/dataset/input/7289168657942339585.jpg,20250212/dataset/output/7289168657942339585.jpg,0.9825901217228464,98.25901217228464
20250212/dataset/input/7289089194646855681.jpg,20250212/dataset/output/7289089194646855681.jpg,0.8594207635983263,85.94207635983263
20250212/dataset/input/7289243834311008256.jpg,20250212/dataset/output/7289243834311008256.jpg,0.9436543916858877,94.36543916858878
20250211/dataset/input/7288843525608763393.jpg,20250211/dataset/output/7288843525608763393.jpg,0.9787235947010383,97.87235947010383
20250213/dataset/input/7289598748195352576.jpg,20250213/dataset/output/7289598748195352576.jpg,0.7654509137998436,76.54509137998437
20250212/dataset/input/7289127431436263425.jpg,20250212/dataset/output/7289127431436263425.jpg,0.9679026582137027,96.79026582137027
20250213/dataset/input/7289562448234868737.jpg,20250213/dataset/output/7289562448234868737.jpg,0.9805031788295386,98.05031788295386
20250212/dataset/input/7288931829037461505.jpg,20250212/dataset/output/7288931829037461505.jpg,0.9778929386771513,97.78929386771513
20250213/dataset/input/7289507497668308993.jpg,20250213/dataset/output/7289507497668308993.jpg,0.8910133883820106,89.10133883820106
20250211/dataset/input/7288843556705296384.jpg,20250211/dataset/output/7288843556705296384.jpg,0.9664645496201668,96.64645496201668
20250211/dataset/input/7288732887725137920.jpg,20250211/dataset/output/7288732887725137920.jpg,0.9566997010030864,95.66997010030865
20250211/dataset/input/7288821291318009856.jpg,20250211/dataset/output/7288821291318009856.jpg,0.9707636812126598,97.07636812126597
20250212/dataset/input/7289105388464566272.jpg,20250212/dataset/output/7289105388464566272.jpg,0.9868102387398474,98.68102387398474
20250211/dataset/input/7288562010400251905.jpg,20250211/dataset/output/7288562010400251905.jpg,0.9869251286753215,98.69251286753214
20250213/dataset/input/7289610115774177281.jpg,20250213/dataset/output/7289610115774177281.jpg,0.9732512901028619,97.32512901028619
20250211/dataset/input/7288861164234104833.jpg,20250211/dataset/output/7288861164234104833.jpg,0.9553279773991348,95.53279773991348
20250212/dataset/input/7289204946590822401.jpg,20250212/dataset/output/7289204946590822401.jpg,0.5288771822259511,52.88771822259511
20250212/dataset/input/7289139484771246080.jpg,20250212/dataset/output/7289139484771246080.jpg,0.9684224292792704,96.84224292792703
20250211/dataset/input/7288863185045577728.jpg,20250211/dataset/output/7288863185045577728.jpg,0.9343129200343429,93.43129200343428
20250211/dataset/input/7288885831925821440.jpg,20250211/dataset/output/7288885831925821440.jpg,0.9691272493573265,96.91272493573265
20250211/dataset/input/7288849572570394624.jpg,20250211/dataset/output/7288849572570394624.jpg,0.9776573159923326,97.76573159923326
20250211/dataset/input/7288889237163798528.jpg,20250211/dataset/output/7288889237163798528.jpg,0.9697879994860593,96.97879994860592
20250211/dataset/input/7288831604478242816.jpg,20250211/dataset/output/7288831604478242816.jpg,0.9713669544261494,97.13669544261494
20250212/dataset/input/7289093494789922816.jpg,20250212/dataset/output/7289093494789922816.jpg,0.9692281209307749,96.9228120930775
20250213/dataset/input/7289528853155868673.jpg,20250213/dataset/output/7289528853155868673.jpg,0.9966241400875547,99.66241400875548
20250213/dataset/input/7289539541874008064.jpg,20250213/dataset/output/7289539541874008064.jpg,0.010480328495034377,1.0480328495034377
20250213/dataset/input/7289467711985311745.jpg,20250213/dataset/output/7289467711985311745.jpg,0.9941645093688363,99.41645093688362
20250211/dataset/input/7288691921039417345.jpg,20250211/dataset/output/7288691921039417345.jpg,0.9948282243682492,99.48282243682492
20250213/dataset/input/7289419357867798529.jpg,20250213/dataset/output/7289419357867798529.jpg,0.9800934219483358,98.00934219483358
20250213/dataset/input/7289572072535121920.jpg,20250213/dataset/output/7289572072535121920.jpg,0.9719042740046838,97.19042740046838
20250212/dataset/input/7289171727950606336.jpg,20250212/dataset/output/7289171727950606336.jpg,0.9791734522586626,97.91734522586626
20250212/dataset/input/7289147028298330112.jpg,20250212/dataset/output/7289147028298330112.jpg,0.8911586730477895,89.11586730477894
20250213/dataset/input/7289561634275614720.jpg,20250213/dataset/output/7289561634275614720.jpg,0.9829732729912048,98.29732729912048
20250213/dataset/input/7289459046028959745.jpg,20250213/dataset/output/7289459046028959745.jpg,0.9972475191074951,99.7247519107495
20250212/dataset/input/7289231841374040064.jpg,20250212/dataset/output/7289231841374040064.jpg,0.9753097744785345,97.53097744785345
20250213/dataset/input/7289467417771663361.jpg,20250213/dataset/output/7289467417771663361.jpg,0.9878056428747535,98.78056428747534
20250212/dataset/input/7289069659663392769.jpg,20250212/dataset/output/7289069659663392769.jpg,0.05690481801044084,5.690481801044084
20250213/dataset/input/7289530394726166528.jpg,20250213/dataset/output/7289530394726166528.jpg,0.9764166057457498,97.64166057457498
20250213/dataset/input/7289611656186884097.jpg,20250213/dataset/output/7289611656186884097.jpg,0.6659318048206937,66.59318048206937
20250211/dataset/input/7288844123150245888.jpg,20250211/dataset/output/7288844123150245888.jpg,0.01373227827233762,1.373227827233762
20250211/dataset/input/7288877733924331521.jpg,20250211/dataset/output/7288877733924331521.jpg,0.9371289357918923,93.71289357918923
20250211/dataset/input/7288854886124380160.jpg,20250211/dataset/output/7288854886124380160.jpg,0.9345408950617284,93.45408950617285
20250212/dataset/input/7289137249127522305.jpg,20250212/dataset/output/7289137249127522305.jpg,0.9868885611657857,98.68885611657858
20250212/dataset/input/7289227086543216640.jpg,20250212/dataset/output/7289227086543216640.jpg,0.9148922269313365,91.48922269313366
20250213/dataset/input/7289434257449050112.jpg,20250213/dataset/output/7289434257449050112.jpg,0.9765324653883346,97.65324653883346
20250213/dataset/input/7289582846980677633.jpg,20250213/dataset/output/7289582846980677633.jpg,0.9520042987067405,95.20042987067406
20250212/dataset/input/7289091911549251585.jpg,20250212/dataset/output/7289091911549251585.jpg,0.9795852973889095,97.95852973889096
20250212/dataset/input/7289235469765730304.jpg,20250212/dataset/output/7289235469765730304.jpg,0.6818043888717632,68.18043888717632
20250213/dataset/input/7289449552435765249.jpg,20250213/dataset/output/7289449552435765249.jpg,0.9903521788708087,99.03521788708088
20250212/dataset/input/7289155877977743360.jpg,20250212/dataset/output/7289155877977743360.jpg,0.1985906360906361,19.85906360906361
20250211/dataset/input/7288855468948086785.jpg,20250211/dataset/output/7288855468948086785.jpg,0.9809319196428572,98.09319196428572
20250212/dataset/input/7289169426858926081.jpg,20250212/dataset/output/7289169426858926081.jpg,0.9649434301608215,96.49434301608215
20250213/dataset/input/7289571792095567872.jpg,20250213/dataset/output/7289571792095567872.jpg,0.9831054314623903,98.31054314623903
20250212/dataset/input/7289227801583968257.jpg,20250212/dataset/output/7289227801583968257.jpg,0.9698416394969726,96.98416394969726
20250213/dataset/input/7289462212812365824.jpg,20250213/dataset/output/7289462212812365824.jpg,0.9835008321005917,98.35008321005917
20250213/dataset/input/7289595346551894016.jpg,20250213/dataset/output/7289595346551894016.jpg,0.08406726260257913,8.406726260257912
20250211/dataset/input/7288796274807037953.jpg,20250211/dataset/output/7288796274807037953.jpg,0.34975371491469454,34.97537149146945
20250213/dataset/input/7289545134483501056.jpg,20250213/dataset/output/7289545134483501056.jpg,0.05541266575217192,5.541266575217192
20250212/dataset/input/7289071132514250752.jpg,20250212/dataset/output/7289071132514250752.jpg,0.033612672192968436,3.3612672192968436
20250212/dataset/input/7289165141077192705.jpg,20250212/dataset/output/7289165141077192705.jpg,0.6428301406710043,64.28301406710042
20250211/dataset/input/7288891992045580288.jpg,20250211/dataset/output/7288891992045580288.jpg,0.9574274145964312,95.74274145964313
20250212/dataset/input/7289056141975285760.jpg,20250212/dataset/output/7289056141975285760.jpg,0.93269173281961,93.269173281961
20250211/dataset/input/7288748599365660672.jpg,20250211/dataset/output/7288748599365660672.jpg,0.9952842082183772,99.52842082183771
20250213/dataset/input/7289624440010240000.jpg,20250213/dataset/output/7289624440010240000.jpg,0.9483233360837359,94.83233360837359
20250213/dataset/input/7289435358177026049.jpg,20250213/dataset/output/7289435358177026049.jpg,0.9230031073793175,92.30031073793174
20250211/dataset/input/7288663676973805569.jpg,20250211/dataset/output/7288663676973805569.jpg,0.07571015246717085,7.571015246717085
20250211/dataset/input/7288885908757082113.jpg,20250211/dataset/output/7288885908757082113.jpg,0.9671452442159383,96.71452442159382
20250212/dataset/input/7289169209161965568.jpg,20250212/dataset/output/7289169209161965568.jpg,0.9825516817846935,98.25516817846935
20250212/dataset/input/7289099860132782080.jpg,20250212/dataset/output/7289099860132782080.jpg,0.9921564390163424,99.21564390163424
20250211/dataset/input/7288727142925398017.jpg,20250211/dataset/output/7288727142925398017.jpg,0.9468888925209205,94.68888925209204
20250211/dataset/input/7288894231971651585.jpg,20250211/dataset/output/7288894231971651585.jpg,0.9829311778619804,98.29311778619804
20250212/dataset/input/7289170427519234048.jpg,20250212/dataset/output/7289170427519234048.jpg,0.9918569333891915,99.18569333891915
20250213/dataset/input/7289398643550871552.jpg,20250213/dataset/output/7289398643550871552.jpg,0.9569105389199324,95.69105389199323
20250212/dataset/input/7289110898819489792.jpg,20250212/dataset/output/7289110898819489792.jpg,0.9939038929247007,99.39038929247008
20250211/dataset/input/7288887847754461185.jpg,20250211/dataset/output/7288887847754461185.jpg,0.9615458243598947,96.15458243598947
20250211/dataset/input/7288696181034643457.jpg,20250211/dataset/output/7288696181034643457.jpg,0.9919248129284343,99.19248129284342
20250212/dataset/input/7289236158076219392.jpg,20250212/dataset/output/7289236158076219392.jpg,0.362176738089073,36.2176738089073
20250212/dataset/input/7289131693167931392.jpg,20250212/dataset/output/7289131693167931392.jpg,0.9764973958333333,97.64973958333333
20250213/dataset/input/7289478260789932033.jpg,20250213/dataset/output/7289478260789932033.jpg,0.8685796666827897,86.85796666827898
20250211/dataset/input/7288758885527085057.jpg,20250211/dataset/output/7288758885527085057.jpg,0.9881509054654811,98.8150905465481
20250212/dataset/input/7289143901817991168.jpg,20250212/dataset/output/7289143901817991168.jpg,0.806297813221709,80.6297813221709
20250212/dataset/input/7289184868700844032.jpg,20250212/dataset/output/7289184868700844032.jpg,0.02044011257737639,2.044011257737639
20250211/dataset/input/7288869492976840704.jpg,20250211/dataset/output/7288869492976840704.jpg,0.9489851636857275,94.89851636857274
20250212/dataset/input/7289235203914002433.jpg,20250212/dataset/output/7289235203914002433.jpg,0.975018780048077,97.5018780048077
20250213/dataset/input/7289573776987058176.jpg,20250213/dataset/output/7289573776987058176.jpg,0.9648700756459377,96.48700756459377
20250213/dataset/input/7289557098207141889.jpg,20250213/dataset/output/7289557098207141889.jpg,0.6997707471355824,69.97707471355824
20250211/dataset/input/7288843847467069441.jpg,20250211/dataset/output/7288843847467069441.jpg,0.9723706030713817,97.23706030713817
20250213/dataset/input/7289574271944290304.jpg,20250213/dataset/output/7289574271944290304.jpg,0.967610708752207,96.7610708752207
20250212/dataset/input/7289192216064450560.jpg,20250212/dataset/output/7289192216064450560.jpg,0.9659475441106342,96.59475441106342
20250213/dataset/input/7289507907233669120.jpg,20250213/dataset/output/7289507907233669120.jpg,0.9216118347181675,92.16118347181676
20250211/dataset/input/7288729491240673280.jpg,20250211/dataset/output/7288729491240673280.jpg,0.928935669456067,92.8935669456067
20250211/dataset/input/7288825140418244609.jpg,20250211/dataset/output/7288825140418244609.jpg,0.9262409882782535,92.62409882782535
20250212/dataset/input/7289215098165420033.jpg,20250212/dataset/output/7289215098165420033.jpg,0.9816869704887622,98.16869704887623
20250212/dataset/input/7288911627209994241.jpg,20250212/dataset/output/7288911627209994241.jpg,0.622209273797841,62.220927379784094
20250211/dataset/input/7288897697133686784.jpg,20250211/dataset/output/7288897697133686784.jpg,0.9437162388835655,94.37162388835655
20250213/dataset/input/7289513642503987201.jpg,20250213/dataset/output/7289513642503987201.jpg,0.9138790861989546,91.38790861989547
20250213/dataset/input/7289433029923069952.jpg,20250213/dataset/output/7289433029923069952.jpg,0.9122964226057907,91.22964226057907
20250211/dataset/input/7288872184805650433.jpg,20250211/dataset/output/7288872184805650433.jpg,0.9798690546763893,97.98690546763893
20250211/dataset/input/7288686328337723392.jpg,20250211/dataset/output/7288686328337723392.jpg,0.9901858899297424,99.01858899297424
20250213/dataset/input/7289610547145760768.jpg,20250213/dataset/output/7289610547145760768.jpg,0.9273778031389022,92.73778031389021
20250213/dataset/input/7289581974875824129.jpg,20250213/dataset/output/7289581974875824129.jpg,0.6655952490633253,66.55952490633254
20250211/dataset/input/7288872160004694017.jpg,20250211/dataset/output/7288872160004694017.jpg,0.966518418819674,96.6518418819674
20250213/dataset/input/7289572179267575809.jpg,20250213/dataset/output/7289572179267575809.jpg,0.9734744233263776,97.34744233263775
20250213/dataset/input/7289443901169004544.jpg,20250213/dataset/output/7289443901169004544.jpg,0.9716106052312948,97.16106052312948
20250213/dataset/input/7289538506799472641.jpg,20250213/dataset/output/7289538506799472641.jpg,0.9855121900376171,98.55121900376172
20250213/dataset/input/7289607588269846529.jpg,20250213/dataset/output/7289607588269846529.jpg,0.9127879403794038,91.27879403794039
20250213/dataset/input/7289599125464571904.jpg,20250213/dataset/output/7289599125464571904.jpg,0.40091607008289376,40.09160700828937
20250212/dataset/input/7289146095908708352.jpg,20250212/dataset/output/7289146095908708352.jpg,0.989482062166233,98.9482062166233
20250212/dataset/input/7289145557557207041.jpg,20250212/dataset/output/7289145557557207041.jpg,0.9672210928886439,96.72210928886439
20250211/dataset/input/7288811265140482049.jpg,20250211/dataset/output/7288811265140482049.jpg,0.09324512269471118,9.324512269471118
20250211/dataset/input/7288893950861008897.jpg,20250211/dataset/output/7288893950861008897.jpg,0.025097595473833098,2.5097595473833096
20250212/dataset/input/7289234403359780864.jpg,20250212/dataset/output/7289234403359780864.jpg,0.8558773535564853,85.58773535564853
20250211/dataset/input/7288848956750098432.jpg,20250211/dataset/output/7288848956750098432.jpg,0.976982653887689,97.6982653887689
20250212/dataset/input/7289202701316939777.jpg,20250212/dataset/output/7289202701316939777.jpg,0.9716084427384063,97.16084427384062
20250213/dataset/input/7289528513153003520.jpg,20250213/dataset/output/7289528513153003520.jpg,0.9970474062806984,99.70474062806984
20250211/dataset/input/7288832470069305345.jpg,20250211/dataset/output/7288832470069305345.jpg,0.9676784452296819,96.76784452296819
20250213/dataset/input/7289404402695168001.jpg,20250213/dataset/output/7289404402695168001.jpg,0.9503024538225944,95.03024538225944
20250213/dataset/input/7289574252713369601.jpg,20250213/dataset/output/7289574252713369601.jpg,0.9921807543740059,99.21807543740059
20250212/dataset/input/7289171937019883521.jpg,20250212/dataset/output/7289171937019883521.jpg,0.9721313107304002,97.21313107304002
20250213/dataset/input/7289620061572063233.jpg,20250213/dataset/output/7289620061572063233.jpg,0.28271223898795916,28.271223898795917
20250211/dataset/input/7288760599995019265.jpg,20250211/dataset/output/7288760599995019265.jpg,0.5377092050209205,53.770920502092046
20250211/dataset/input/7288843016005021697.jpg,20250211/dataset/output/7288843016005021697.jpg,0.0011896965728006984,0.11896965728006985
20250213/dataset/input/7289528123510550529.jpg,20250213/dataset/output/7289528123510550529.jpg,0.27125719142259413,27.125719142259413
20250212/dataset/input/7289159322688352256.jpg,20250212/dataset/output/7289159322688352256.jpg,0.9433034336419753,94.33034336419753
20250211/dataset/input/7288680745131859968.jpg,20250211/dataset/output/7288680745131859968.jpg,0.9629726666666667,96.29726666666667
20250213/dataset/input/7289534747671326720.jpg,20250213/dataset/output/7289534747671326720.jpg,0.984795524691358,98.4795524691358
20250213/dataset/input/7289445671987376129.jpg,20250213/dataset/output/7289445671987376129.jpg,0.9842376564673158,98.42376564673158
20250211/dataset/input/7288692839474589697.jpg,20250211/dataset/output/7288692839474589697.jpg,0.1802485810958306,18.02485810958306
20250212/dataset/input/7289232363820703744.jpg,20250212/dataset/output/7289232363820703744.jpg,0.9720435815186724,97.20435815186724
20250211/dataset/input/7288695353951449088.jpg,20250211/dataset/output/7288695353951449088.jpg,0.9936752476498112,99.36752476498111
20250212/dataset/input/7289169477807136768.jpg,20250212/dataset/output/7289169477807136768.jpg,0.9899340776182881,98.9934077618288
20250213/dataset/input/7289576543273152512.jpg,20250213/dataset/output/7289576543273152512.jpg,0.5625,56.25
20250211/dataset/input/7288726896988151808.jpg,20250211/dataset/output/7288726896988151808.jpg,0.9598347275418104,95.98347275418104
20250212/dataset/input/7289169366419042305.jpg,20250212/dataset/output/7289169366419042305.jpg,0.9511768216431429,95.11768216431429
20250211/dataset/input/7288833367348408320.jpg,20250211/dataset/output/7288833367348408320.jpg,0.9740996102930353,97.40996102930353
20250213/dataset/input/7289534338496000000.jpg,20250213/dataset/output/7289534338496000000.jpg,0.9540841664729133,95.40841664729133
20250211/dataset/input/7288709258467631105.jpg,20250211/dataset/output/7288709258467631105.jpg,0.9960266586654302,99.60266586654302
20250212/dataset/input/7289116660312633344.jpg,20250212/dataset/output/7289116660312633344.jpg,0.9419583684289566,94.19583684289566
20250212/dataset/input/7289231805969920001.jpg,20250212/dataset/output/7289231805969920001.jpg,0.9567706814425975,95.67706814425975
20250213/dataset/input/7289554061434576896.jpg,20250213/dataset/output/7289554061434576896.jpg,0.11080127825778198,11.080127825778199
20250213/dataset/input/7289572915053355009.jpg,20250213/dataset/output/7289572915053355009.jpg,0.08536063964452711,8.536063964452712
20250211/dataset/input/7288732528554303488.jpg,20250211/dataset/output/7288732528554303488.jpg,0.9498817758328628,94.98817758328629
20250212/dataset/input/7289252202035568641.jpg,20250212/dataset/output/7289252202035568641.jpg,0.9504456426056338,95.04456426056338
20250211/dataset/input/7288845378589356032.jpg,20250211/dataset/output/7288845378589356032.jpg,0.0021268723191404807,0.21268723191404806
20250212/dataset/input/7289047138146738176.jpg,20250212/dataset/output/7289047138146738176.jpg,0.9118512484358823,91.18512484358823
20250212/dataset/input/7289252026654941184.jpg,20250212/dataset/output/7289252026654941184.jpg,0.9256547095070422,92.56547095070422
20250212/dataset/input/7289232156676648960.jpg,20250212/dataset/output/7289232156676648960.jpg,0.9621246668490763,96.21246668490762
20250211/dataset/input/7288862586140946432.jpg,20250211/dataset/output/7288862586140946432.jpg,0.8754115174230146,87.54115174230147
20250213/dataset/input/7289385620186619904.jpg,20250213/dataset/output/7289385620186619904.jpg,0.4063605219209939,40.63605219209939
20250212/dataset/input/7289233250689544193.jpg,20250212/dataset/output/7289233250689544193.jpg,0.9605511492144997,96.05511492144997
20250211/dataset/input/7288884791520325633.jpg,20250211/dataset/output/7288884791520325633.jpg,0.986358644842477,98.6358644842477
20250213/dataset/input/7289609227445792769.jpg,20250213/dataset/output/7289609227445792769.jpg,0.9855338801515956,98.55338801515956
20250212/dataset/input/7289070270328889345.jpg,20250212/dataset/output/7289070270328889345.jpg,0.04479039676473803,4.479039676473803
20250211/dataset/input/7288831503370313728.jpg,20250211/dataset/output/7288831503370313728.jpg,0.9783186969399784,97.83186969399785
20250211/dataset/input/7288878470083440640.jpg,20250211/dataset/output/7288878470083440640.jpg,0.941157809369335,94.1157809369335
20250213/dataset/input/7289495235092045824.jpg,20250213/dataset/output/7289495235092045824.jpg,0.8892108001106664,88.92108001106665
20250211/dataset/input/7288849923964989441.jpg,20250211/dataset/output/7288849923964989441.jpg,0.4601856694560669,46.01856694560669
20250213/dataset/input/7289460946791100417.jpg,20250213/dataset/output/7289460946791100417.jpg,0.9880044224605523,98.80044224605523
20250213/dataset/input/7289606602474151937.jpg,20250213/dataset/output/7289606602474151937.jpg,0.9692947551733195,96.92947551733195
20250212/dataset/input/7289074314145456128.jpg,20250212/dataset/output/7289074314145456128.jpg,0.978067303067303,97.8067303067303
20250211/dataset/input/7288775751574286336.jpg,20250211/dataset/output/7288775751574286336.jpg,0.9882197014571733,98.82197014571733
20250213/dataset/input/7289589494507921409.jpg,20250213/dataset/output/7289589494507921409.jpg,0.9959231604369309,99.59231604369309
20250212/dataset/input/7289167549966643201.jpg,20250212/dataset/output/7289167549966643201.jpg,0.9801843717489308,98.01843717489308
20250213/dataset/input/7289549483074973697.jpg,20250213/dataset/output/7289549483074973697.jpg,0.10212810547172688,10.212810547172687
20250213/dataset/input/7289405130885099520.jpg,20250213/dataset/output/7289405130885099520.jpg,0.9423401911342378,94.23401911342378
20250212/dataset/input/7289170638329147392.jpg,20250212/dataset/output/7289170638329147392.jpg,0.9733581834737082,97.33581834737082
20250212/dataset/input/7289130893431562240.jpg,20250212/dataset/output/7289130893431562240.jpg,0.9590627190672807,95.90627190672807
20250212/dataset/input/7289137192055627777.jpg,20250212/dataset/output/7289137192055627777.jpg,0.9886060593908528,98.86060593908527
20250211/dataset/input/7288906667642609664.jpg,20250211/dataset/output/7288906667642609664.jpg,0.9723028392250013,97.23028392250012
20250211/dataset/input/7288686887773954048.jpg,20250211/dataset/output/7288686887773954048.jpg,0.9613101392335264,96.13101392335264
20250213/dataset/input/7289609596372541440.jpg,20250213/dataset/output/7289609596372541440.jpg,0.9783953624318005,97.83953624318005
20250212/dataset/input/7289159618634211328.jpg,20250212/dataset/output/7289159618634211328.jpg,0.9365761689291101,93.65761689291101
20250211/dataset/input/7288763578391261184.jpg,20250211/dataset/output/7288763578391261184.jpg,0.9862304115407147,98.62304115407147
20250212/dataset/input/7289079277894524928.jpg,20250212/dataset/output/7289079277894524928.jpg,0.9480492862654321,94.8049286265432
20250213/dataset/input/7289367952675069953.jpg,20250213/dataset/output/7289367952675069953.jpg,0.9589453001435628,95.89453001435628
20250211/dataset/input/7288809476034981889.jpg,20250211/dataset/output/7288809476034981889.jpg,0.10673630163084896,10.673630163084896
20250212/dataset/input/7289223489109684225.jpg,20250212/dataset/output/7289223489109684225.jpg,0.97978842272203,97.97884227220301
20250212/dataset/input/7288920803365642240.jpg,20250212/dataset/output/7288920803365642240.jpg,0.05692890158514319,5.692890158514318
20250213/dataset/input/7289594333417725952.jpg,20250213/dataset/output/7289594333417725952.jpg,0.9713699321225463,97.13699321225462
20250212/dataset/input/7289176112986349568.jpg,20250212/dataset/output/7289176112986349568.jpg,0.9814881925067903,98.14881925067903
20250212/dataset/input/7289171731209543681.jpg,20250212/dataset/output/7289171731209543681.jpg,0.9823028503123347,98.23028503123346
20250211/dataset/input/7288884174219403264.jpg,20250211/dataset/output/7288884174219403264.jpg,0.9660468531421424,96.60468531421425
20250211/dataset/input/7288904592087117825.jpg,20250211/dataset/output/7288904592087117825.jpg,0.9242741844107624,92.42741844107624
20250211/dataset/input/7288692006909440001.jpg,20250211/dataset/output/7288692006909440001.jpg,0.9703711922928809,97.0371192292881
20250212/dataset/input/7289093113632583681.jpg,20250212/dataset/output/7289093113632583681.jpg,0.988701536490786,98.8701536490786
20250212/dataset/input/7289058847653650433.jpg,20250212/dataset/output/7289058847653650433.jpg,0.9603803183348638,96.03803183348639
20250211/dataset/input/7288857798753972224.jpg,20250211/dataset/output/7288857798753972224.jpg,0.9721319658740243,97.21319658740242
20250213/dataset/input/7289606473524469761.jpg,20250213/dataset/output/7289606473524469761.jpg,0.3204897527825342,32.04897527825342
20250212/dataset/input/7289093570325143553.jpg,20250212/dataset/output/7289093570325143553.jpg,0.9566135644728165,95.66135644728165
20250211/dataset/input/7288832833992323073.jpg,20250211/dataset/output/7288832833992323073.jpg,0.7276519552753385,72.76519552753385
20250212/dataset/input/7289144973886251009.jpg,20250212/dataset/output/7289144973886251009.jpg,0.988597125771605,98.8597125771605
20250212/dataset/input/7289240251129720832.jpg,20250212/dataset/output/7289240251129720832.jpg,0.959968642718448,95.9968642718448
20250212/dataset/input/7289124349394612224.jpg,20250212/dataset/output/7289124349394612224.jpg,0.9861313491133981,98.61313491133981
20250212/dataset/input/7289227970517987329.jpg,20250212/dataset/output/7289227970517987329.jpg,0.9740362573372691,97.40362573372691
20250212/dataset/input/7289231361235283968.jpg,20250212/dataset/output/7289231361235283968.jpg,0.8268513961796442,82.68513961796442
20250213/dataset/input/7289519106419613697.jpg,20250213/dataset/output/7289519106419613697.jpg,0.9698531894590031,96.98531894590032
20250213/dataset/input/7289609728140832768.jpg,20250213/dataset/output/7289609728140832768.jpg,0.9588629268754139,95.88629268754138
20250212/dataset/input/7289252243966025728.jpg,20250212/dataset/output/7289252243966025728.jpg,0.9893798828125,98.93798828125
20250213/dataset/input/7289419257791668225.jpg,20250213/dataset/output/7289419257791668225.jpg,0.9579547054196166,95.79547054196166
20250211/dataset/input/7288904937110528000.jpg,20250211/dataset/output/7288904937110528000.jpg,0.9392426194939082,93.92426194939083
20250212/dataset/input/7289232320573272064.jpg,20250212/dataset/output/7289232320573272064.jpg,0.9685375005873627,96.85375005873627
20250211/dataset/input/7288868815810617345.jpg,20250211/dataset/output/7288868815810617345.jpg,0.9786916724353067,97.86916724353067
20250211/dataset/input/7288888521611341825.jpg,20250211/dataset/output/7288888521611341825.jpg,0.9929989321283026,99.29989321283026
20250211/dataset/input/7288559018494156800.jpg,20250211/dataset/output/7288559018494156800.jpg,0.992523277031769,99.2523277031769
20250212/dataset/input/7289089209062715392.jpg,20250212/dataset/output/7289089209062715392.jpg,0.6830902627595156,68.30902627595155
20250213/dataset/input/7289580117298311169.jpg,20250213/dataset/output/7289580117298311169.jpg,0.9490353733289962,94.90353733289962
20250212/dataset/input/7289133758455803905.jpg,20250212/dataset/output/7289133758455803905.jpg,0.9593344907407407,95.93344907407408
20250212/dataset/input/7289234182940717056.jpg,20250212/dataset/output/7289234182940717056.jpg,0.9737288135593221,97.37288135593221
20250213/dataset/input/7289607067354066944.jpg,20250213/dataset/output/7289607067354066944.jpg,0.4044930281563845,40.44930281563845
20250211/dataset/input/7288680155727290369.jpg,20250211/dataset/output/7288680155727290369.jpg,0.9828490925058548,98.28490925058549
20250212/dataset/input/7289195468092928001.jpg,20250212/dataset/output/7289195468092928001.jpg,0.020563899868247696,2.0563899868247697
20250212/dataset/input/7289135020433797121.jpg,20250212/dataset/output/7289135020433797121.jpg,0.9893643832854478,98.93643832854478
20250213/dataset/input/7289605292580429825.jpg,20250213/dataset/output/7289605292580429825.jpg,0.7584813222163865,75.84813222163865
20250211/dataset/input/7288904674287087616.jpg,20250211/dataset/output/7288904674287087616.jpg,0.9412512704686617,94.12512704686617
20250213/dataset/input/7289546302987235329.jpg,20250213/dataset/output/7289546302987235329.jpg,0.9598683529229016,95.98683529229017
20250212/dataset/input/7289252092182589441.jpg,20250212/dataset/output/7289252092182589441.jpg,0.9920836109478085,99.20836109478086
20250211/dataset/input/7288830686349291520.jpg,20250211/dataset/output/7288830686349291520.jpg,0.9643217721061081,96.43217721061082
20250211/dataset/input/7288724605467947008.jpg,20250211/dataset/output/7288724605467947008.jpg,0.9800460163296887,98.00460163296887
20250212/dataset/input/7289037068008747008.jpg,20250212/dataset/output/7289037068008747008.jpg,0.882919014084507,88.2919014084507
20250212/dataset/input/7289077633383460864.jpg,20250212/dataset/output/7289077633383460864.jpg,0.9550745550745551,95.5074555074555
20250212/dataset/input/7289122477464117249.jpg,20250212/dataset/output/7289122477464117249.jpg,0.976866,97.6866
20250211/dataset/input/7288880506585804801.jpg,20250211/dataset/output/7288880506585804801.jpg,0.9404713044667898,94.04713044667898
20250212/dataset/input/7288931942942175232.jpg,20250212/dataset/output/7288931942942175232.jpg,0.9812099689263746,98.12099689263746
20250212/dataset/input/7289034937260371969.jpg,20250212/dataset/output/7289034937260371969.jpg,0.1225685872857468,12.256858728574679
20250213/dataset/input/7289608743167221760.jpg,20250213/dataset/output/7289608743167221760.jpg,0.9759296335828267,97.59296335828267
20250213/dataset/input/7289590230251757568.jpg,20250213/dataset/output/7289590230251757568.jpg,0.9105974267999857,91.05974267999856
20250212/dataset/input/7289206024837292033.jpg,20250212/dataset/output/7289206024837292033.jpg,0.06790197948498355,6.7901979484983555
20250211/dataset/input/7288793200164102144.jpg,20250211/dataset/output/7288793200164102144.jpg,0.9872648242207488,98.72648242207488
20250212/dataset/input/7289193657831321600.jpg,20250212/dataset/output/7289193657831321600.jpg,0.028655603655603656,2.8655603655603654
20250213/dataset/input/7289611156099981313.jpg,20250213/dataset/output/7289611156099981313.jpg,0.9808836696366178,98.08836696366178
20250211/dataset/input/7288840013034352640.jpg,20250211/dataset/output/7288840013034352640.jpg,0.8956228956228957,89.56228956228956
20250213/dataset/input/7289573441878908928.jpg,20250213/dataset/output/7289573441878908928.jpg,0.96675,96.675
20250213/dataset/input/7289597340377178113.jpg,20250213/dataset/output/7289597340377178113.jpg,0.9796019198193111,97.9601919819311
20250211/dataset/input/7288732359876173825.jpg,20250211/dataset/output/7288732359876173825.jpg,0.9580143501569037,95.80143501569037
20250212/dataset/input/7289118196816175105.jpg,20250212/dataset/output/7289118196816175105.jpg,0.9384983963558996,93.84983963558996
20250211/dataset/input/7288875921032933376.jpg,20250211/dataset/output/7288875921032933376.jpg,0.8461463308727747,84.61463308727747
20250211/dataset/input/7288883744055816193.jpg,20250211/dataset/output/7288883744055816193.jpg,0.9363188767697708,93.63188767697707
20250211/dataset/input/7288856027188977665.jpg,20250211/dataset/output/7288856027188977665.jpg,0.02370959250798128,2.370959250798128
20250211/dataset/input/7288841406038208512.jpg,20250211/dataset/output/7288841406038208512.jpg,0.17888754128819156,17.888754128819155
20250213/dataset/input/7289607577469513728.jpg,20250213/dataset/output/7289607577469513728.jpg,0.9747365087118119,97.47365087118119
20250212/dataset/input/7289211843884638208.jpg,20250212/dataset/output/7289211843884638208.jpg,0.040761959876543206,4.07619598765432
20250213/dataset/input/7289537165268115456.jpg,20250213/dataset/output/7289537165268115456.jpg,0.9582381844811566,95.82381844811566
20250212/dataset/input/7289065613321854976.jpg,20250212/dataset/output/7289065613321854976.jpg,0.7112751007080078,71.12751007080078
20250211/dataset/input/7288859255431520256.jpg,20250211/dataset/output/7288859255431520256.jpg,0.9501331547805912,95.01331547805913
20250211/dataset/input/7288843071466266625.jpg,20250211/dataset/output/7288843071466266625.jpg,0.9495677458934295,94.95677458934296
20250212/dataset/input/7289160508879429632.jpg,20250212/dataset/output/7289160508879429632.jpg,0.9964638473341005,99.64638473341006
20250212/dataset/input/7289092405789220864.jpg,20250212/dataset/output/7289092405789220864.jpg,0.9966741468923281,99.66741468923281
20250212/dataset/input/7289106543932403713.jpg,20250212/dataset/output/7289106543932403713.jpg,0.9992893782410707,99.92893782410707
20250212/dataset/input/7289235730085244928.jpg,20250212/dataset/output/7289235730085244928.jpg,0.9700726362693035,97.00726362693035
20250212/dataset/input/7289234276247166976.jpg,20250212/dataset/output/7289234276247166976.jpg,0.9941323562179694,99.41323562179693
20250211/dataset/input/7288861812816146433.jpg,20250211/dataset/output/7288861812816146433.jpg,0.5765563484251969,57.65563484251969
20250212/dataset/input/7289165636294471681.jpg,20250212/dataset/output/7289165636294471681.jpg,0.9873879107832984,98.73879107832984
20250213/dataset/input/7289309996113747968.jpg,20250213/dataset/output/7289309996113747968.jpg,0.9808384273921134,98.08384273921133
20250211/dataset/input/7288844654891560961.jpg,20250211/dataset/output/7288844654891560961.jpg,0.976321149526161,97.6321149526161
20250212/dataset/input/7289232114498691072.jpg,20250212/dataset/output/7289232114498691072.jpg,0.9778689120300674,97.78689120300675
20250211/dataset/input/7288849626441998336.jpg,20250211/dataset/output/7288849626441998336.jpg,0.9247797660270015,92.47797660270015
20250212/dataset/input/7289069615912644608.jpg,20250212/dataset/output/7289069615912644608.jpg,0.03742878107734807,3.7428781077348066
20250212/dataset/input/7289088402321895424.jpg,20250212/dataset/output/7289088402321895424.jpg,0.9612049689440993,96.12049689440994
20250213/dataset/input/7289426801188691968.jpg,20250213/dataset/output/7289426801188691968.jpg,0.9764429012345679,97.64429012345678
20250212/dataset/input/7289230485842096129.jpg,20250212/dataset/output/7289230485842096129.jpg,0.8920642108234873,89.20642108234873
20250211/dataset/input/7288804954373943296.jpg,20250211/dataset/output/7288804954373943296.jpg,0.0022670066093960603,0.22670066093960603
20250212/dataset/input/7289068709716488192.jpg,20250212/dataset/output/7289068709716488192.jpg,0.9710542299944751,97.10542299944751
20250213/dataset/input/7289491601214205953.jpg,20250213/dataset/output/7289491601214205953.jpg,0.9542063148788927,95.42063148788927
20250212/dataset/input/7289251980475654145.jpg,20250212/dataset/output/7289251980475654145.jpg,0.9376026995305164,93.76026995305165
20250213/dataset/input/7289564332639186944.jpg,20250213/dataset/output/7289564332639186944.jpg,0.9638595511323246,96.38595511323246
20250212/dataset/input/7289099245994438657.jpg,20250212/dataset/output/7289099245994438657.jpg,0.9706649975992866,97.06649975992866
20250213/dataset/input/7289449398857166849.jpg,20250213/dataset/output/7289449398857166849.jpg,0.9425076844262295,94.25076844262294
20250213/dataset/input/7289518820586184704.jpg,20250213/dataset/output/7289518820586184704.jpg,0.8214479476686508,82.14479476686508
20250212/dataset/input/7289245319975428096.jpg,20250212/dataset/output/7289245319975428096.jpg,0.9795110625794429,97.95110625794429
20250212/dataset/input/7289149341993820160.jpg,20250212/dataset/output/7289149341993820160.jpg,0.9314496527777778,93.14496527777779
20250212/dataset/input/7289068344828817409.jpg,20250212/dataset/output/7289068344828817409.jpg,0.958072692678604,95.80726926786039
20250213/dataset/input/7289449323963674624.jpg,20250213/dataset/output/7289449323963674624.jpg,0.9710425204918033,97.10425204918033
20250212/dataset/input/7289232472058949633.jpg,20250212/dataset/output/7289232472058949633.jpg,0.9740193910791767,97.40193910791767
20250211/dataset/input/7288875321499082752.jpg,20250211/dataset/output/7288875321499082752.jpg,0.7340191619238127,73.40191619238126
20250212/dataset/input/7289139052942520321.jpg,20250212/dataset/output/7289139052942520321.jpg,0.9635398361860091,96.3539836186009
20250212/dataset/input/7289128642889707520.jpg,20250212/dataset/output/7289128642889707520.jpg,0.05690640133171913,5.690640133171913
20250213/dataset/input/7289567940134891521.jpg,20250213/dataset/output/7289567940134891521.jpg,0.9265346090415212,92.65346090415211
20250212/dataset/input/7289171625294979072.jpg,20250212/dataset/output/7289171625294979072.jpg,0.5197357968988308,51.973579689883074
20250213/dataset/input/7289460969142509568.jpg,20250213/dataset/output/7289460969142509568.jpg,0.9212326004793511,92.1232600479351
20250212/dataset/input/7289240846997712896.jpg,20250212/dataset/output/7289240846997712896.jpg,0.9022081163194444,90.22081163194444
20250211/dataset/input/7288773220332793857.jpg,20250211/dataset/output/7288773220332793857.jpg,0.9754400341442595,97.54400341442594
20250212/dataset/input/7289070494128599041.jpg,20250212/dataset/output/7289070494128599041.jpg,0.034117052648321246,3.4117052648321247
20250213/dataset/input/7289581270333415425.jpg,20250213/dataset/output/7289581270333415425.jpg,0.9757289468636102,97.57289468636102
20250213/dataset/input/7289405099855638529.jpg,20250213/dataset/output/7289405099855638529.jpg,0.9800272954021366,98.00272954021366
20250211/dataset/input/7288844888241627137.jpg,20250211/dataset/output/7288844888241627137.jpg,0.9670301973983191,96.7030197398319
20250212/dataset/input/7289127820252475392.jpg,20250212/dataset/output/7289127820252475392.jpg,0.9539546897110748,95.39546897110748
20250213/dataset/input/7289625226941362177.jpg,20250213/dataset/output/7289625226941362177.jpg,0.9512563149207196,95.12563149207196
20250212/dataset/input/7289076993403936769.jpg,20250212/dataset/output/7289076993403936769.jpg,0.9927185181322954,99.27185181322955
20250212/dataset/input/7289105889746808833.jpg,20250212/dataset/output/7289105889746808833.jpg,0.9858020645270102,98.58020645270102
20250212/dataset/input/7289196945649721344.jpg,20250212/dataset/output/7289196945649721344.jpg,0.9758452868852459,97.58452868852459
20250212/dataset/input/7289241670062764033.jpg,20250212/dataset/output/7289241670062764033.jpg,0.6672255655452436,66.72255655452436
20250211/dataset/input/7288815878124138497.jpg,20250211/dataset/output/7288815878124138497.jpg,0.839813069099333,83.9813069099333
20250211/dataset/input/7288832625954807809.jpg,20250211/dataset/output/7288832625954807809.jpg,0.9403946889224507,94.03946889224507
20250213/dataset/input/7289607787507675136.jpg,20250213/dataset/output/7289607787507675136.jpg,0.118515625,11.8515625
20250212/dataset/input/7289235832279461889.jpg,20250212/dataset/output/7289235832279461889.jpg,0.987349984413965,98.7349984413965
20250211/dataset/input/7288748883781378049.jpg,20250211/dataset/output/7288748883781378049.jpg,0.9808964141384812,98.08964141384811
20250213/dataset/input/7289442819512492033.jpg,20250213/dataset/output/7289442819512492033.jpg,0.5127974633891214,51.27974633891213
20250212/dataset/input/7289234803873832961.jpg,20250212/dataset/output/7289234803873832961.jpg,0.960901036499846,96.0901036499846
20250213/dataset/input/7289421029348237313.jpg,20250213/dataset/output/7289421029348237313.jpg,0.955868031358885,95.5868031358885
20250212/dataset/input/7289231954964144128.jpg,20250212/dataset/output/7289231954964144128.jpg,0.9616126739108358,96.16126739108358
20250213/dataset/input/7289451111156609024.jpg,20250213/dataset/output/7289451111156609024.jpg,0.9888843688362919,98.8884368836292
20250211/dataset/input/7288558818203557889.jpg,20250211/dataset/output/7288558818203557889.jpg,0.9865174640660077,98.65174640660076
20250213/dataset/input/7289612478736035840.jpg,20250213/dataset/output/7289612478736035840.jpg,0.059820797171327544,5.982079717132755
20250212/dataset/input/7289169853461622784.jpg,20250212/dataset/output/7289169853461622784.jpg,0.12662113686534215,12.662113686534216
20250211/dataset/input/7288788942605803521.jpg,20250211/dataset/output/7288788942605803521.jpg,0.30224773669436544,30.224773669436544
20250211/dataset/input/7288844070268497920.jpg,20250211/dataset/output/7288844070268497920.jpg,0.9772371364653244,97.72371364653245
20250213/dataset/input/7289606629942685697.jpg,20250213/dataset/output/7289606629942685697.jpg,0.6959888980860272,69.59888980860272
20250212/dataset/input/7289096303857954817.jpg,20250212/dataset/output/7289096303857954817.jpg,0.9728211113251738,97.28211113251739
20250211/dataset/input/7288901762060148737.jpg,20250211/dataset/output/7288901762060148737.jpg,0.98079,98.07900000000001
20250212/dataset/input/7289199270145617920.jpg,20250212/dataset/output/7289199270145617920.jpg,0.9699571365767878,96.99571365767878
20250212/dataset/input/7289217565234098176.jpg,20250212/dataset/output/7289217565234098176.jpg,0.8917415994052871,89.17415994052871
20250211/dataset/input/7288822817730129920.jpg,20250211/dataset/output/7288822817730129920.jpg,0.9843689798364657,98.43689798364656
20250212/dataset/input/7289133629514473473.jpg,20250212/dataset/output/7289133629514473473.jpg,0.9875612865775917,98.75612865775916
20250212/dataset/input/7289160790099161088.jpg,20250212/dataset/output/7289160790099161088.jpg,0.9358192555967587,93.58192555967587
20250213/dataset/input/7289443363316588544.jpg,20250213/dataset/output/7289443363316588544.jpg,0.9864420572916667,98.64420572916667
20250212/dataset/input/7289034681177141248.jpg,20250212/dataset/output/7289034681177141248.jpg,0.02139838127895342,2.139838127895342
20250212/dataset/input/7289070337332932608.jpg,20250212/dataset/output/7289070337332932608.jpg,0.034117052648321246,3.4117052648321247
20250211/dataset/input/7288728343586824193.jpg,20250211/dataset/output/7288728343586824193.jpg,0.9393208147264676,93.93208147264676
20250212/dataset/input/7289234639620730880.jpg,20250212/dataset/output/7289234639620730880.jpg,0.9566817777777777,95.66817777777777
20250213/dataset/input/7289405358048567296.jpg,20250213/dataset/output/7289405358048567296.jpg,0.8937092973882947,89.37092973882947
20250212/dataset/input/7289147092861214720.jpg,20250212/dataset/output/7289147092861214720.jpg,0.7220053501457462,72.20053501457461
20250212/dataset/input/7289088778706153473.jpg,20250212/dataset/output/7289088778706153473.jpg,0.9734013414975593,97.34013414975593
20250211/dataset/input/7288844074068500481.jpg,20250211/dataset/output/7288844074068500481.jpg,0.9729704716503397,97.29704716503397
20250211/dataset/input/7288697994353860609.jpg,20250211/dataset/output/7288697994353860609.jpg,0.1628997489631085,16.28997489631085
20250211/dataset/input/7288686099462905856.jpg,20250211/dataset/output/7288686099462905856.jpg,0.9492078589684015,94.92078589684016
20250211/dataset/input/7288788714829967360.jpg,20250211/dataset/output/7288788714829967360.jpg,0.9737104780942862,97.37104780942862
20250211/dataset/input/7288825415291957248.jpg,20250211/dataset/output/7288825415291957248.jpg,0.9774319592158249,97.7431959215825
20250213/dataset/input/7289519520321957888.jpg,20250213/dataset/output/7289519520321957888.jpg,0.9785651242502142,97.85651242502142
20250211/dataset/input/7288833533245714433.jpg,20250211/dataset/output/7288833533245714433.jpg,0.990130178103187,99.0130178103187
20250211/dataset/input/7288871496885268481.jpg,20250211/dataset/output/7288871496885268481.jpg,0.977815908609552,97.7815908609552
20250212/dataset/input/7289173160498323457.jpg,20250212/dataset/output/7289173160498323457.jpg,0.9802003613945578,98.02003613945578
20250211/dataset/input/7288841566260621313.jpg,20250211/dataset/output/7288841566260621313.jpg,0.8036934864188706,80.36934864188706
20250212/dataset/input/7289232009439764481.jpg,20250212/dataset/output/7289232009439764481.jpg,0.9546512786600114,95.46512786600114
20250212/dataset/input/7289246271772094464.jpg,20250212/dataset/output/7289246271772094464.jpg,0.935631755640744,93.5631755640744
20250211/dataset/input/7288737324023738369.jpg,20250211/dataset/output/7288737324023738369.jpg,0.962254883960047,96.22548839600469
20250211/dataset/input/7288883646378827777.jpg,20250211/dataset/output/7288883646378827777.jpg,0.8917371244588884,89.17371244588884
20250212/dataset/input/7289157725442826240.jpg,20250212/dataset/output/7289157725442826240.jpg,0.15782566307526935,15.782566307526935
20250212/dataset/input/7289164801766387712.jpg,20250212/dataset/output/7289164801766387712.jpg,0.44827410650646576,44.82741065064658
20250212/dataset/input/7289170775277367297.jpg,20250212/dataset/output/7289170775277367297.jpg,0.9756473808819177,97.56473808819177
20250212/dataset/input/7289104292471959553.jpg,20250212/dataset/output/7289104292471959553.jpg,0.9695378252296446,96.95378252296446
20250211/dataset/input/7288864861731184640.jpg,20250211/dataset/output/7288864861731184640.jpg,0.9284533607681755,92.84533607681755
20250211/dataset/input/7288732751724867584.jpg,20250211/dataset/output/7288732751724867584.jpg,0.9314350974110879,93.14350974110879
20250212/dataset/input/7289170112413720577.jpg,20250212/dataset/output/7289170112413720577.jpg,0.9851112834035035,98.51112834035035
20250211/dataset/input/7288813212547477505.jpg,20250211/dataset/output/7288813212547477505.jpg,0.9765531358885018,97.65531358885018
20250212/dataset/input/7289228290992136193.jpg,20250212/dataset/output/7289228290992136193.jpg,0.7379288063909775,73.79288063909775
20250212/dataset/input/7289239643568009217.jpg,20250212/dataset/output/7289239643568009217.jpg,0.965069390940655,96.5069390940655
20250213/dataset/input/7289458806534238209.jpg,20250213/dataset/output/7289458806534238209.jpg,0.8877551020408163,88.77551020408163
20250212/dataset/input/7289238475668254721.jpg,20250212/dataset/output/7289238475668254721.jpg,0.9837405359633393,98.37405359633394
20250213/dataset/input/7289540675112071168.jpg,20250213/dataset/output/7289540675112071168.jpg,0.07014292818993664,7.014292818993664
20250212/dataset/input/7289101841157087232.jpg,20250212/dataset/output/7289101841157087232.jpg,0.9911388035486209,99.11388035486209
20250211/dataset/input/7288831809860689921.jpg,20250211/dataset/output/7288831809860689921.jpg,0.9507869142531316,95.07869142531315
20250212/dataset/input/7289174211779686401.jpg,20250212/dataset/output/7289174211779686401.jpg,0.9831035711225654,98.31035711225654
20250212/dataset/input/7289067341345779712.jpg,20250212/dataset/output/7289067341345779712.jpg,0.9716132983377078,97.16132983377078
20250212/dataset/input/7289066601835458561.jpg,20250212/dataset/output/7289066601835458561.jpg,0.9535737798455056,95.35737798455057
20250213/dataset/input/7289620630411960321.jpg,20250213/dataset/output/7289620630411960321.jpg,0.9653833405456169,96.53833405456169
20250211/dataset/input/7288877667549470720.jpg,20250211/dataset/output/7288877667549470720.jpg,0.9605673214089762,96.05673214089762
20250212/dataset/input/7289169754203381761.jpg,20250212/dataset/output/7289169754203381761.jpg,0.938364127702363,93.8364127702363
20250212/dataset/input/7289145983488815104.jpg,20250212/dataset/output/7289145983488815104.jpg,0.6644462719298245,66.44462719298245
20250212/dataset/input/7289134191224090625.jpg,20250212/dataset/output/7289134191224090625.jpg,0.9886421372550831,98.86421372550831
20250212/dataset/input/7289236638055555073.jpg,20250212/dataset/output/7289236638055555073.jpg,0.9350116446711767,93.50116446711768
