index,l1_p1,l1_p2,l1_p3,psnr_p1,psnr_p2,psnr_p3,ssim_p1,ssim_p2,ssim_p3
0,0.007839420810341835,0.010479360818862915,0.013123356737196445,27.965166091918945,26.70343780517578,25.408260345458984,0.9869021451155358,0.9846587142803064,0.979782520553613
1,0.043264660984277725,0.04495743662118912,0.04647309333086014,15.313421249389648,15.179823875427246,15.139102935791016,0.8884360569446594,0.8856715245580635,0.8814038545044163
2,0.03293689340353012,0.0362425222992897,0.03905252367258072,17.6580810546875,17.22248649597168,16.931089401245117,0.8944109217568281,0.8924548847771492,0.8876937329555983
3,0.012427827343344688,0.015412379987537861,0.01943637803196907,28.809127807617188,26.24277114868164,24.289661407470703,0.9823268913336545,0.9790515565130934,0.9708730384864435
4,0.009177155792713165,0.010478196665644646,0.012581709772348404,29.8684139251709,28.150249481201172,26.395206451416016,0.9905141829183102,0.9881353861532212,0.9840823381216526
5,0.09900303930044174,0.0996270701289177,0.09969130903482437,15.472131729125977,15.426885604858398,15.418343544006348,0.8631384650965332,0.8610400246444792,0.8609351503822953
6,0.08246372640132904,0.0836525708436966,0.08382967859506607,17.075651168823242,16.944005966186523,16.914806365966797,0.8410470878330171,0.8364783761145771,0.8357328187339306
7,0.02583053894340992,0.027480561286211014,0.029927683994174004,21.622657775878906,20.77493667602539,20.12127685546875,0.9374417247070255,0.9364069303413455,0.9319213640480496
8,0.10290658473968506,0.10421781986951828,0.10442030429840088,15.665199279785156,15.530600547790527,15.503148078918457,0.8325518790135086,0.8269907337265908,0.8258813415841758
9,0.07902737706899643,0.07866739481687546,0.07947138696908951,12.800168991088867,12.446661949157715,12.378535270690918,0.7234560450233862,0.7328205169162466,0.7302041622781975
10,0.0022841792088001966,0.0026826101820915937,0.002867261879146099,35.3631706237793,34.25598907470703,33.30265808105469,0.994865141026251,0.994629812297061,0.9941880157551617
11,0.009275360032916069,0.009735340252518654,0.009729213081300259,22.026382446289062,21.580169677734375,21.54728889465332,0.9693176677613016,0.9700276514213795,0.9699241481208644
12,0.013015476986765862,0.015154250897467136,0.017542429268360138,26.777862548828125,24.931095123291016,23.62532615661621,0.9815965264835209,0.979051698550336,0.9744779327783621
13,0.02275615558028221,0.023132622241973877,0.023248355835676193,18.118488311767578,17.948610305786133,17.953136444091797,0.9374590545501681,0.9355242436544419,0.9336778125333661
14,0.0075036101043224335,0.007836965844035149,0.007852992042899132,24.94842529296875,24.83049201965332,24.821666717529297,0.9712132086891383,0.9708880946188718,0.9710016271217168
15,0.07350660115480423,0.07753455638885498,0.07882784307003021,15.43099594116211,14.985466003417969,14.874166488647461,0.8086831644378547,0.7984486414853558,0.7947289614723201
16,0.021382074803113937,0.023263052105903625,0.024250371381640434,19.19588279724121,18.610258102416992,18.424863815307617,0.930115443231597,0.927418932285768,0.9251782840538237
17,0.0084309633821249,0.00924813561141491,0.009817500598728657,27.864238739013672,27.317716598510742,26.893091201782227,0.9911667149325609,0.9898799551278055,0.988532467985248
18,0.025367531925439835,0.026395637542009354,0.026640500873327255,21.337360382080078,21.05835723876953,20.970565795898438,0.960747176294744,0.9587043885627985,0.9578666077993512
19,0.0018459046259522438,0.002366758417338133,0.0025785048492252827,38.138465881347656,36.352020263671875,34.911643981933594,0.9964303254842758,0.9958433203287125,0.9953046452999115
20,0.019711695611476898,0.019575629383325577,0.02008083090186119,19.45549774169922,18.53508949279785,18.292387008666992,0.9044871918451898,0.920624236424886,0.9206562083548832
21,0.012900885194540024,0.014644328504800797,0.015466507524251938,21.57688331604004,20.059757232666016,19.637205123901367,0.9402646218778938,0.9424086329921764,0.9419484758038309
22,0.038736630231142044,0.04179980605840683,0.043275684118270874,17.812646865844727,17.427337646484375,17.255374908447266,0.9324759792861249,0.9298546577598304,0.9271097045861959
23,0.03342204913496971,0.0339849554002285,0.034131936728954315,17.340991973876953,16.924015045166016,16.859004974365234,0.9229810793961726,0.9269833462033116,0.9261871718404397
24,0.028580568730831146,0.02985178492963314,0.030162828043103218,18.315099716186523,18.075613021850586,18.019330978393555,0.9392149531303001,0.9381504477425635,0.937337869626809
25,0.014504587277770042,0.013136498630046844,0.014822721481323242,26.466102600097656,26.304134368896484,25.32232093811035,0.9835985247793496,0.982528826756224,0.9780880941534191
26,0.018846265971660614,0.019864186644554138,0.02220074087381363,21.963415145874023,21.64653778076172,21.129886627197266,0.9754544155255398,0.9722985724670701,0.9670301560866018
27,0.030075710266828537,0.0311071015894413,0.03468797355890274,20.0319881439209,19.44317626953125,18.946353912353516,0.9419397592134396,0.9388590582916262,0.9317515323006454
28,0.017046723514795303,0.01818172261118889,0.020437978208065033,24.26980209350586,23.370765686035156,22.552949905395508,0.969493975054385,0.9679223334180932,0.9627471142925618
29,0.005638989619910717,0.00601149071007967,0.006149607710540295,24.477230072021484,24.728574752807617,24.721269607543945,0.9908448154599256,0.9902023326984011,0.9897659329370595
30,0.019160766154527664,0.020992882549762726,0.024597063660621643,22.03692626953125,21.20183563232422,20.410432815551758,0.9439748400321336,0.938126965950077,0.9289897402743967
31,0.022185038775205612,0.02205565944314003,0.02617446891963482,23.486122131347656,23.094818115234375,21.914546966552734,0.9480601314093768,0.9403321124006957,0.9275951685850322
32,0.04109945893287659,0.04528793692588806,0.05043800547719002,16.974485397338867,16.418142318725586,16.036603927612305,0.8652369914939911,0.8553904767639662,0.8438616896221819
33,0.028074949979782104,0.029917806386947632,0.033508963882923126,19.75863265991211,19.177078247070312,18.690549850463867,0.9226903516860944,0.9167778686330906,0.9092534889515503
34,0.020117245614528656,0.022066384553909302,0.025352494791150093,22.381622314453125,21.655080795288086,20.945507049560547,0.9545387523272325,0.950949683035685,0.9436286693983981
35,0.006765293888747692,0.006785338744521141,0.00691075436770916,26.456212997436523,25.95658302307129,25.610742568969727,0.9872177245458513,0.9872645463381707,0.9869346674706787
36,0.016944117844104767,0.01734304428100586,0.017907291650772095,19.634979248046875,19.013784408569336,18.79790496826172,0.9442277915285875,0.9488052165615667,0.9481535432882708
37,0.024846818298101425,0.02381455898284912,0.02430804818868637,19.927852630615234,19.545989990234375,19.34248924255371,0.9379860799137969,0.9416831589003075,0.9415814646120062
38,0.045316118746995926,0.04532856121659279,0.04532937705516815,14.552764892578125,14.447627067565918,14.447481155395508,0.8657404973788551,0.8651471091061971,0.8651148761113128
39,0.027083739638328552,0.026645483449101448,0.026870980858802795,17.40693473815918,17.09235382080078,17.035266876220703,0.9042450199049832,0.9209080154488236,0.9210391106480295
40,0.0463467575609684,0.04675348103046417,0.046756938099861145,14.84868049621582,14.659008026123047,14.696005821228027,0.853562354626774,0.8542036361543678,0.8535855446265183
41,0.00823278445750475,0.009756771847605705,0.010966558009386063,26.187335968017578,25.372203826904297,24.781265258789062,0.9877483583897725,0.9854515465145931,0.982854480196923
42,0.002876119688153267,0.0037422936875373125,0.004471685737371445,39.4025993347168,36.910240173339844,34.267974853515625,0.9957399253184795,0.9952149003814459,0.9937948166455031
43,0.04702194035053253,0.04759693145751953,0.047620803117752075,14.75139045715332,14.554176330566406,14.587093353271484,0.850730368675863,0.8511782904658286,0.850688510851139
44,0.010068444535136223,0.011613598093390465,0.013044368475675583,26.268115997314453,25.387310028076172,24.698932647705078,0.9847300048601701,0.981989871121414,0.9787121946017519
45,0.03099077008664608,0.03365246206521988,0.03512904793024063,18.183216094970703,17.631494522094727,17.338045120239258,0.915516166179502,0.907392785243434,0.9025241044816156
46,0.031108111143112183,0.033794425427913666,0.035237886011600494,18.16023063659668,17.60342788696289,17.31549644470215,0.9166489998229086,0.9085385001028952,0.9038052908494855
47,0.01634116843342781,0.02054087072610855,0.0237642303109169,25.604122161865234,23.04015350341797,21.482332229614258,0.9728969644485116,0.9620854529403449,0.9527879890937507
48,0.01725630834698677,0.01887422427535057,0.019421681761741638,21.65935516357422,21.005422592163086,20.72608757019043,0.9524715581905395,0.9489539712314261,0.9470749147645459
49,0.017226383090019226,0.018912706524133682,0.01950911432504654,21.662904739379883,20.997312545776367,20.70369529724121,0.9516623853233457,0.9480668154304251,0.946092098483718
50,0.03461148962378502,0.037605203688144684,0.039207823574543,19.33074951171875,18.47381019592285,18.060243606567383,0.9220367334806919,0.9120124684842527,0.9066902630706132
51,0.018937230110168457,0.021137218922376633,0.022299472242593765,21.021228790283203,20.44590950012207,20.14326286315918,0.964558046928485,0.9575331902407953,0.9547428478551949
52,0.038169413805007935,0.040114760398864746,0.04246344417333603,20.893627166748047,20.02579116821289,19.435556411743164,0.9465012402865784,0.9388684817396551,0.9331128673637211
53,0.0011453810147941113,0.0011567727196961641,0.0011569155612960458,56.679744720458984,56.627296447753906,56.62635040283203,0.9983725057325363,0.9983618600635529,0.9983618745107651
54,0.004970875568687916,0.0050444649532437325,0.005142594687640667,24.908645629882812,25.0290584564209,24.992610931396484,0.9926741023261995,0.9918848893335015,0.9914753368814141
55,0.034741729497909546,0.03506702929735184,0.0357513353228569,16.586700439453125,16.421072006225586,16.361181259155273,0.9151303456775703,0.9144431288377558,0.9104647464023018
56,0.042545825242996216,0.043291714042425156,0.04334171116352081,15.06056022644043,14.899290084838867,14.922332763671875,0.8564532255978444,0.8575247307352709,0.856577938909631
57,0.04124664142727852,0.04237253963947296,0.04297845438122749,15.375332832336426,15.163520812988281,15.121805191040039,0.8508702500996957,0.8505122664387575,0.8485079345139424
58,0.004190921783447266,0.004915799014270306,0.005620157346129417,33.63612365722656,31.50568962097168,29.910642623901367,0.9939417915391922,0.9933100907726288,0.9917080022621155
59,0.07749654352664948,0.07868809998035431,0.07812242209911346,12.152958869934082,11.924108505249023,11.935462951660156,0.73486691382856,0.7361029435753924,0.7360942552889592
60,0.029919302091002464,0.030585307627916336,0.030590521171689034,15.717238426208496,15.607812881469727,15.60684585571289,0.9489612174146562,0.9477997000296622,0.9477780407051468
61,0.008444983512163162,0.008546484634280205,0.009077055379748344,25.96571159362793,25.497509002685547,25.136451721191406,0.9800410476375008,0.9797865788080967,0.9787980748244529
62,0.02642563357949257,0.028004368767142296,0.028349677100777626,18.304676055908203,17.55834197998047,17.42943572998047,0.9315315828260529,0.9330514065607776,0.9322815379703036
63,0.004893946461379528,0.004800647497177124,0.004816453903913498,28.465248107910156,28.77185821533203,28.784969329833984,0.9906148677065074,0.9909691525523514,0.9909398541548475
64,0.1455133855342865,0.1474313735961914,0.14784356951713562,12.52843952178955,12.455134391784668,12.43798828125,0.8816560422516764,0.8774032489200234,0.876677605496563
65,0.011392621323466301,0.013142015784978867,0.015623431652784348,25.30632972717285,24.398088455200195,23.556690216064453,0.9750498285128176,0.9726289532924537,0.9680271087143291
66,0.005827794317156076,0.00696929544210434,0.00772770494222641,27.162025451660156,26.08295440673828,25.523666381835938,0.9793068832895048,0.9788471580458514,0.9773766394961309
67,0.011505686677992344,0.015794871374964714,0.019291523844003677,25.229339599609375,23.963932037353516,22.94049835205078,0.9787269207627997,0.9747360191682791,0.9685507978458786
68,0.011704807169735432,0.013791692443192005,0.016096163541078568,24.56670570373535,23.704072952270508,23.022571563720703,0.9730147329470906,0.969700159150634,0.9652510645943004
69,0.0014112063217908144,0.0017491336911916733,0.0018176353769376874,47.71540069580078,44.380950927734375,42.33396530151367,0.996784412940979,0.9967186533498764,0.9966062280740738
70,0.035737596452236176,0.031009044498205185,0.029354048892855644,17.9855899810791,18.368995666503906,18.548152923583984,0.9059993244654909,0.9107956256261468,0.914052371492628
71,0.027108509093523026,0.027311496436595917,0.027744216844439507,18.06590461730957,17.813602447509766,17.729827880859375,0.9094344488998428,0.9078578105704281,0.9071786216960804
72,0.04077897593379021,0.03916328400373459,0.039563652127981186,16.38046646118164,16.165359497070312,16.08060646057129,0.87685255654938,0.878501066453571,0.8771779682210424
73,0.024271082133054733,0.023302819579839706,0.023006435483694077,18.819656372070312,18.813568115234375,18.84424591064453,0.933474362431339,0.9346790468808445,0.935320305260126
74,0.009384570643305779,0.009590091183781624,0.010090295225381851,25.33972930908203,25.045881271362305,24.75336456298828,0.9824080750485342,0.982032515301081,0.9808285783812544
75,0.012139268219470978,0.012145732529461384,0.012778631411492825,26.64760398864746,26.283397674560547,25.610410690307617,0.9771987850925923,0.97712227510643,0.9760022173601985
76,0.014021828770637512,0.013588851317763329,0.014139214530587196,24.81061553955078,24.56157875061035,24.143198013305664,0.9705275376130622,0.9704793618248634,0.9694026183042829
77,0.004971082787960768,0.006616249680519104,0.007723843678832054,33.07926940917969,31.05373764038086,29.441516876220703,0.9932306535922288,0.9928398356285691,0.99129255855003
78,0.18868523836135864,0.19894948601722717,0.20104427635669708,9.417275428771973,9.029708862304688,8.961126327514648,0.6671181672344634,0.6537999616460058,0.6510663360214141
79,0.2847067713737488,0.29991352558135986,0.3030994236469269,7.90876579284668,7.5118584632873535,7.452738285064697,0.5630594948372096,0.5281292962720683,0.5209336229226555
80,0.011289817281067371,0.01752970740199089,0.02084117755293846,29.494783401489258,25.12044906616211,23.663352966308594,0.990260724784851,0.9818193378853798,0.9765388202065826
81,0.07279668748378754,0.06978577375411987,0.06963042169809341,13.30438232421875,13.163694381713867,13.193487167358398,0.8798320962482067,0.8778158149986302,0.8773078654644444
82,0.009976125322282314,0.014098044484853745,0.01747438684105873,29.188030242919922,26.230743408203125,24.86992835998535,0.9897733396084308,0.9847187509738505,0.9793347360777557
83,0.010394178330898285,0.016043750569224358,0.01979905366897583,31.262405395507812,26.715822219848633,24.679109573364258,0.9895773285207748,0.9833604990062713,0.9766621656768322
84,0.0071729314513504505,0.007976392284035683,0.009856978431344032,32.55100631713867,30.63968276977539,28.454111099243164,0.9922810849404335,0.9916640982122421,0.9886370698928832
85,0.00888407789170742,0.011291669681668282,0.013258417136967182,29.107275009155273,26.414424896240234,25.228307723999023,0.9832724220166057,0.9839506278899377,0.9812191993916752
86,0.04402869939804077,0.04734807088971138,0.04836352914571762,15.150155067443848,14.394725799560547,14.210945129394531,0.8233833792810143,0.8235830386538204,0.8228497999854865
87,0.07320353388786316,0.07699862122535706,0.07814729958772659,12.893587112426758,12.35783576965332,12.237207412719727,0.7006523277327047,0.700654475662218,0.6985289381736157
88,0.07517343759536743,0.07500609010457993,0.0742746964097023,12.194955825805664,12.123942375183105,12.151702880859375,0.7491106157107107,0.7490474955562352,0.7488257197001652
89,0.0018660695059224963,0.00247374945320189,0.0026693735271692276,38.28268051147461,36.481502532958984,35.113014221191406,0.9957985472769737,0.9956199571275711,0.9953789755151272
90,0.01625283621251583,0.018204940482974052,0.02054399996995926,21.108295440673828,20.72706413269043,20.34116554260254,0.9453849841119186,0.9432407760863476,0.9382904238636725
91,0.09319936484098434,0.09597991406917572,0.09807835519313812,11.779027938842773,11.49096393585205,11.398157119750977,0.7496980909916597,0.7515314125558394,0.7479741726942726
92,0.006335228681564331,0.009291192516684532,0.011866016313433647,32.097984313964844,28.369218826293945,26.080760955810547,0.9897678733613491,0.9874639723166228,0.9817196438738703
93,0.013545570895075798,0.018225645646452904,0.02308427169919014,27.99383544921875,24.88039779663086,22.929729461669922,0.9729908950868249,0.9682649668205231,0.9575454793276563
94,0.013183413073420525,0.015478484332561493,0.018501339480280876,27.323848724365234,25.24207305908203,23.66611671447754,0.9799407211776525,0.9753370449601412,0.9681556197386458
95,0.00520403403788805,0.006469930987805128,0.007828858681023121,31.56109046936035,29.24239158630371,27.57938575744629,0.9938649502947331,0.9899514156075716,0.9857380618172884
96,0.0032599065452814102,0.003798650810495019,0.004445584490895271,34.062747955322266,31.97541046142578,30.32322883605957,0.9967581829164028,0.9954623379355669,0.993851605040431
97,0.007882127538323402,0.011700562201440334,0.014451303519308567,29.500741958618164,25.95426368713379,24.255516052246094,0.9833264878216358,0.9732961143908762,0.9641800251669121
98,0.008897479623556137,0.010656027123332024,0.012481387704610825,26.446544647216797,24.707275390625,23.650638580322266,0.9731493826836068,0.9673206176046075,0.9605670630789255
99,0.005431837867945433,0.005979546345770359,0.00677231140434742,30.479877471923828,28.7873477935791,27.64793586730957,0.98921266534549,0.9885825332539081,0.9859042896914482
100,0.015842419117689133,0.01615259051322937,0.017034295946359634,23.00366973876953,22.6082763671875,22.230939865112305,0.9545341952031702,0.9555006739181148,0.9540157533915191
101,0.01774883083999157,0.018871203064918518,0.02063145488500595,22.82176971435547,22.18233871459961,21.667800903320312,0.9508292654882634,0.9517207267575192,0.9490721648795429
102,0.007629957050085068,0.0083647221326828,0.009392769075930119,29.538616180419922,28.815706253051758,27.732179641723633,0.9825190872812569,0.9819330833770782,0.9803650232821405
103,0.014829534105956554,0.015114164911210537,0.016185542568564415,25.196815490722656,24.813499450683594,24.2000675201416,0.972674464706853,0.9716054203241616,0.9698687040882148
104,0.00714931171387434,0.0071033332496881485,0.0072217779234051704,26.112369537353516,26.121702194213867,26.06491470336914,0.9776760131321699,0.9777979351080917,0.9778425011142865
105,0.008083260618150234,0.009934225119650364,0.011546071618795395,28.72988510131836,26.39927864074707,24.949247360229492,0.9754998329656459,0.9740054401265607,0.9696444608444497
106,0.030707931146025658,0.03289848938584328,0.03531789407134056,17.654870986938477,17.30603790283203,17.048749923706055,0.9314022091754529,0.9288108535512527,0.921939648921557
107,0.010844998061656952,0.013738885521888733,0.01625579409301281,28.092687606811523,25.344615936279297,23.759984970092773,0.9689384798648824,0.9672766521175746,0.9610923624335881
108,0.005584686063230038,0.006565418094396591,0.007157620973885059,28.119979858398438,27.08572769165039,26.387619018554688,0.9810352189362124,0.9814318398886547,0.980696531993866
109,0.012980856001377106,0.016197308897972107,0.019229421392083168,27.960296630859375,24.81926918029785,23.060508728027344,0.9719762093488127,0.9664855959239528,0.9591647892310321
110,0.03121166303753853,0.03146177530288696,0.031338803470134735,16.60764503479004,16.426286697387695,16.45522689819336,0.8906597566828027,0.8973910831293515,0.8967777978425147
111,0.004319924861192703,0.00467917462810874,0.004839196801185608,27.215845108032227,26.726863861083984,26.57893943786621,0.9906298502084352,0.9927492612639451,0.9924683963058563
112,0.005287556909024715,0.005857059266418219,0.006824842654168606,33.252525329589844,31.982419967651367,30.429805755615234,0.9852555732595697,0.9904472834825031,0.9884972963561938
113,0.03121166303753853,0.03146177530288696,0.031338803470134735,16.60764503479004,16.426286697387695,16.45522689819336,0.8906597566828027,0.8973910831293515,0.8967777978425147
114,0.004319924861192703,0.00467917462810874,0.004839196801185608,27.215845108032227,26.726863861083984,26.57893943786621,0.9906298502084352,0.9927492612639451,0.9924683963058563
115,0.007552282884716988,0.008158806711435318,0.00922195054590702,31.304729461669922,30.06725311279297,28.559396743774414,0.9909475824058056,0.9900287231630087,0.9875779641629457
116,0.007696835324168205,0.008763648569583893,0.01018507406115532,31.402132034301758,29.74532699584961,27.966711044311523,0.9897921354427338,0.988535651122272,0.9853619905631245
117,0.007821159437298775,0.008687938563525677,0.00977940484881401,31.243162155151367,29.63702964782715,28.18891143798828,0.9912831142373085,0.9908352888851166,0.9888483488974571
118,0.02318808250129223,0.022737713530659676,0.022964630275964737,18.892005920410156,18.994142532348633,19.07198143005371,0.947121506006565,0.9474674839802947,0.9460761548518435
119,0.006291551515460014,0.007143125869333744,0.008116934448480606,32.188232421875,30.814308166503906,29.220895767211914,0.9930171786541939,0.9921409895420075,0.990450087649107
120,0.015936676412820816,0.01703326776623726,0.01762160286307335,21.12810516357422,20.482582092285156,20.356403350830078,0.9397079110080646,0.9447134872082487,0.9436773869155483
121,0.035445623099803925,0.03668856620788574,0.03759341686964035,16.14485740661621,15.433309555053711,15.225910186767578,0.8762615666307565,0.8844283404754971,0.8842860283115473
122,0.05913759022951126,0.06370571255683899,0.06625531613826752,13.890007019042969,13.47829818725586,13.323057174682617,0.7632395461875178,0.7588537052653492,0.754439728302761
123,0.017467346042394638,0.018513351678848267,0.018882928416132927,19.42815589904785,18.64208984375,18.44074058532715,0.9206799967709209,0.9254531337004225,0.9254704971788619
124,0.06652898341417313,0.0673481673002243,0.06701238453388214,12.979928970336914,12.706768035888672,12.697755813598633,0.7605674048457038,0.7650293148688061,0.7654624500373811
125,0.007818336598575115,0.007641057949513197,0.007501296699047089,24.296371459960938,24.300025939941406,24.35723304748535,0.9731130459782258,0.9740028236905802,0.9743451399363093
126,0.014403102919459343,0.01505309995263815,0.01503919530659914,19.80160903930664,19.50581932067871,19.47288703918457,0.9475166656198778,0.9476679842064202,0.947779391884094
127,0.008583860471844673,0.008816145360469818,0.009614046663045883,29.760570526123047,29.137126922607422,28.108633041381836,0.9893353147066235,0.9883745133081675,0.9866460085319578
128,0.017746232450008392,0.01763051375746727,0.019130567088723183,24.615633010864258,24.254417419433594,23.44855499267578,0.9732487382158042,0.9725166364924163,0.9698703031191677
129,0.00557999312877655,0.005561339668929577,0.005717230495065451,30.873912811279297,31.053905487060547,30.614843368530273,0.991193505223751,0.9914456043739319,0.9909840722156763
130,0.0035000136122107506,0.004419786389917135,0.005226940847933292,35.77345657348633,33.58332061767578,31.674726486206055,0.9955107250328064,0.995029153857708,0.9934747812776565
131,0.008037020452320576,0.009014822542667389,0.009752785786986351,24.699642181396484,22.20113754272461,21.572662353515625,0.9544966419363757,0.9616771252660659,0.961197222669489
132,0.02888621762394905,0.029114030301570892,0.031004155054688454,18.374902725219727,17.9102783203125,17.674793243408203,0.8720647821590086,0.8732066390532963,0.871394203958843
133,0.004513720981776714,0.004465640522539616,0.0052228886634111404,32.001487731933594,32.581871032714844,31.46884536743164,0.9926250062675476,0.9926944341671616,0.9913766232971251
134,0.013694764114916325,0.014652658253908157,0.015043435618281364,20.41745376586914,20.062313079833984,19.9750919342041,0.9621813485921837,0.9621580150932897,0.9611944493309933
135,0.025261128321290016,0.026127222925424576,0.02728900872170925,20.244932174682617,19.46258544921875,19.063142776489258,0.9477021397799551,0.9408328021321669,0.9366867094770148
136,0.036523204296827316,0.03619924932718277,0.03685062751173973,17.344345092773438,16.9977970123291,16.80633544921875,0.9242340269424051,0.9196852444553137,0.9175106618181292
137,0.03393617272377014,0.03684245049953461,0.04007025808095932,19.718135833740234,18.58485984802246,17.904582977294922,0.934980363939555,0.9191533342093067,0.9096031733497462
138,0.010270284488797188,0.010590244084596634,0.010949695482850075,24.543914794921875,23.987991333007812,23.6220645904541,0.9802707457388043,0.9782185917208492,0.9769563964263797
139,0.02154417708516121,0.02124280110001564,0.02135147899389267,19.47930145263672,19.24544334411621,19.157913208007812,0.9534596913318448,0.9510204736149348,0.9504782295484133
140,0.029831545427441597,0.030579496175050735,0.03106321208178997,16.912128448486328,16.3768253326416,16.23503875732422,0.8818280299533844,0.8887617463035797,0.8883632826266263
141,0.0071600815281271935,0.008647426962852478,0.00920095480978489,24.185745239257812,22.552490234375,22.047000885009766,0.9609962396926377,0.9610500134851087,0.9604815176658305
142,0.05728825926780701,0.05668601021170616,0.05590061843395233,13.471397399902344,13.424300193786621,13.471282958984375,0.8141220686049508,0.8155938403603774,0.8157382923391314
143,0.0005637757130898535,0.0011025029234588146,0.001109647797420621,57.556575775146484,57.0366096496582,57.00223922729492,0.9986886285343171,0.9986302345428467,0.9986231761417389
144,0.0006293730111792684,0.0010964928660541773,0.0011030156165361404,54.376365661621094,57.091732025146484,57.06763458251953,0.9985326472783088,0.9986415382318496,0.9986363037004471
145,0.007292536552995443,0.0063119265250861645,0.006217319983989,30.204811096191406,31.32387924194336,31.49489402770996,0.9920828627824784,0.9932240641243458,0.9936011819081306
146,0.0037773465737700462,0.003771614981815219,0.0037999486085027456,29.320592880249023,29.558818817138672,29.5651912689209,0.9956645073979496,0.9963519663030207,0.9962368083280623
147,0.006662194151431322,0.0061478582210838795,0.0062193069607019424,31.435924530029297,32.119972229003906,31.751434326171875,0.9939370172305108,0.9947517401549816,0.9946808356313706
148,0.007292536552995443,0.0063119265250861645,0.006217319983989,30.204811096191406,31.32387924194336,31.49489402770996,0.9920828627824784,0.9932240641243458,0.9936011819081306
149,0.0037773465737700462,0.003771614981815219,0.0037999486085027456,29.320592880249023,29.558818817138672,29.5651912689209,0.9956645073979496,0.9963519663030207,0.9962368083280623
150,0.01701747253537178,0.018946092575788498,0.021218344569206238,25.854951858520508,24.837921142578125,23.9044189453125,0.977517268355934,0.9738116241213465,0.9693367037659586
151,0.007163945119827986,0.009115952998399734,0.011053362861275673,31.983020782470703,28.93039321899414,26.965848922729492,0.9914640176012516,0.9881141850583554,0.9840487500054836
152,0.014292154461145401,0.012574223801493645,0.013236651197075844,26.540973663330078,26.672897338867188,25.966567993164062,0.980771521729052,0.9841949382782206,0.9825474578966722
153,0.010557273402810097,0.011772116646170616,0.012710995972156525,23.73736572265625,22.76027488708496,22.303030014038086,0.9623872658932386,0.9618952291912397,0.9602433033740594
154,0.03890378773212433,0.038767583668231964,0.03832956776022911,16.36285400390625,16.399755477905273,16.503704071044922,0.9305409046531627,0.9284798982741684,0.9275556325136414
155,0.04475508630275726,0.044948361814022064,0.04495083540678024,15.405386924743652,15.39340877532959,15.393293380737305,0.7198764374554381,0.7197965879270136,0.7197901935351305
156,0.023015305399894714,0.02323096990585327,0.02333206683397293,17.681278228759766,17.732189178466797,17.728378295898438,0.9049547210416236,0.9045703868782893,0.9043847618709225
157,0.029615070670843124,0.029798731207847595,0.02980159968137741,17.259397506713867,17.24622344970703,17.24609375,0.81369408130024,0.8137089563546889,0.8136994568110109
158,0.02292250469326973,0.023147540166974068,0.023150643333792686,17.946636199951172,17.934309005737305,17.9342041015625,0.8795820313488506,0.8796427898164876,0.8796356245126911
159,0.005564984865486622,0.005767845083028078,0.005842851009219885,24.20488739013672,24.509580612182617,24.527414321899414,0.9892692894882728,0.9890246516324058,0.9888106703031008
160,0.09804733097553253,0.1170075386762619,0.12120221555233002,14.33647632598877,13.26579475402832,13.107675552368164,0.8032528942793198,0.7988738623965136,0.7892814777035033
161,0.055780377238988876,0.07251892983913422,0.07600334286689758,18.533435821533203,16.3186092376709,16.066177368164062,0.8505625248884037,0.8496017024182556,0.8412186677546213
162,0.021047253161668777,0.031081944704055786,0.038035184144973755,24.527225494384766,21.60962677001953,20.257492065429688,0.9624067504243254,0.9422714649309739,0.926302110883617
163,0.01822201907634735,0.026714008301496506,0.031915731728076935,24.509103775024414,21.711715698242188,20.51856803894043,0.9598180826216937,0.9427039681019146,0.931088740109453
164,0.017331533133983612,0.02440539002418518,0.029502589255571365,24.921985626220703,22.396162033081055,21.09417724609375,0.9585609275448471,0.9417680039928472,0.9300368032323495
165,0.03938890993595123,0.04070710018277168,0.040998317301273346,15.747147560119629,15.465667724609375,15.421248435974121,0.8893912010885916,0.886912434384956,0.8855807193086963
166,0.004878917708992958,0.005771327763795853,0.006120274309068918,26.011011123657227,25.02627944946289,24.695968627929688,0.9900441121493504,0.9897902387593175,0.9889532109297094
167,0.0018074298277497292,0.0024055340327322483,0.0026514651253819466,40.043060302734375,39.17255783081055,37.41922378540039,0.9972158756256103,0.9970976913166046,0.9964869873929024
168,0.022233624011278152,0.02273624762892723,0.02253657579421997,17.920795440673828,17.772912979125977,17.82729721069336,0.928553457215493,0.9287215047127071,0.9286973354161698
169,0.0055843377485871315,0.006322884000837803,0.006642610765993595,25.533292770385742,24.9021053314209,24.657333374023438,0.9908075214659572,0.9903196254836452,0.9894899523726841
170,0.021865226328372955,0.02421398088335991,0.026156529784202576,20.72097396850586,19.347789764404297,18.80130958557129,0.9278302000150302,0.9251905651081389,0.9208895922477853
171,0.016885582357645035,0.018360113725066185,0.020430807024240494,22.000654220581055,20.594242095947266,19.916685104370117,0.9454801565063552,0.9445459343854621,0.9408190713229414
172,0.009518681094050407,0.011182781308889389,0.013328035362064838,30.217761993408203,28.349809646606445,26.66767120361328,0.9808242973549813,0.9825834853843302,0.9789294106201268
173,0.00672632921487093,0.006987188942730427,0.007516220211982727,28.425537109375,28.009082794189453,27.4814510345459,0.987485893029416,0.9875295193596259,0.9864937714232579
174,0.02514542266726494,0.025765199214220047,0.02655046433210373,18.042449951171875,17.887937545776367,17.80343246459961,0.9382593693851425,0.939614561980617,0.9374270403685486
175,0.005579590331763029,0.0061934515833854675,0.007025521248579025,32.87074279785156,31.574256896972656,30.196273803710938,0.9911526259963512,0.9900420605691075,0.9885699382674098
176,0.007392954081296921,0.00783572532236576,0.008841058239340782,31.37592124938965,30.397207260131836,28.91794204711914,0.9908423296470642,0.9900644988696575,0.9883157740139962
177,0.012784373946487904,0.013900211080908775,0.01516011729836464,27.39813995361328,26.21171760559082,25.2144775390625,0.9841038231668472,0.9815845182313919,0.9783275082182884
178,0.00523748155683279,0.005918076727539301,0.0064272191375494,30.464651107788086,28.88873291015625,27.787073135375977,0.9899443565454483,0.9885339717315436,0.9870223426865637
179,0.004280426073819399,0.004964799620211124,0.005186866037547588,26.917800903320312,25.4859619140625,25.102516174316406,0.9808661990532682,0.9817870969740128,0.9815231647536024
180,0.02968345768749714,0.030195970088243484,0.030306261032819748,16.844268798828125,16.632328033447266,16.633398056030273,0.8898985167481768,0.8899012205551191,0.889095546795271
181,0.036920614540576935,0.03771357610821724,0.037568747997283936,15.515522003173828,15.291213989257812,15.292754173278809,0.8804031362039068,0.881276392480234,0.8810222378617852
182,0.06665375828742981,0.0677868202328682,0.06744024157524109,13.034170150756836,12.793669700622559,12.787923812866211,0.752955009811803,0.7528922096031795,0.752681259881987
183,0.03850582242012024,0.03951874375343323,0.03941991180181503,15.674428939819336,15.39805793762207,15.388010025024414,0.8519693991872844,0.8519361860196448,0.8515397614207526
184,0.030733490362763405,0.03149553760886192,0.03132813796401024,16.465194702148438,16.246835708618164,16.255393981933594,0.9036214705950971,0.9031731273980246,0.9027814170899617
185,0.019410640001296997,0.02026338130235672,0.02250726893544197,21.61949920654297,21.318607330322266,20.92340660095215,0.9724765857056151,0.9699345160334437,0.9654561697364024
186,0.011590994894504547,0.012530185282230377,0.014323857612907887,28.117055892944336,27.097381591796875,25.894912719726562,0.9907520860681533,0.9891210754642487,0.9858893879079819
187,0.014899078756570816,0.016078457236289978,0.016792824491858482,20.319869995117188,20.162181854248047,20.071670532226562,0.9596952825114075,0.9615184939149013,0.9601018651421556
188,0.0067783547565341,0.007931884378194809,0.009343106299638748,30.890613555908203,29.26849365234375,27.852136611938477,0.9945347387619019,0.9929692757334709,0.990680286280632
189,0.037729356437921524,0.03812727332115173,0.03885236382484436,16.147987365722656,15.95899486541748,15.916500091552734,0.9099007633406458,0.908697162309767,0.9062947271389454
190,0.018192151561379433,0.01845407485961914,0.019394954666495323,20.803852081298828,20.434566497802734,20.232925415039062,0.9476780705223649,0.9494510739082287,0.9476475600806307
191,0.018192151561379433,0.01845407485961914,0.019394954666495323,20.803852081298828,20.434566497802734,20.232925415039062,0.9476780705223649,0.9494510739082287,0.9476475600806307
192,0.009909584186971188,0.011258675716817379,0.012541418895125389,27.67347526550293,26.17192840576172,25.242324829101562,0.9776615056739449,0.9758630561210215,0.9736849132665545
193,0.01201159879565239,0.01194774266332388,0.012522461824119091,24.472389221191406,24.294219970703125,23.96417808532715,0.972148701839149,0.9717865703897514,0.9706558863922283
194,0.01201159879565239,0.01194774266332388,0.012522461824119091,24.472389221191406,24.294219970703125,23.96417808532715,0.972148701839149,0.9717865703897514,0.9706558863922283
195,0.0013701533898711205,0.0014736407902091742,0.00147516920696944,54.29639434814453,54.62542724609375,54.61862564086914,0.998197354543686,0.9982538590679169,0.998253731842041
196,0.0014896208886057138,0.001632453640922904,0.0016338028945028782,53.11016082763672,53.55470657348633,53.55284881591797,0.9979696665439606,0.9980437586183548,0.9980468242168427
197,0.0018195005832239985,0.0023986520245671272,0.0025090519338846207,32.86902618408203,31.860639572143555,31.229167938232422,0.9969217967255115,0.996478309546113,0.9961984253140092
198,0.0013652124907821417,0.001529291970655322,0.0015311597380787134,53.49135971069336,54.38361740112305,54.376163482666016,0.9980127248773575,0.9981636227312088,0.9981636438913345
199,0.0015284798573702574,0.001686600036919117,0.0016883127391338348,52.7944221496582,53.702423095703125,53.698936462402344,0.9978642633666992,0.9979924222650528,0.9979954787425995
200,0.0031932361889630556,0.001894322456791997,0.0019023024942725897,43.510780334472656,46.499107360839844,45.12282943725586,0.9924519407881498,0.9958611971312166,0.995882853103578
201,0.0028109285049140453,0.001691928831860423,0.0017068206798285246,42.81633377075195,43.269596099853516,42.222747802734375,0.9929534014753103,0.9963636498383581,0.9963450638441146
202,0.03166540712118149,0.03257434070110321,0.033221833407878876,16.734434127807617,16.379390716552734,16.310813903808594,0.8915138134066106,0.8928319040234952,0.8918781067704444
203,0.10537895560264587,0.10500311106443405,0.11649948358535767,13.44404125213623,11.638496398925781,10.798961639404297,0.39445305946362297,0.43257059777563256,0.43331250468867316
204,0.0018333923071622849,0.0016001590993255377,0.0016097049228847027,44.50677490234375,43.162208557128906,42.473670959472656,0.9963122360675335,0.9968636254497468,0.9968427901916206
205,0.007408176548779011,0.006745055317878723,0.007494543679058552,26.728925704956055,24.422725677490234,23.552940368652344,0.9470249046972021,0.9626456328853741,0.9616677094631652
206,0.033165160566568375,0.03314898908138275,0.03327131271362305,16.68575668334961,15.987878799438477,15.87960433959961,0.874145177795268,0.8830066587481606,0.883918163074712
207,0.050509437918663025,0.053147092461586,0.05853687971830368,16.97268295288086,16.45777702331543,15.988969802856445,0.8176273687029251,0.8097603236470621,0.8000736416759753
208,0.017478324472904205,0.016915958374738693,0.01803954876959324,21.201021194458008,20.849468231201172,20.604516983032227,0.9358766635620994,0.9434451388140863,0.9417793389060966
209,0.007572194095700979,0.005868823267519474,0.006375737953931093,27.54193115234375,25.33360481262207,24.369056701660156,0.9406819907261804,0.9676387374807391,0.9696179996034274
210,0.009388156235218048,0.009511766955256462,0.009824470616877079,24.117345809936523,22.471942901611328,22.106725692749023,0.9473296247699508,0.9570449130045897,0.9569734001682686
211,0.006562790367752314,0.006831374019384384,0.0069345748052001,23.551223754882812,23.659839630126953,23.63743019104004,0.9859941770698197,0.9856196331353612,0.9852874553110615
212,0.0032981212716549635,0.004320663399994373,0.004954382311552763,36.744285583496094,34.01964569091797,32.299503326416016,0.9958415515089035,0.9950748761205673,0.9941629724559784
213,0.01823461428284645,0.019128406420350075,0.01942133903503418,20.49312973022461,20.297887802124023,20.21871566772461,0.9724312255125791,0.9712199698811322,0.9705440215503275
214,0.014578407630324364,0.014949457719922066,0.01510913297533989,20.66084861755371,20.637470245361328,20.59862518310547,0.9749318140774923,0.9742471687240656,0.9740368385994256
215,0.11511814594268799,0.1135844811797142,0.11279897391796112,11.971736907958984,11.786952018737793,11.780909538269043,0.7344189976717713,0.7520357843747206,0.7535824824123596
216,0.03725598752498627,0.0371607169508934,0.03747589886188507,16.27751922607422,15.721811294555664,15.599834442138672,0.8330448312009738,0.8469188477143011,0.8476295139954892
217,0.036189157515764236,0.037871453911066055,0.040169090032577515,17.360530853271484,15.64482593536377,15.17136001586914,0.7715722956598593,0.8139136806980566,0.8150214398252911
218,0.022413205355405807,0.021277975291013718,0.02130092680454254,18.85149383544922,18.071134567260742,17.92667579650879,0.8990720932270371,0.9214363787029907,0.9224412037397596
219,0.048369742929935455,0.04891325905919075,0.04975690692663193,15.374977111816406,14.502215385437012,14.215699195861816,0.808972485203729,0.826461854614547,0.8282106395611151
220,0.0288730189204216,0.02544112130999565,0.026723114773631096,20.89279556274414,20.651775360107422,20.2858943939209,0.9505602082826728,0.9516322432495598,0.9480842024791085
221,0.014344598166644573,0.01423797570168972,0.015332276001572609,21.922245025634766,21.669143676757812,21.369171142578125,0.9671544688136541,0.9660090279159248,0.963591705346249
222,0.0366545245051384,0.036894842982292175,0.03888734430074692,17.196868896484375,16.93215560913086,16.774633407592773,0.906011062851008,0.9046019940168359,0.9007245586397671
223,0.02086898870766163,0.0181596539914608,0.01915207877755165,24.713214874267578,25.0426025390625,24.397441864013672,0.9772442205656245,0.9787080323214457,0.9762221825411879
224,0.010207109153270721,0.010348057374358177,0.011061138473451138,23.787837982177734,23.927995681762695,23.662593841552734,0.9873385348675884,0.9864353649809062,0.9848042648499794
225,0.01363614946603775,0.015427406877279282,0.01937326416373253,25.98099136352539,25.02682876586914,23.71086311340332,0.9721686188165661,0.9682560818691643,0.9607487598346404
226,0.0065199825912714005,0.009385832585394382,0.011907802894711494,29.49498176574707,27.72808837890625,26.12588882446289,0.985995288422171,0.9824906767121852,0.976806969761502
227,0.007878949865698814,0.010492169298231602,0.014242526143789291,31.778125762939453,29.28403663635254,26.50996208190918,0.9880144802107811,0.9839086675417423,0.9761089093630314
228,0.024503886699676514,0.02592879720032215,0.027925699949264526,18.24007225036621,17.980262756347656,17.750804901123047,0.8925821185320215,0.8923024642163109,0.8879020931389066
229,0.001621246337890625,0.0020756039302796125,0.002313885372132063,42.60593032836914,40.27233123779297,37.651668548583984,0.9968401033039093,0.9967771749095917,0.9962995112781524
230,0.02993173338472843,0.02905993163585663,0.03047320619225502,19.323368072509766,19.028535842895508,18.823131561279297,0.9401552197275422,0.9404753817176428,0.9373421495218146
231,0.0325179360806942,0.03230553865432739,0.031807512044906616,16.855178833007812,16.485769271850586,16.541858673095703,0.9081687214717723,0.9097578462056385,0.9099374030358947
232,0.03535127267241478,0.03457368165254593,0.036991704255342484,18.5889892578125,18.31041717529297,18.036348342895508,0.9386633800939901,0.9359576873819625,0.9306617557770568
233,0.024034831672906876,0.023614171892404556,0.02526186779141426,21.250179290771484,20.910438537597656,20.500553131103516,0.9591274946798273,0.9570387656632019,0.9538846819990068
234,0.050405919551849365,0.049107588827610016,0.04836293309926987,14.96702766418457,14.711432456970215,14.774867057800293,0.8676102468806336,0.8694559186712271,0.8697713832173172
235,0.015007849782705307,0.014164588414132595,0.016203157603740692,26.986309051513672,26.561325073242188,25.35062026977539,0.9848188475627602,0.9836777673748434,0.9795734592157006
236,0.015422658994793892,0.01661420799791813,0.018646065145730972,22.831836700439453,22.330434799194336,21.88093376159668,0.9712421759086618,0.9690057975660886,0.9651350151568071
237,0.026257675141096115,0.029779493808746338,0.033608850091695786,19.12482452392578,18.771408081054688,18.48105239868164,0.9360408544513753,0.9316955542815717,0.9251993851433542
238,0.010905610397458076,0.011927852407097816,0.014127010479569435,29.9305362701416,28.598548889160156,26.895950317382812,0.9892454673976898,0.986992006975174,0.9829248747282028
239,0.0011425348930060863,0.0014374435413628817,0.0014409259893000126,54.43815231323242,54.82688903808594,54.81995391845703,0.9970856247596741,0.9970668908729553,0.9970586754732131
240,0.02521238848567009,0.023737620562314987,0.025670167058706284,21.68726921081543,21.210289001464844,20.64907455444336,0.953413221108309,0.9540130068201356,0.9503851270838631
241,0.016820434480905533,0.017720188945531845,0.019359629601240158,21.199644088745117,20.893943786621094,20.594308853149414,0.9630863701299466,0.9615409107865156,0.958896400201335
242,0.015206098556518555,0.01619556173682213,0.019099239259958267,24.922487258911133,23.651275634765625,22.697189331054688,0.9664423622871582,0.9651054827108134,0.9612786434791019
243,0.023505421355366707,0.021766990423202515,0.022997796535491943,21.46959686279297,21.358890533447266,21.065380096435547,0.9556353091143518,0.9576316963236557,0.9560991435392383
244,0.010799908079206944,0.011069685220718384,0.011136794462800026,21.161518096923828,20.9859676361084,20.963972091674805,0.9697018445820494,0.9700725029808951,0.9695104308355634
245,0.0020254384726285934,0.0019038072787225246,0.0019057648023590446,48.161216735839844,48.2353401184082,48.22399139404297,0.9948531890592575,0.9952250302112102,0.9952192025649548
246,0.002032395452260971,0.0017944640712812543,0.00179356150329113,50.06049728393555,53.20537567138672,53.20831298828125,0.9951406597366333,0.9957456932287216,0.9957397619438172
247,0.017260964959859848,0.02035454846918583,0.021628722548484802,24.215164184570312,22.593021392822266,21.986865997314453,0.9462158047081093,0.941054612165029,0.9377628925007491
248,0.0017716132570058107,0.0016013759886845946,0.0016018672613427043,52.14340591430664,53.907188415527344,53.900909423828125,0.9959813690004349,0.9961633282928467,0.9961508599376678
249,0.007229789160192013,0.005435952916741371,0.005993182770907879,28.078941345214844,26.12118911743164,25.109878540039062,0.919946528195396,0.9599873615743444,0.9616732209688797
250,0.07188429683446884,0.07465563714504242,0.07870502769947052,14.967229843139648,14.727951049804688,14.452933311462402,0.8603127329726321,0.8498885214996347,0.8373826055207152
251,0.025580406188964844,0.026531189680099487,0.029021158814430237,22.59593963623047,21.907726287841797,21.054641723632812,0.9225518587459326,0.9164081858158409,0.9085991477762759
252,0.017100144177675247,0.018367458134889603,0.02003706619143486,25.957855224609375,25.37946319580078,24.568340301513672,0.9662120176136494,0.9622248109107018,0.9576141383814216
253,0.012050843797624111,0.013357145711779594,0.01616993360221386,26.58759117126465,24.911706924438477,23.251361846923828,0.9847575263843537,0.9787051290249824,0.9706337295762301
254,0.013181458227336407,0.014636438339948654,0.017355822026729584,25.045738220214844,23.60784912109375,22.23642349243164,0.9806977273951956,0.9743032193492465,0.9661966396367829
255,0.011386609636247158,0.015192216262221336,0.017680194228887558,31.383934020996094,28.25713348388672,26.63347625732422,0.9904452829055787,0.9858416199412345,0.9820595447497368
256,0.01492864266037941,0.01731928624212742,0.01902804896235466,23.51111602783203,22.947093963623047,22.454702377319336,0.9817444168368652,0.9768738205636628,0.9732526872787625
257,0.006531218532472849,0.0080827372148633,0.009156396612524986,33.21669006347656,30.69283676147461,29.238035202026367,0.9927716543779374,0.9905843469352722,0.988871763876915
258,0.0873180702328682,0.1007237583398819,0.10264220833778381,14.156963348388672,13.194005966186523,13.09427261352539,0.8662617783012337,0.8713520880607178,0.8699833185993971
259,0.004880870226770639,0.004954610951244831,0.005052541382610798,24.885723114013672,25.006200790405273,24.970165252685547,0.993285603133358,0.9924982148134187,0.9920853105937317
260,0.01695406809449196,0.023745199665427208,0.028843669220805168,23.435317993164062,21.70831298828125,20.61775016784668,0.9363364995104361,0.8911124447260643,0.8763091879829111
261,0.01600818708539009,0.021992135792970657,0.027100518345832825,26.358707427978516,23.664262771606445,22.084423065185547,0.9513845920866728,0.9108724218081832,0.8942812712409682
262,0.0083780437707901,0.013889553025364876,0.019068162888288498,32.447898864746094,27.473051071166992,24.467002868652344,0.9877199257073402,0.9720879853758811,0.9572942196931838
263,0.013932576403021812,0.01923450641334057,0.024070214480161667,22.83707046508789,22.117259979248047,21.0244140625,0.9773047721628807,0.9590491107725874,0.944627754932439
264,0.012949276715517044,0.017909102141857147,0.022848080843687057,27.80867576599121,25.735197067260742,23.620769500732422,0.9805724530259371,0.9647425954394341,0.9502365136161447
265,0.0222203079611063,0.023585893213748932,0.026434259489178658,21.34133529663086,20.667415618896484,20.137845993041992,0.9595092998057557,0.9554705155821585,0.9493896567834452
266,0.01741875894367695,0.017568033188581467,0.01862815022468567,20.726032257080078,20.62458038330078,20.409847259521484,0.9643624072956384,0.9629283597027879,0.960170856572422
267,0.020262151956558228,0.022866936400532722,0.02530517429113388,19.994089126586914,19.5992431640625,19.326725006103516,0.9551204917142991,0.9529187435211737,0.9485612435323385
268,0.012089800089597702,0.014103952795267105,0.01721007376909256,27.95580291748047,26.481670379638672,25.012535095214844,0.9866731202227845,0.9830687883251943,0.9770581846336648
269,0.0049453917890787125,0.005314069800078869,0.005380693357437849,24.538124084472656,24.83842658996582,24.870441436767578,0.9914757051723748,0.9909308191672638,0.9906411026589386
270,0.004240025766193867,0.005773215554654598,0.006645550020039082,34.948829650878906,30.923931121826172,29.09527587890625,0.9904183705472946,0.9892804916050434,0.9874754256056845
271,0.004240025766193867,0.005773215554654598,0.006645550020039082,34.948829650878906,30.923931121826172,29.09527587890625,0.9904183705472946,0.9892804916050434,0.9874754256056845
272,0.04042515903711319,0.040769077837467194,0.041178829967975616,15.267498016357422,15.347742080688477,15.401782989501953,0.8692154025372024,0.8711529491182617,0.8695268313374334
273,0.01365567184984684,0.014329230412840843,0.015052249655127525,21.73537826538086,21.361845016479492,21.151201248168945,0.9508472901119351,0.9509246791425512,0.9497580627381778
274,0.01365567184984684,0.014329230412840843,0.015052249655127525,21.73537826538086,21.361845016479492,21.151201248168945,0.9508472901119351,0.9509246791425512,0.9497580627381778
275,0.05025657266378403,0.04817125201225281,0.04688749834895134,14.049357414245605,14.26047134399414,14.42374038696289,0.8696781655145329,0.8700963405818816,0.8690191960107604
276,0.007078900933265686,0.008640550076961517,0.010255325585603714,30.101072311401367,27.610567092895508,25.71631622314453,0.9906321922575235,0.9870523294361829,0.9826060493475198
277,0.056827522814273834,0.05450627580285072,0.052963897585868835,13.448808670043945,13.710470199584961,13.898468971252441,0.8656046697863146,0.8651232800140585,0.8634922321626618
278,0.05301087722182274,0.05077055096626282,0.04937645420432091,13.803625106811523,14.01127815246582,14.175111770629883,0.8591016806991911,0.8605994778605256,0.8598425555034739
279,0.0071708569303154945,0.0086895190179348,0.010308319702744484,30.041807174682617,27.561262130737305,25.677120208740234,0.9904564058995247,0.9868444772266746,0.9823869237394333
280,0.0010943415109068155,0.0013260308187454939,0.0013288959162309766,55.519771575927734,55.41389083862305,55.403419494628906,0.99754561485672,0.9975157938613891,0.9975167828207016
281,0.005808188579976559,0.006028076633810997,0.0060392990708351135,25.426694869995117,25.373077392578125,25.370609283447266,0.9593622768895477,0.9593162411022037,0.9593402170779705
282,0.062425050884485245,0.06191042438149452,0.06260532140731812,14.217409133911133,14.133859634399414,14.141162872314453,0.8432495902328743,0.8424888971058986,0.8391653599558712
283,0.05694134160876274,0.05561628192663193,0.05405502766370773,13.868034362792969,13.679099082946777,13.774484634399414,0.8325331307172491,0.8350333659087925,0.8361202865618267
284,0.002358789788559079,0.00248384615406394,0.0025357066188007593,32.85526657104492,32.22552490234375,31.864620208740234,0.990490521850586,0.9907194530855343,0.9906684306856077
285,0.014090947806835175,0.014131223782896996,0.014884861186146736,21.642013549804688,21.43000030517578,21.27642822265625,0.9589293156633422,0.9679550449358106,0.9662307737925215
286,0.005067215301096439,0.004740707576274872,0.004872201941907406,31.616117477416992,31.443042755126953,30.792903900146484,0.9917987565836907,0.9940709519667625,0.993671217550993
287,0.006081700325012207,0.006090835202485323,0.0066928863525390625,32.2136344909668,31.702239990234375,30.518381118774414,0.991150751089573,0.9943536373653412,0.9931792126641273
288,0.014090947806835175,0.014131223782896996,0.014884861186146736,21.642013549804688,21.43000030517578,21.27642822265625,0.9589293156633422,0.9679550449358106,0.9662307737925215
289,0.005067215301096439,0.004740707576274872,0.004872201941907406,31.616117477416992,31.443042755126953,30.792903900146484,0.9917987565836907,0.9940709519667625,0.993671217550993
290,0.023687180131673813,0.02346019074320793,0.02413780242204666,18.738908767700195,18.727737426757812,18.689809799194336,0.9375841625374968,0.9373422338323197,0.936334483250693
291,0.03508060798048973,0.03471832722425461,0.03461006283760071,15.95232105255127,15.900938034057617,15.954889297485352,0.8886673936468468,0.8936653936734057,0.8932654027615509
292,0.025395164266228676,0.02575051411986351,0.026823461055755615,18.211549758911133,18.244640350341797,18.208723068237305,0.9336714308783002,0.9360150592075085,0.9332157547886896
293,0.023687180131673813,0.02346019074320793,0.02413780242204666,18.738908767700195,18.727737426757812,18.689809799194336,0.9375841625374968,0.9373422338323197,0.936334483250693
294,0.03508060798048973,0.03471832722425461,0.03461006283760071,15.95232105255127,15.900938034057617,15.954889297485352,0.8886673936468468,0.8936653936734057,0.8932654027615509
295,0.020266514271497726,0.02176538109779358,0.024010024964809418,22.640914916992188,22.35256004333496,21.788015365600586,0.9138071993987933,0.9218714876610795,0.915875054321738
296,0.008724171668291092,0.007802051957696676,0.008254391141235828,26.215248107910156,27.14942169189453,26.897794723510742,0.9643265989342928,0.9798080484786331,0.9783440826381147
297,0.008029014803469181,0.010435536503791809,0.013169588521122932,27.82518196105957,26.18145179748535,24.70104217529297,0.983102734835796,0.9774937507276014,0.970449317450352
298,0.005841987207531929,0.004455355927348137,0.0038572882767766714,27.135848999023438,29.53921890258789,30.959474563598633,0.9742902725198269,0.9838451260373592,0.9878469283885956
299,0.004960459657013416,0.0039307791739702225,0.003683383110910654,28.506763458251953,30.757856369018555,31.66390609741211,0.9794003883090019,0.9863870724229813,0.9884006211128235
300,0.02151406928896904,0.01991814561188221,0.018780702725052834,18.308021545410156,18.18795394897461,18.422351837158203,0.9240697677595031,0.9371660165286902,0.9391044578700521
301,0.015359029173851013,0.016314305365085602,0.016520299017429352,20.40384292602539,19.19072914123535,19.00909996032715,0.9420817037226802,0.9463307904104765,0.9464991334979184
302,0.06609433889389038,0.0643688291311264,0.06341161578893661,13.111763000488281,13.235969543457031,13.359857559204102,0.8228837997298427,0.8229452443442139,0.8211970163069348
303,0.041164811700582504,0.040141548961400986,0.03961099311709404,15.290811538696289,15.401424407958984,15.513328552246094,0.8942853846170986,0.8940851686113136,0.8933177255562836
304,0.04309476539492607,0.04175266623497009,0.0406905859708786,14.636469841003418,14.753597259521484,14.891871452331543,0.8798994450270399,0.8814676606511757,0.8814476960507057
305,0.01105787605047226,0.011354761198163033,0.011901039630174637,25.89818000793457,24.817340850830078,24.33612632751465,0.9808090399031639,0.9801309445843436,0.9790521367323697
306,0.03026708774268627,0.03270070254802704,0.03385727107524872,18.465621948242188,17.94808006286621,17.736528396606445,0.916603343048231,0.9142831488293311,0.9109707962556979
307,0.066701740026474,0.06724429130554199,0.06738106906414032,13.22322940826416,13.065017700195312,13.052955627441406,0.786083525122812,0.7871275427050893,0.7847003615673556
308,0.030687959864735603,0.03130776807665825,0.031488511711359024,16.83368492126465,16.74405288696289,16.767927169799805,0.917522511001674,0.916633998346311,0.9155421677190373
309,0.046084605157375336,0.04741046950221062,0.04796597734093666,15.110492706298828,14.566463470458984,14.465934753417969,0.8338063194279698,0.8481874042983217,0.8481377347674613
310,0.004040357191115618,0.005555149167776108,0.006610364653170109,34.10354995727539,30.349294662475586,28.290786743164062,0.9934431527625323,0.9901654788186289,0.9873810373660904
311,0.0032011191360652447,0.004568750038743019,0.005242504645138979,35.14072036743164,31.831890106201172,30.165924072265625,0.9951807285876274,0.9930228572692871,0.9912603005145788
312,0.005099867470562458,0.0065336162224411964,0.007434322033077478,28.70667266845703,27.597332000732422,26.794357299804688,0.991324844763099,0.9900392389959406,0.9883095337691924
313,0.008202086202800274,0.009217200800776482,0.009789565578103065,24.358396530151367,23.793933868408203,23.539121627807617,0.9784745171763892,0.9768783162640822,0.9754126867481125
314,0.001000929856672883,0.0013497327454388142,0.001354012405499816,54.76982498168945,55.304168701171875,55.29659652709961,0.9974421941480637,0.997415118601799,0.9974020287218094
315,0.0026045525446534157,0.002776907756924629,0.0028453469276428223,31.548999786376953,30.591032028198242,30.210166931152344,0.9921286173434108,0.9937454812058909,0.9937235254899809
316,0.0014791564317420125,0.0016871797852218151,0.0016892962157726288,52.794639587402344,53.36116409301758,53.36051559448242,0.9978952576522827,0.997925617102623,0.99792215127182
317,0.02776334062218666,0.030212007462978363,0.03245340287685394,20.696842193603516,19.33960723876953,18.68117904663086,0.9373720740779732,0.9264777623309065,0.9193899143959265
318,0.0013218973763287067,0.0014904134441167116,0.0014928111340850592,54.05424499511719,54.557899475097656,54.54755783081055,0.9981555108718873,0.998280357222557,0.9982817162208557
319,0.0047533391043543816,0.004849752876907587,0.004792243707925081,26.54566192626953,26.47332763671875,26.5634708404541,0.990600628600657,0.9906733848905415,0.9907790153681785
320,0.008109360933303833,0.010789559222757816,0.012510363012552261,29.243961334228516,26.857606887817383,25.542682647705078,0.9889298921815157,0.985426040619433,0.9819795660276711
321,0.04877343773841858,0.053629837930202484,0.05754861608147621,15.533750534057617,14.57562255859375,14.13668155670166,0.7845133436584492,0.7842530329161619,0.7777085129408919
322,0.015994716435670853,0.019928256049752235,0.022488387301564217,23.029356002807617,21.621356964111328,20.85003662109375,0.9626795476593096,0.9573418218935421,0.9521134164284142
323,0.009854499250650406,0.012750266119837761,0.014683777466416359,28.020193099975586,25.874435424804688,24.647607803344727,0.9860438872103393,0.9821969923976361,0.9782542056445479
324,0.049580685794353485,0.05477941036224365,0.059121012687683105,15.594104766845703,14.593875885009766,14.122331619262695,0.7866268765870319,0.7851602740678619,0.7771030153469265
325,0.012644592672586441,0.011153576895594597,0.01118830032646656,23.87653160095215,24.10997200012207,24.041616439819336,0.9685776751473695,0.969285462017376,0.9690674950697106
326,0.01007065363228321,0.009295672178268433,0.009248694404959679,24.11464500427246,24.181884765625,24.197669982910156,0.9710763274409473,0.9713761897376925,0.9715559714410268
327,0.02443252131342888,0.024187492206692696,0.02352682128548622,17.02610206604004,17.068883895874023,17.21080780029297,0.9278383353093187,0.9283147104263568,0.9287170584238736
328,0.0008623101748526096,0.0011741159250959754,0.0011783111840486526,54.98174285888672,56.46803283691406,56.446781158447266,0.9979946655521393,0.9982117246103287,0.998211654712677
329,0.0008575061801820993,0.0011907664593309164,0.0011955044465139508,55.83400344848633,56.356510162353516,56.338233947753906,0.9980134609022141,0.9980468081922531,0.998041275051117
330,0.005749831907451153,0.0065740058198571205,0.007198235020041466,26.652376174926758,24.50404930114746,23.770130157470703,0.9648646697906056,0.9708671851046548,0.97035738562402
331,0.0036608604714274406,0.0037846295163035393,0.0039612664841115475,29.05179786682129,27.97797203063965,27.511737823486328,0.9773742805581287,0.9819737796318251,0.9815453307608123
332,0.03705757111310959,0.038939766585826874,0.04031240940093994,15.787254333496094,15.409594535827637,15.251533508300781,0.8360732241464895,0.8392112433803182,0.8373203138522637
333,0.026413485407829285,0.029205940663814545,0.031085330992937088,18.041963577270508,16.711637496948242,16.292110443115234,0.882407547931769,0.8935349397867967,0.8932552617822437
334,0.00461665028706193,0.0044535743072628975,0.004626964218914509,28.252180099487305,26.904752731323242,26.468032836914062,0.982226266763819,0.9855945240757339,0.9855831844878438
335,0.02529430389404297,0.026442168280482292,0.027240822091698647,18.053543090820312,17.792863845825195,17.71026039123535,0.9298462182770191,0.9313403186356796,0.9298034183704511
336,0.00729657057672739,0.008137170225381851,0.009122026152908802,31.880290985107422,30.372713088989258,29.060150146484375,0.9883004265036583,0.9877096961874962,0.985954948498249
337,0.013473918661475182,0.015382185578346252,0.01707889698445797,26.18232536315918,25.35274314880371,24.60610580444336,0.952568611976631,0.9514730059695989,0.9480393269378766
338,0.02529430389404297,0.026442168280482292,0.027240822091698647,18.053543090820312,17.792863845825195,17.71026039123535,0.9298462182770191,0.9313403186356796,0.9298034183704511
339,0.00729657057672739,0.008137170225381851,0.009122026152908802,31.880290985107422,30.372713088989258,29.060150146484375,0.9883004265036583,0.9877096961874962,0.985954948498249
340,0.04923681914806366,0.050595954060554504,0.05318813771009445,16.05400276184082,15.65406322479248,15.43697738647461,0.9049969440957055,0.9003771669607312,0.8935323019893601
341,0.024508118629455566,0.026707548648118973,0.02876267582178116,19.3532772064209,18.547691345214844,18.255273818969727,0.9446326895704587,0.9431623925912603,0.9381918413273543
342,0.02615557797253132,0.028482723981142044,0.03176274523139,20.35226058959961,19.770980834960938,19.238780975341797,0.9586284601483145,0.9529376933112612,0.9449232282290151
343,0.01963898167014122,0.02160816825926304,0.024462757632136345,22.636192321777344,21.816158294677734,21.095922470092773,0.9611437647467623,0.9565513813896147,0.9494358696260693
344,0.008439049124717712,0.010486575774848461,0.012722763232886791,30.00075340270996,28.067216873168945,26.34454345703125,0.987440342875719,0.9853332781002522,0.9799906017277241
345,0.013715522363781929,0.013366049155592918,0.014584483578801155,25.908649444580078,25.516870498657227,24.760894775390625,0.9790127556078434,0.9782711115265489,0.9755816713259742
346,0.017542745918035507,0.017342865467071533,0.018461668863892555,25.663414001464844,25.365962982177734,24.66080665588379,0.9756849876505137,0.9759544871109128,0.973275098319292
347,0.026498008519411087,0.026878058910369873,0.027407288551330566,17.907917022705078,17.902502059936523,17.901927947998047,0.93292473999774,0.9321995817566676,0.9306910090361492
348,0.09824176132678986,0.10177184641361237,0.1022375226020813,12.393733024597168,12.156132698059082,12.128759384155273,0.8526022628832622,0.8403256802915451,0.8377864190658452
349,0.01657651923596859,0.017001384869217873,0.017906377092003822,21.004915237426758,20.696561813354492,20.43219566345215,0.9568224765367336,0.95584676661555,0.9537470435518188
350,0.012000256218016148,0.01163194328546524,0.013448990881443024,25.46125602722168,25.149032592773438,24.47809410095215,0.9772980939566857,0.9770523071448334,0.9738680922771725
351,0.023543234914541245,0.02463124692440033,0.027525803074240685,19.883310317993164,19.63860511779785,19.32698631286621,0.951168267915031,0.9481411002016981,0.9429684459905121
352,0.03604713827371597,0.03850545361638069,0.042382873594760895,18.15620231628418,17.535310745239258,17.195932388305664,0.9005220485597022,0.8972203385180207,0.8902678175220303
353,0.006192333996295929,0.006770024076104164,0.007562284357845783,28.88454246520996,28.194801330566406,27.449630737304688,0.9867861524744331,0.9861691923963255,0.9844421384960199
354,0.007911036722362041,0.008334930986166,0.008486088365316391,22.561058044433594,22.53173828125,22.489437103271484,0.9810371283692457,0.9806056586077903,0.9801778510630317
355,0.02218162827193737,0.022520890459418297,0.025422614067792892,21.99969482421875,21.499866485595703,20.963754653930664,0.960918369166815,0.9590312233735351,0.9541127473984391
356,0.01834007538855076,0.01814580336213112,0.01951766200363636,21.391815185546875,21.075374603271484,20.839828491210938,0.9567462522875879,0.9562072180081111,0.9535342752209354
357,0.021897505968809128,0.02529771625995636,0.02937747910618782,21.96249008178711,20.917537689208984,20.161537170410156,0.9455066648301969,0.9414218587670149,0.9342742702586432
358,0.01750064268708229,0.01815783977508545,0.020286420360207558,24.765216827392578,24.13671875,23.28860092163086,0.9758470457418847,0.9742977537799298,0.9695026320575213
359,0.0032437234185636044,0.003379116766154766,0.003672318533062935,34.777244567871094,34.86539840698242,33.684326171875,0.9958816341876984,0.9958822899589539,0.9953100407481194
360,0.013659844174981117,0.014903794042766094,0.015904521569609642,21.853559494018555,21.223478317260742,20.963193893432617,0.9576456620208826,0.9576274933956109,0.9561566501072337
361,0.0027397964149713516,0.0031383903697133064,0.003550776978954673,37.57764434814453,36.42179489135742,34.63546371459961,0.9960621272888184,0.9956316502957344,0.9948483360776901
362,0.026965567842125893,0.029812607914209366,0.03275028616189957,19.222076416015625,18.749420166015625,18.44826316833496,0.9364384614121374,0.934826673628788,0.9290745751798991
363,0.01269097812473774,0.013217931613326073,0.01439722441136837,28.22232437133789,27.682823181152344,26.620391845703125,0.9844798200750351,0.9826383525903225,0.9792230176799297
364,0.009021628648042679,0.010188309475779533,0.01126401498913765,29.74980354309082,28.624500274658203,27.45018768310547,0.9877624970898629,0.9867259069886207,0.984202642381072
365,0.007080365438014269,0.009721104055643082,0.011960767209529877,30.025455474853516,27.15703773498535,25.444801330566406,0.993075997628212,0.9871450855798721,0.9809625406025648
366,0.013733340427279472,0.020086757838726044,0.024284951388835907,27.072622299194336,23.65532684326172,22.033021926879883,0.9824336518678665,0.9666983165230751,0.9532445989938975
367,0.009181993082165718,0.012540035881102085,0.014622530899941921,28.448286056518555,25.504623413085938,24.190771102905273,0.9881348588304519,0.9793400916781425,0.9722952560508251
368,0.012072702869772911,0.01848696544766426,0.022816160693764687,28.474454879760742,24.569196701049805,22.701007843017578,0.9864165936937332,0.9726873611652851,0.9603600637921095
369,0.019488103687763214,0.026554862037301064,0.03079913929104805,24.307941436767578,21.664623260498047,20.47062873840332,0.9716294782767891,0.9525469339621067,0.9380061779314876
370,0.008436216041445732,0.007850738242268562,0.008249461650848389,24.626466751098633,23.229618072509766,22.729244232177734,0.9500619145160398,0.9650938889932046,0.9653867072281371
371,0.008323317393660545,0.008120110258460045,0.008517133072018623,24.605728149414062,23.146867752075195,22.729618072509766,0.9472965983797564,0.9603690142513223,0.9603593719358139
372,0.0016436877194792032,0.001836854498833418,0.0019060246413573623,35.436683654785156,34.00651550292969,33.381568908691406,0.9928034917780235,0.9937517386999428,0.9935874089731314
373,0.03868383541703224,0.03967348858714104,0.040770042687654495,16.24403953552246,15.249848365783691,14.99788761138916,0.8300132539325202,0.8492919429463713,0.850812131093644
374,0.002316262573003769,0.0018489507492631674,0.0018867689650505781,39.056610107421875,37.109275817871094,36.474937438964844,0.9875464688976258,0.9935291056872755,0.9933994586841203
375,0.00742284907028079,0.008507930673658848,0.009527655318379402,26.797761917114258,26.147037506103516,25.625600814819336,0.9872479954290893,0.9860711993389889,0.9844922819139678
376,0.023602109402418137,0.02474832907319069,0.026742281392216682,20.537513732910156,20.313127517700195,19.967187881469727,0.9562005243881265,0.9533853764731927,0.9494127280264248
377,0.0136389946565032,0.016460150480270386,0.019518638029694557,29.280792236328125,27.24862289428711,25.569499969482422,0.9900929650921821,0.9860156012854576,0.9811152785570622
378,0.0010881740599870682,0.0013559383805841208,0.0013760533183813095,47.045875549316406,47.17523956298828,44.13188171386719,0.9942759503822327,0.996488340126276,0.9964192665442526
379,0.0052001639269292355,0.005478614009916782,0.005546987056732178,24.54068946838379,24.829206466674805,24.853391647338867,0.9907144727642536,0.9903110463802554,0.9900550767099634
380,0.012322572991251945,0.011815201491117477,0.013153376057744026,24.675426483154297,25.3635311126709,24.840476989746094,0.9514411608372331,0.96899229863365,0.9666448507160396
381,0.013480267487466335,0.012932665646076202,0.013653634116053581,24.078886032104492,24.48531723022461,24.25316619873047,0.9541878717952371,0.9704384786573611,0.9684710567002818
382,0.020455583930015564,0.024884581565856934,0.029158879071474075,23.65163803100586,22.31597900390625,21.13191795349121,0.9755839753908813,0.9655764532550014,0.9547901879100651
383,0.006627080962061882,0.005264265462756157,0.004669280257076025,26.295791625976562,28.372135162353516,29.567811965942383,0.9707159381930828,0.9804371934535503,0.9851602760593892
384,0.007339898496866226,0.0064883106388151646,0.006395741365849972,26.231319427490234,27.475399017333984,27.773530960083008,0.9690102795975656,0.9767440681086779,0.9794899504830316
385,0.004050042945891619,0.005682742688804865,0.006569234654307365,34.2208366394043,31.000097274780273,29.38916015625,0.9941492590041161,0.9933346899905204,0.9919519830513001
386,0.06531655788421631,0.069286048412323,0.07017721980810165,14.635458946228027,14.263738632202148,14.174678802490234,0.845468723291392,0.8322693820735251,0.8272039194891067
387,0.0068934038281440735,0.009393222630023956,0.011248897761106491,32.125404357910156,28.937070846557617,26.98333740234375,0.9911235071809292,0.9874168464257718,0.9833264619199038
388,0.029327327385544777,0.027416950091719627,0.026684876531362534,17.026020050048828,16.838279724121094,16.91520118713379,0.8954004798604928,0.9055868892259709,0.9063113152506121
389,0.0034696771763265133,0.0021011950448155403,0.002171432599425316,34.08462905883789,34.0648193359375,32.70054244995117,0.9712030776463747,0.9914425333291889,0.9927144681769255
390,0.008583304472267628,0.009909367188811302,0.01214674487709999,31.07744026184082,29.13793182373047,27.08582878112793,0.9897520399671942,0.9874902342635393,0.982928345760934
391,0.026955939829349518,0.028787482529878616,0.03015218675136566,18.05678939819336,17.324783325195312,17.151283264160156,0.9149733228315129,0.9138010579986044,0.9105679454247781
392,0.03402189165353775,0.03854139894247055,0.042585574090480804,17.374372482299805,16.463775634765625,16.02044677734375,0.8588953454205033,0.8548069350240005,0.8476177874799824
393,0.008583304472267628,0.009909367188811302,0.01214674487709999,31.07744026184082,29.13793182373047,27.08582878112793,0.9897520399671942,0.9874902342635393,0.982928345760934
394,0.026955939829349518,0.028787482529878616,0.03015218675136566,18.05678939819336,17.324783325195312,17.151283264160156,0.9149733228315129,0.9138010579986044,0.9105679454247781
395,0.011344049125909805,0.011734481900930405,0.012255105189979076,24.464916229248047,24.077136993408203,23.8059139251709,0.9719667444320053,0.9712742804817361,0.9703789078301368
396,0.009470870718359947,0.010014792904257774,0.01080358400940895,28.123394012451172,27.66606903076172,26.896709442138672,0.9801376140539646,0.9796635890328884,0.9784613927893638
397,0.03212332725524902,0.03226674720644951,0.03189252316951752,16.508365631103516,16.396804809570312,16.467607498168945,0.9117402108542841,0.911829042526078,0.9119335199098689
398,0.00886993296444416,0.008839457295835018,0.008983835577964783,25.779808044433594,25.795616149902344,25.573423385620117,0.976599041172266,0.9764011124087348,0.9760456581965983
399,0.0008901294786483049,0.001513355178758502,0.0015878782141953707,40.453433990478516,38.94517135620117,37.92023468017578,0.9980056222420931,0.9977287020621299,0.9975483787066937
400,0.017098478972911835,0.025293659418821335,0.03282802179455757,26.611692428588867,23.3857421875,21.243572235107422,0.9781976067051887,0.959554992854476,0.9381986323015988
401,0.018034230917692184,0.023212658241391182,0.028277412056922913,24.181106567382812,22.46542739868164,21.139419555664062,0.9553326970783323,0.9406821905396585,0.9271549750714263
402,0.02568087726831436,0.033846285194158554,0.04428933188319206,24.13117218017578,21.813919067382812,19.69796371459961,0.9732949394917488,0.9526321777020693,0.9261250914585888
403,0.008922064676880836,0.013317665085196495,0.01724661886692047,30.473148345947266,26.816543579101562,24.50282859802246,0.9820500626291633,0.9755219609335959,0.9654002796860486
404,0.017955780029296875,0.019260603934526443,0.02130330353975296,20.17803192138672,20.27407455444336,20.013124465942383,0.9658250298541866,0.9619304648906728,0.9559510246921622
405,0.05975044146180153,0.06307815760374069,0.06501650810241699,15.282811164855957,14.385442733764648,14.117831230163574,0.8369741746928676,0.8365415727350755,0.8344544149887659
406,0.015586765483021736,0.01784096658229828,0.019534017890691757,21.620391845703125,19.49192237854004,18.869321823120117,0.9211532483711704,0.9315692997718823,0.9303070834785788
407,0.01489909365773201,0.016298234462738037,0.01785358227789402,26.118953704833984,25.18808364868164,24.173734664916992,0.971938780709982,0.9733965259029865,0.9702365604224205
408,0.002722460776567459,0.0031103554647415876,0.0031017432920634747,32.48789978027344,32.55012512207031,32.08705520629883,0.9938899127458334,0.9950398477315903,0.9952647152308226
409,0.028597604483366013,0.02890823408961296,0.02926589734852314,17.213539123535156,16.58450698852539,16.44289207458496,0.9079765299921678,0.9119509359120141,0.9122598206542487
410,0.009147622622549534,0.011281020939350128,0.013973241671919823,30.1810302734375,26.993515014648438,24.7796630859375,0.9899065132864714,0.9851636582201123,0.9787847457674742
411,0.012295376509428024,0.01161350030452013,0.011952494271099567,22.694265365600586,22.98328399658203,22.883960723876953,0.9782298207060098,0.9781316224738452,0.9771051668186617
412,0.0237339586019516,0.024722818285226822,0.026058431714773178,18.90155029296875,18.588428497314453,18.466054916381836,0.9314554786871648,0.9303063901038887,0.9275136861526303
413,0.014696136116981506,0.015619171783328056,0.0177513025701046,26.038402557373047,24.020387649536133,22.740934371948242,0.9813764480016083,0.9762615199244927,0.9707044661588035
414,0.007489080540835857,0.00781595055013895,0.008115727454423904,24.059341430664062,24.23813819885254,24.13503646850586,0.9885884920407962,0.9879458554559555,0.9870540920662079
415,0.012630850076675415,0.011894536204636097,0.013061568140983582,27.821104049682617,27.560941696166992,26.534534454345703,0.9827617032500953,0.9866042413821146,0.9846959559466429
416,0.01007513515651226,0.01034687738865614,0.011271310038864613,24.213407516479492,24.208892822265625,23.88018035888672,0.9877928089012429,0.9873473530236464,0.985624616232017
417,0.011505811475217342,0.011761248111724854,0.012786205857992172,25.88683319091797,25.473024368286133,24.9312801361084,0.9864007386218607,0.9864923260526582,0.9849732073233127
418,0.012630850076675415,0.011894536204636097,0.013061568140983582,27.821104049682617,27.560941696166992,26.534534454345703,0.9827617032500953,0.9866042413821146,0.9846959559466429
419,0.01007513515651226,0.01034687738865614,0.011271310038864613,24.213407516479492,24.208892822265625,23.88018035888672,0.9877928089012429,0.9873473530236464,0.985624616232017
420,0.05678769573569298,0.057390253990888596,0.05846191197633743,14.229144096374512,14.16335678100586,14.139337539672852,0.8238140596864792,0.8219542701046506,0.8184393882768578
421,0.018339496105909348,0.02131609246134758,0.02540399879217148,26.964675903320312,25.187938690185547,23.438514709472656,0.9713331095705032,0.9664421731135845,0.9590317028889656
422,0.01443562749773264,0.01645459234714508,0.018384044989943504,22.63451385498047,22.359312057495117,21.96733283996582,0.9641891387656109,0.9616691624724656,0.9580598307181087
423,0.004499549977481365,0.005328092258423567,0.0058045899495482445,32.59536361694336,31.541358947753906,30.36628532409668,0.9928640121641159,0.9923425480308533,0.9911265928115844
424,0.005015281960368156,0.004781234078109264,0.0049898819997906685,27.989023208618164,30.35491180419922,29.813114166259766,0.9928087374292035,0.9930763122093603,0.9924307404595092
425,0.032706715166568756,0.031310152262449265,0.03036808781325817,16.62690544128418,16.234180450439453,16.275070190429688,0.8624676912156762,0.8813724901162813,0.8828802779117925
426,0.029763415455818176,0.029443886131048203,0.02923508733510971,17.228567123413086,16.4946346282959,16.386201858520508,0.8699749193609762,0.8885693908339244,0.8898739074791084
427,0.029154818505048752,0.03255794942378998,0.034389883279800415,17.44539451599121,16.944055557250977,16.713640213012695,0.8970881115606472,0.8944489648449889,0.8917404085546403
428,0.016042133793234825,0.017770592123270035,0.01892584189772606,20.989925384521484,19.17880630493164,18.645660400390625,0.9398837751062916,0.9410137344509633,0.9412960738868624
429,0.007181984372437,0.007616885006427765,0.008416317403316498,26.353450775146484,23.685909271240234,22.818710327148438,0.9659179871793538,0.9738269246790672,0.9738225414915997
430,0.008288126438856125,0.008734256029129028,0.008893316611647606,28.281192779541016,28.051429748535156,27.648990631103516,0.9842006005253792,0.9848102515785694,0.9847900333452225
431,0.01243917178362608,0.012149768881499767,0.012671507894992828,23.216339111328125,23.47856903076172,23.35519027709961,0.9777392833542239,0.9784962286456311,0.9780413443635251
432,0.038959942758083344,0.03988172486424446,0.04084823280572891,16.680667877197266,16.54888153076172,16.50520896911621,0.8889198013985904,0.8888904818275405,0.8874720105635101
433,0.00418438483029604,0.004659117665141821,0.00473713967949152,31.206512451171875,30.7208251953125,30.26144027709961,0.9893110186629296,0.989656447299838,0.9897810581328869
434,0.0173206590116024,0.018058057874441147,0.018817612901329994,19.94514274597168,19.855642318725586,19.74471092224121,0.9587809417503046,0.9587024850617906,0.9578646146892408
435,0.022401409223675728,0.02624298445880413,0.028778744861483574,22.091358184814453,21.192211151123047,20.579519271850586,0.9489174827302519,0.9424612968381532,0.9367789011463793
436,0.023526892066001892,0.027142979204654694,0.029194531962275505,21.945781707763672,21.02517318725586,20.465450286865234,0.9445138337831456,0.9371025748708708,0.9314718636799916
437,0.025364326313138008,0.028485387563705444,0.031125906854867935,20.69952964782715,20.22039794921875,19.834501266479492,0.9357379730777817,0.9316584201983846,0.9266628659121133
438,0.019226806238293648,0.02208792418241501,0.024041887372732162,22.76176643371582,21.548782348632812,20.824298858642578,0.9627645894326493,0.9577128531314246,0.9529775926353112
439,0.021453173831105232,0.023585105314850807,0.026747632771730423,23.469507217407227,22.657859802246094,21.775177001953125,0.9515607790207649,0.9475981337932758,0.9418705404424965
440,0.014988457784056664,0.016727406531572342,0.02018163539469242,26.331024169921875,24.543840408325195,22.911945343017578,0.9817695505475178,0.9755027069044336,0.9669970196031555
441,0.010713232681155205,0.012408898212015629,0.013818593695759773,24.778343200683594,23.807180404663086,23.07691764831543,0.9782657884203098,0.9757867599848564,0.9723307318053687
442,0.0295056514441967,0.034625329077243805,0.03996595740318298,19.105724334716797,18.51702117919922,17.938461303710938,0.9256504137158166,0.9157956539531364,0.9037892984660336
443,0.013487373478710651,0.016356168314814568,0.01922028511762619,25.598535537719727,23.75454330444336,22.483747482299805,0.97687193756124,0.9705808551065158,0.9633643925664872
444,0.05741054192185402,0.05671219527721405,0.05630733072757721,13.463250160217285,13.510618209838867,13.561531066894531,0.8183274940550822,0.8167862143380599,0.8150252865063837
445,0.0032037640921771526,0.0017965990118682384,0.001852051354944706,38.99198532104492,38.76724624633789,37.43819808959961,0.9922163462440073,0.9961304552930296,0.9960657213478983
446,0.003119277535006404,0.001719315885566175,0.0017742756754159927,38.954002380371094,38.755767822265625,37.428104400634766,0.9922361354913711,0.9963297162790671,0.9962689688185081
447,0.00779066514223814,0.008253630250692368,0.009047692641615868,31.561580657958984,30.41176986694336,29.29202651977539,0.9872098635903597,0.9891484698207677,0.9880370447546766
448,0.0029130037873983383,0.0016621274407953024,0.00172167900018394,39.0648193359375,38.78497314453125,37.45009994506836,0.9924779133083821,0.996530572056532,0.9964688779399544
449,0.0026883152313530445,0.0014719413593411446,0.001531821908429265,39.09806823730469,38.82402420043945,37.474037170410156,0.992939224719137,0.9971128461557329,0.9970553368171304
450,0.051247239112854004,0.04949522763490677,0.047811903059482574,13.886493682861328,13.980430603027344,14.144835472106934,0.8428643300291746,0.845975034613796,0.8472654557352984
451,0.012213720008730888,0.012158968485891819,0.012096293270587921,21.095096588134766,21.02179718017578,21.065231323242188,0.9447969726344273,0.9452545096183107,0.9450296546446811
452,0.03298041224479675,0.032631292939186096,0.03194434568285942,15.959981918334961,15.928476333618164,16.048789978027344,0.908233988501515,0.9088982550045818,0.9095147943367139
453,0.046176254749298096,0.044914811849594116,0.04323640838265419,14.16215705871582,14.24553108215332,14.428888320922852,0.8762773492035587,0.8771065629761781,0.8779016944322671
454,0.013307081535458565,0.013663423247635365,0.013436401262879372,19.78700828552246,19.69059944152832,19.76395606994629,0.9650056836494466,0.9650627622751108,0.9651634851705893
455,0.026964152231812477,0.025590429082512856,0.02651647850871086,19.627410888671875,19.332256317138672,19.08856964111328,0.9283847612424232,0.9290848420315404,0.927165511592254
456,0.023638226091861725,0.023086216300725937,0.023786626756191254,19.863037109375,19.575653076171875,19.428707122802734,0.9383995604813558,0.938361270735404,0.9366400003887247
457,0.009991416707634926,0.010550986975431442,0.012132830917835236,28.814502716064453,27.961719512939453,26.64760398864746,0.9893082824583351,0.9876096339204237,0.9841763364567906
458,0.012511391192674637,0.012173498049378395,0.012574942782521248,23.866405487060547,23.857290267944336,23.692920684814453,0.9766367141767889,0.9769129725957811,0.9761104164324254
459,0.003380601294338703,0.0036558625288307667,0.0039226519875228405,34.7125129699707,34.48003387451172,33.5460205078125,0.9944685396466255,0.9941589618577361,0.9934902252721787
460,0.014449463225901127,0.017241470515727997,0.019669855013489723,23.031156539916992,22.528873443603516,22.031652450561523,0.9736030374072544,0.97167037537079,0.9677399016528714
461,0.008213410153985023,0.009925656020641327,0.011263448745012283,26.869739532470703,25.251461029052734,24.22695541381836,0.980901439665163,0.9779950082800724,0.9751451098357837
462,0.037747085094451904,0.041119109839200974,0.043985515832901,18.726669311523438,18.150800704956055,17.799175262451172,0.9536332409173033,0.9496792864656778,0.9439718959387874
463,0.005189087241888046,0.006603203248232603,0.007653309963643551,33.111000061035156,30.992237091064453,29.279598236083984,0.9920614690384865,0.9928461406104565,0.9913373806968927
464,0.1513076275587082,0.15419159829616547,0.15428735315799713,10.573163986206055,10.34605598449707,10.345307350158691,0.8235976214971152,0.8018366070960687,0.7963270742919292
465,0.013330472633242607,0.016000961884856224,0.018769551068544388,24.39817237854004,23.648252487182617,22.91122055053711,0.9813738034610641,0.9778216310572538,0.9729213426422186
466,0.01872127875685692,0.02013695053756237,0.021398570388555527,19.756980895996094,19.630035400390625,19.46031951904297,0.9663408786711953,0.9637706372667421,0.9607235220333442
467,0.014576995745301247,0.01863711327314377,0.02268814854323864,28.98733901977539,26.37323570251465,24.46794891357422,0.9897796597919464,0.9849174217891693,0.978177232149601
468,0.016404718160629272,0.017551764845848083,0.018663819879293442,20.750104904174805,20.589771270751953,20.425296783447266,0.9623332657111271,0.9610885513727274,0.9586605379039624
469,0.007828615605831146,0.008594267070293427,0.00928367581218481,24.190475463867188,24.2960205078125,24.071578979492188,0.9889107302541211,0.9876980862426683,0.9860927671016976
470,0.01635485514998436,0.016012463718652725,0.016402864828705788,22.43714141845703,22.020071029663086,21.702394485473633,0.9496506798957511,0.9509780752443261,0.9505343804522864
471,0.019587550312280655,0.02058340050280094,0.02151137962937355,19.743682861328125,19.38718032836914,19.171268463134766,0.9526419111367455,0.9505881792554166,0.9484155709415966
472,0.01601601205766201,0.016109595075249672,0.01660064607858658,23.19031524658203,22.758323669433594,22.437850952148438,0.97304396741727,0.9700713960337043,0.9679816851589158
473,0.002597478684037924,0.002821131842210889,0.002782172290608287,31.56311798095703,31.505062103271484,31.61118507385254,0.9944884343258142,0.9945607660242319,0.9946929776439667
474,0.00441264733672142,0.0046927593648433685,0.004798297770321369,25.580257415771484,25.72270393371582,25.632286071777344,0.9919627672021687,0.9918027461385913,0.9915863976932838
475,0.015107333660125732,0.014863286167383194,0.017763320356607437,27.017749786376953,26.143205642700195,24.62381362915039,0.9762808792124689,0.9753913722353927,0.9696895657949403
476,0.005361253395676613,0.005904055200517178,0.006507681217044592,31.411739349365234,30.431236267089844,29.365415573120117,0.9928006560940147,0.9920790207525939,0.9905252214850634
477,0.009437036700546741,0.012128838337957859,0.015290621668100357,31.35667610168457,28.51877212524414,26.28268051147461,0.9893420801210999,0.9863507828004956,0.9804813123728037
478,0.009658649563789368,0.010788632556796074,0.01345185749232769,31.051254272460938,29.337739944458008,27.088764190673828,0.986058121556282,0.986248556663096,0.9808671535347104
479,0.0019134173635393381,0.002338767983019352,0.0024564494378864765,37.58884811401367,36.60100555419922,35.80073547363281,0.9959995897140503,0.9965003148789405,0.9962959017357826
480,0.01898166909813881,0.02016887441277504,0.02189847268164158,21.00577163696289,20.587587356567383,20.22371482849121,0.9495513284050631,0.9479470899493286,0.9439105148330243
481,0.015467477031052113,0.016073325648903847,0.01681850105524063,20.771984100341797,20.467971801757812,20.255287170410156,0.9575923547508053,0.9566995126535979,0.9543032835005638
482,0.010535143315792084,0.01206450816243887,0.014290358871221542,30.245676040649414,28.704051971435547,26.941652297973633,0.9831478122927397,0.9834596695030182,0.9797096447252929
483,0.013729676604270935,0.01525026187300682,0.016972213983535767,24.48458480834961,23.631603240966797,22.981101989746094,0.9641430574074085,0.9642254289312875,0.9611440755122237
484,0.026962708681821823,0.02619793266057968,0.02613714337348938,17.53333282470703,17.60950469970703,17.682010650634766,0.9274935720484516,0.9312264469780175,0.930402498957509
485,0.0342007577419281,0.03339473903179169,0.03307895362377167,15.977459907531738,15.849027633666992,15.910903930664062,0.9249680276516349,0.9274558652392125,0.9281567460308576
486,0.04052802920341492,0.04042002931237221,0.04078320413827896,16.992183685302734,16.964872360229492,16.954853057861328,0.9224238125028164,0.9212506207444556,0.9209823202232598
487,0.009183711372315884,0.008334268815815449,0.009463692083954811,27.97551727294922,28.97101593017578,28.1851863861084,0.9846612522646189,0.9860845843938589,0.9845217786221803
488,0.008123781532049179,0.007618611678481102,0.00854898989200592,28.17359161376953,28.8839054107666,28.244144439697266,0.9822252594239712,0.9838384582031965,0.9826009836569428
489,0.008670751005411148,0.008144875057041645,0.009161850437521935,28.240093231201172,29.10152816772461,28.42635726928711,0.9839520232119561,0.9853855611443519,0.9842677273774147
490,0.008568796329200268,0.012702101841568947,0.015600105747580528,30.483535766601562,26.128435134887695,24.34784698486328,0.9908697555642128,0.9835451286182404,0.9773838438081444
491,0.058771487325429916,0.058452583849430084,0.059961672872304916,14.499120712280273,14.332235336303711,14.312213897705078,0.9022055957223332,0.8955606108212648,0.8910420197738318
492,0.01072060875594616,0.01547218207269907,0.019341303035616875,29.33443260192871,26.12285804748535,24.20755386352539,0.9865217530298233,0.9764403245697022,0.9674967329154015
493,0.009643422439694405,0.0120636485517025,0.014742977917194366,31.257137298583984,28.321956634521484,26.4766902923584,0.9888817746906281,0.984333122490406,0.9782632305204868
494,0.006388560403138399,0.007974695414304733,0.009532072581350803,32.56987762451172,29.53430938720703,27.829391479492188,0.9922964990034103,0.9897062331867218,0.986097776774168
495,0.018565114587545395,0.02045704610645771,0.023208314552903175,21.645435333251953,20.888988494873047,20.284547805786133,0.9464211968578783,0.946534957966113,0.9407293430329671
496,0.02702876180410385,0.028276067227125168,0.030708447098731995,20.068683624267578,19.421680450439453,18.897506713867188,0.9373338740798738,0.9343589842577188,0.9276001001692821
497,0.014594648033380508,0.018441393971443176,0.022317521274089813,23.810014724731445,22.14006233215332,20.96898078918457,0.9486943184255868,0.9466913265584294,0.9383852299697611
498,0.01147858239710331,0.014498837292194366,0.018627839162945747,29.174057006835938,26.340618133544922,24.253522872924805,0.9864957296203226,0.9812743875012323,0.9728882519761287
499,0.03239249810576439,0.03260871767997742,0.032682232558727264,16.00242805480957,15.918624877929688,15.896976470947266,0.9023667102887748,0.9020822183999035,0.9016050932569527
500,0.011343014426529408,0.011489180848002434,0.01203831098973751,22.366010665893555,20.954261779785156,20.55293846130371,0.9361276464712741,0.9501077613830756,0.9504374897868906
501,0.003977004438638687,0.0027697549667209387,0.002884041517972946,31.218658447265625,30.12603759765625,29.02889633178711,0.971662577684544,0.9866954849164008,0.9892373499672129
502,0.086768239736557,0.08507947623729706,0.08755951374769211,12.443359375,12.791717529296875,12.733808517456055,0.7992357612273392,0.7876954309729198,0.7760780589912447
503,0.0013062998186796904,0.0013336075935512781,0.0013379539595916867,52.06184387207031,55.42243576049805,55.405426025390625,0.9970185068264008,0.9976279952507019,0.9976237003631592
504,0.012541755102574825,0.013566658832132816,0.013913687318563461,21.79012107849121,20.17898178100586,19.802776336669922,0.9496294592039748,0.9535258259767216,0.9542561848859882
505,0.011518089100718498,0.015603535808622837,0.01917504519224167,27.34256935119629,24.970794677734375,23.48617172241211,0.9775155094588285,0.9718645775720275,0.9638947534495745
506,0.021691860631108284,0.024140557274222374,0.02669762820005417,20.507963180541992,19.849931716918945,19.292205810546875,0.9404005374205241,0.937608615508666,0.9328672956228335
507,0.014165864326059818,0.019168056547641754,0.023444104939699173,25.83134651184082,23.719816207885742,22.39440155029297,0.9750254603364417,0.9670734870725686,0.9574364078903724
508,0.015030031092464924,0.01937977224588394,0.023147495463490486,25.28998374938965,23.33278465270996,22.128559112548828,0.9705541040841899,0.9639387800263385,0.9556264151174426
509,0.01455945335328579,0.018049396574497223,0.02081923931837082,23.88876724243164,22.806224822998047,21.99814224243164,0.9735705685232151,0.9676362644992191,0.9613142971440227
510,0.010596479289233685,0.01003512367606163,0.010368100367486477,26.681835174560547,26.217838287353516,25.586118698120117,0.981954971613869,0.9819508558090954,0.9812104306641407
511,0.012840398587286472,0.011547876521945,0.010988551191985607,23.239620208740234,23.51828384399414,23.70537567138672,0.9688108275777697,0.9706723388725444,0.9721254117363989
512,0.010210460051894188,0.008961392566561699,0.008719655685126781,26.567150115966797,27.14651107788086,27.255849838256836,0.9837774088706672,0.9853082866108567,0.9859130939435958
513,0.010596479289233685,0.01003512367606163,0.010368100367486477,26.681835174560547,26.217838287353516,25.586118698120117,0.981954971613869,0.9819508558090954,0.9812104306641407
514,0.012840398587286472,0.011547876521945,0.010988551191985607,23.239620208740234,23.51828384399414,23.70537567138672,0.9688108275777697,0.9706723388725444,0.9721254117363989
515,0.009585361927747726,0.012321511283516884,0.014711292460560799,28.63979721069336,26.929052352905273,25.586570739746094,0.9887702697144151,0.9864079434695542,0.9823068168878332
516,0.007549021393060684,0.00934639759361744,0.010664954781532288,29.764785766601562,27.99980926513672,26.78842544555664,0.9893299396520108,0.9873911973889172,0.9846958361213207
517,0.019414138048887253,0.024161364883184433,0.028758017346262932,22.61185646057129,21.670455932617188,20.810985565185547,0.9587932773199721,0.9566541735130079,0.9493537390943003
518,0.0172699186950922,0.019102398306131363,0.020339421927928925,21.850601196289062,21.36920738220215,21.123592376708984,0.9757897323746122,0.9748000693139173,0.9729883460082784
519,0.017834020778536797,0.019729023799300194,0.020866461098194122,20.433368682861328,19.764896392822266,19.448287963867188,0.9341232791902047,0.9371921686322358,0.9367350160808942
520,0.02330789715051651,0.01987937092781067,0.020371342077851295,21.99191665649414,22.35060691833496,22.165996551513672,0.9570281275110841,0.9618712663395703,0.959411520299688
521,0.1535036563873291,0.15615597367286682,0.15759655833244324,9.24772834777832,9.121903419494629,9.068739891052246,0.7557251991901778,0.7498161889121496,0.7476558415652301
522,0.004876801744103432,0.007643679156899452,0.01000547967851162,31.4040470123291,25.907785415649414,23.711042404174805,0.9675236463378072,0.9652726219667364,0.96043297528347
523,0.02330789715051651,0.01987937092781067,0.020371342077851295,21.99191665649414,22.35060691833496,22.165996551513672,0.9570281275110841,0.9618712663395703,0.959411520299688
524,0.1535036563873291,0.15615597367286682,0.15759655833244324,9.24772834777832,9.121903419494629,9.068739891052246,0.7557251991901778,0.7498161889121496,0.7476558415652301
525,0.01281054224818945,0.012656624428927898,0.013532264158129692,25.63766860961914,24.925655364990234,24.184310913085938,0.9616932367849946,0.9755258313459679,0.973112916998744
526,0.008683180436491966,0.008449014276266098,0.00968831218779087,31.0557918548584,30.24462890625,28.634321212768555,0.9728683156770468,0.9892693550156951,0.9872455891253352
527,0.01633942499756813,0.017564617097377777,0.02063484862446785,26.290199279785156,24.254257202148438,22.519102096557617,0.9579772900657654,0.9567687257323265,0.9560760768715962
528,0.01281054224818945,0.012656624428927898,0.013532264158129692,25.63766860961914,24.925655364990234,24.184310913085938,0.9616932367849946,0.9755258313459679,0.973112916998744
529,0.008683180436491966,0.008449014276266098,0.00968831218779087,31.0557918548584,30.24462890625,28.634321212768555,0.9728683156770468,0.9892693550156951,0.9872455891253352
530,0.012880628928542137,0.015488948673009872,0.018294915556907654,24.754287719726562,23.10009002685547,22.025175094604492,0.9737705772964672,0.9681353489510521,0.9607866727363623
531,0.011701841838657856,0.013491479679942131,0.015509538352489471,23.526580810546875,22.180744171142578,21.379854202270508,0.9573834169204235,0.9543914701228221,0.9502676164191645
532,0.025329524651169777,0.029010185971856117,0.03439241647720337,21.21511459350586,19.550607681274414,18.442646026611328,0.9166741992622139,0.9115147893155823,0.8985735777928047
533,0.00933777168393135,0.01047816313803196,0.011696592904627323,23.98077964782715,22.760414123535156,22.125587463378906,0.9444710676911804,0.950476615624405,0.9487524536736206
534,0.0016970195574685931,0.0014989140909165144,0.001554092625156045,37.999244689941406,36.42475509643555,35.42504119873047,0.988819325494185,0.9952008587699086,0.9953037531859502
535,0.010096687823534012,0.009093841537833214,0.009378528222441673,26.25748062133789,26.079471588134766,25.812294006347656,0.9795905247525871,0.9817888125999867,0.9812302752062678
536,0.005355304107069969,0.005106448195874691,0.005443383939564228,32.653419494628906,32.752899169921875,31.755870819091797,0.9911140578999519,0.9912913677067756,0.9906492007448673
537,0.010817727074027061,0.010336950421333313,0.011138951405882835,26.589662551879883,26.53689956665039,26.024383544921875,0.964008504901141,0.9632006052393168,0.9614158528295308
538,0.001440631691366434,0.0015934177208691835,0.0015952747780829668,53.27907180786133,54.078041076660156,54.073570251464844,0.9964471182174682,0.9964956198530197,0.9964966922779084
539,0.0233773086220026,0.023614050820469856,0.023469222709536552,17.861841201782227,17.36006736755371,17.348413467407227,0.919624605290926,0.9275519605197687,0.9271312650358033
540,0.020762881264090538,0.02121901512145996,0.021025273948907852,18.63145637512207,17.68795394897461,17.677570343017578,0.9570237525266381,0.9678492741988555,0.9686003098328873
541,0.021100517362356186,0.02028338611125946,0.020059825852513313,18.454002380371094,17.837688446044922,17.826448440551758,0.9466115946904607,0.9687370584908965,0.9693833808567444
542,0.07553070783615112,0.07057635486125946,0.06970468908548355,12.981566429138184,12.377714157104492,12.33714485168457,0.7669093016355584,0.8052891289832788,0.8082766178738117
543,0.061384934931993484,0.05601043254137039,0.0541277676820755,14.23635482788086,13.439806938171387,13.52613639831543,0.8162734358275854,0.8624780492021645,0.866009349989872
544,0.030631963163614273,0.029708225280046463,0.02964131347835064,20.792476654052734,20.893173217773438,20.897350311279297,0.8613328774253577,0.8644970618983359,0.8646566505240351
545,0.019476518034934998,0.02040647715330124,0.021838940680027008,20.29179573059082,19.9864501953125,19.74946403503418,0.954396112452869,0.9530521806461479,0.9507879718892465
546,0.011125335469841957,0.012541985139250755,0.014017527922987938,23.628520965576172,23.47894287109375,23.061878204345703,0.9867047112908512,0.9843588456498124,0.9815314150712602
547,0.006938021630048752,0.007182041183114052,0.007684020325541496,25.80787467956543,25.46950340270996,25.168886184692383,0.9817829616162567,0.9837233825678513,0.9831968377986218
548,0.03075566701591015,0.03092997893691063,0.03105863370001316,16.513874053955078,16.409687042236328,16.388813018798828,0.9154305162047076,0.915340750215731,0.9148535506124282
549,0.0047902557998895645,0.0051984600722789764,0.005266208667308092,24.529788970947266,24.825305938720703,24.853931427001953,0.9918844108550922,0.991632606551636,0.9913799935865998
550,0.020889854058623314,0.0207049623131752,0.023238424211740494,24.580211639404297,23.517820358276367,22.342571258544922,0.9732880641609543,0.9695224193976819,0.9633038723367267
551,0.026142586022615433,0.02515946328639984,0.02603195607662201,21.17931365966797,20.590564727783203,20.124916076660156,0.9510113660514212,0.9496567222195706,0.9471916480418935
552,0.01485353522002697,0.01695948839187622,0.01890587992966175,24.960468292236328,23.24173927307129,22.415180206298828,0.98111775570333,0.9766352812843024,0.9725296944175958
553,0.020829804241657257,0.02322266809642315,0.026202721521258354,24.593183517456055,23.078710556030273,21.902503967285156,0.9740613697503805,0.9653077614387869,0.9579490857279003
554,0.007569031789898872,0.00800380576401949,0.008907267823815346,30.192386627197266,29.365718841552734,28.16840362548828,0.9903815049595833,0.9891786304283142,0.987406734318018
555,0.009214145131409168,0.010775616392493248,0.011749276891350746,28.498394012451172,26.76720428466797,25.736064910888672,0.9844077624025345,0.9815550326230525,0.9790520005235672
556,0.007305976469069719,0.008184509351849556,0.008780412375926971,24.31635093688965,23.81767463684082,23.4825496673584,0.9787467888831366,0.9782416040019285,0.9768536707593343
557,0.04193677753210068,0.04481002688407898,0.04581240564584732,16.21607208251953,15.732887268066406,15.635024070739746,0.912470880323123,0.9083125620670267,0.9059190791788954
558,0.04019074887037277,0.04211434721946716,0.043309640139341354,16.714344024658203,15.733369827270508,15.419864654541016,0.8338807487492463,0.835240281524421,0.8343821501836199
559,0.028342556208372116,0.029578497633337975,0.029861802235245705,17.53080177307129,16.661296844482422,16.54291534423828,0.9113232503855538,0.9156614151189517,0.9156816285153169
560,0.01463594101369381,0.015487161464989185,0.016826722770929337,21.62409210205078,20.964828491210938,20.608980178833008,0.9692321790986936,0.9758538047584542,0.97365009296663
561,0.012267759069800377,0.01354595273733139,0.01454087719321251,24.349456787109375,22.689191818237305,22.111989974975586,0.962261480380081,0.9697511458943936,0.9685683697148725
562,0.007192762568593025,0.008309162221848965,0.009084604680538177,28.79062843322754,27.85996437072754,27.23993682861328,0.9690648636901975,0.9648292680763007,0.9628837705553323
563,0.011109398677945137,0.012977495789527893,0.014485714957118034,24.258604049682617,23.196012496948242,22.576637268066406,0.9849334558705,0.9825172444797367,0.979476942133279
564,0.009658616036176682,0.010831426829099655,0.011465869843959808,27.567995071411133,27.535581588745117,27.178050994873047,0.9871530921303519,0.9874480122969076,0.9861120387674273
565,0.01531677320599556,0.014820514246821404,0.015523177571594715,23.061195373535156,22.896793365478516,22.58363914489746,0.9585591873549819,0.9571856207763031,0.9555328229420483
566,0.11251217126846313,0.10719598084688187,0.10221295058727264,10.3871431350708,10.562272071838379,10.787447929382324,0.704265111582238,0.7094546832507408,0.7133249569030583
567,0.08147962391376495,0.08068859577178955,0.07836918532848358,11.889591217041016,11.810030937194824,11.9238862991333,0.7363130283966316,0.7377044714295172,0.7386311983618076
568,0.03265681490302086,0.03216155618429184,0.03155967965722084,16.17378044128418,16.04834747314453,16.102659225463867,0.9001070479847452,0.9038802551554288,0.9050507510188145
569,0.11330360174179077,0.10800644010305405,0.1031574085354805,10.32774543762207,10.461528778076172,10.659422874450684,0.6879472638125614,0.6935192778873582,0.6984970964278869
570,0.004583604168146849,0.004836674779653549,0.004840548615902662,30.33932876586914,30.293209075927734,30.292877197265625,0.9837651722903251,0.9835083987224102,0.9835188847638369
571,0.006219552829861641,0.006559423636645079,0.00657731294631958,30.52699089050293,30.302600860595703,30.25972557067871,0.9717324147685468,0.9701280691304803,0.9700697109622062
572,0.04238559305667877,0.048868563026189804,0.05239417403936386,17.673181533813477,17.073299407958984,16.717849731445312,0.8825834182133198,0.8626237072947391,0.8523736561307717
573,0.0011706745717674494,0.0013274593511596322,0.0013296721735969186,55.708282470703125,55.4395866394043,55.43280029296875,0.9979270243015289,0.9978872638874053,0.9978931420764923
574,0.00255762436427176,0.0027339481748640537,0.002735897433012724,37.20231628417969,37.15898132324219,37.158687591552734,0.9859024623242617,0.9857189765520692,0.9857231408528686
575,0.0013034672010689974,0.001460921368561685,0.0014626416377723217,53.52168273925781,54.68122863769531,54.677337646484375,0.9981324762210846,0.998291626671791,0.9982940899782181
576,0.0016079272609204054,0.001703934045508504,0.0017051231116056442,52.39036178588867,53.25727844238281,53.25694274902344,0.9978323076152802,0.997906371008873,0.9979089884691238
577,0.0007371723186224699,0.0011232614051550627,0.0011262851767241955,53.49140167236328,56.79275131225586,56.87187957763672,0.9985796130342484,0.9992197243146896,0.9992418085632324
578,0.0013880622573196888,0.0015279906801879406,0.0015296932542696595,52.292137145996094,54.39504623413086,54.38971710205078,0.9978019678931236,0.9981914774951934,0.9981904627342224
579,0.04867403209209442,0.049139510840177536,0.04965859651565552,15.002605438232422,14.725899696350098,14.655533790588379,0.8920239653086688,0.8871366734671452,0.8853481023801258
580,0.014307748526334763,0.015472395345568657,0.01852724328637123,28.066585540771484,26.6361141204834,25.018680572509766,0.9878307573833466,0.9851543353564739,0.9791862038639784
581,0.009122662246227264,0.01192672923207283,0.01445281133055687,27.214740753173828,26.088943481445312,25.05693817138672,0.9844945293907114,0.9820714890515618,0.9776071312712021
582,0.02800636924803257,0.03133600205183029,0.03539000079035759,19.478710174560547,19.167381286621094,18.787919998168945,0.9465254607197662,0.9429734502437503,0.9355399416824715
583,0.01718829944729805,0.019365960732102394,0.022463355213403702,25.677473068237305,24.490589141845703,23.317577362060547,0.9797747067978233,0.9774282829924077,0.9714476632156186
584,0.008906937204301357,0.009535975754261017,0.009899981319904327,24.806211471557617,24.395483016967773,24.159133911132812,0.9778835594660156,0.9794620839552469,0.9788342806002684
585,0.01566627435386181,0.0181649848818779,0.0214068666100502,25.342042922973633,24.21084213256836,23.072662353515625,0.9731412985885914,0.9703760830618815,0.9632681402001733
586,0.017538972198963165,0.01910104975104332,0.020351342856884003,20.2802677154541,19.75543785095215,19.460758209228516,0.9295363823077679,0.9316976249097968,0.9286253484736333
587,0.021296001970767975,0.02473120391368866,0.027249857783317566,19.71998405456543,19.239023208618164,18.91350555419922,0.9370206512964541,0.9334887691800889,0.9280197673905962
588,0.01566627435386181,0.0181649848818779,0.0214068666100502,25.342042922973633,24.21084213256836,23.072662353515625,0.9731412985885914,0.9703760830618815,0.9632681402001733
589,0.017538972198963165,0.01910104975104332,0.020351342856884003,20.2802677154541,19.75543785095215,19.460758209228516,0.9295363823077679,0.9316976249097968,0.9286253484736333
590,0.0026526402216404676,0.0030773491598665714,0.003511179704219103,38.02762222290039,35.4999885559082,33.69423294067383,0.9966698921833038,0.9958289857532978,0.9950221294760704
591,0.010742935352027416,0.01111934706568718,0.011515099555253983,22.336597442626953,22.102954864501953,21.93520736694336,0.9637866350395328,0.9631711824368758,0.962078233520973
592,0.01674528792500496,0.01970769092440605,0.022151678800582886,22.20383644104004,21.50682258605957,20.94104766845703,0.960482210868811,0.9550431998505732,0.9487737635242584
593,0.003505834611132741,0.004689274821430445,0.005636349320411682,36.54747772216797,33.012237548828125,31.050949096679688,0.9966149732580185,0.9954578145613671,0.9941337303719521
594,0.0013580955564975739,0.0013382663019001484,0.0013548643328249454,47.2515869140625,46.89659881591797,45.49679183959961,0.9981200007734299,0.9980872758426667,0.9979853334188461
595,0.0127822645008564,0.011836536228656769,0.011982603929936886,22.21759033203125,21.662443161010742,21.45583724975586,0.9594543282482997,0.965084048065791,0.9649647435458842
596,0.02973026968538761,0.029761970043182373,0.029902320355176926,17.130949020385742,16.581886291503906,16.538532257080078,0.9061616000460242,0.9139976996851287,0.9137400543123221
597,0.031921111047267914,0.03573336824774742,0.037892211228609085,19.480627059936523,18.932392120361328,18.666234970092773,0.9631068496656194,0.9557923711505681,0.9515643776862137
598,0.005187555216252804,0.00489618256688118,0.005078079178929329,26.831043243408203,25.734853744506836,25.32927703857422,0.980729193741154,0.9828934313998706,0.9829967328627929
599,0.009115313179790974,0.009459327906370163,0.009436802938580513,22.83544158935547,21.690092086791992,21.567909240722656,0.9684614529679695,0.9732075060355649,0.9735412705139064
600,0.02169805020093918,0.022050343453884125,0.021764032542705536,17.96198272705078,17.745601654052734,17.787731170654297,0.9437296956956591,0.9441582506877545,0.9446441619031465
601,0.063007652759552,0.06807103753089905,0.06987093389034271,14.96865463256836,14.387411117553711,14.228472709655762,0.8862194449689563,0.8782771628496507,0.874423313443507
602,0.008664815686643124,0.011025595478713512,0.013257780112326145,30.4148006439209,28.184497833251953,26.396076202392578,0.9925671018652916,0.9895191472764016,0.9855985896897316
603,0.002084605395793915,0.002321162261068821,0.0023079137317836285,32.323585510253906,32.66688919067383,32.84494400024414,0.9939837804683745,0.994021127106145,0.9941130766372979
604,0.004660788923501968,0.005104750860482454,0.005184771027415991,24.708694458007812,24.90412712097168,24.90483283996582,0.9925349929853902,0.9920918953237459,0.9918210880941599
605,0.017931289970874786,0.016009721904993057,0.01832009293138981,24.523115158081055,24.1475772857666,23.256567001342773,0.9746963176770116,0.9749251444020262,0.9708529147006492
606,0.021402496844530106,0.022636158391833305,0.023649215698242188,18.5695858001709,18.139827728271484,17.998424530029297,0.9295758370304584,0.9287253779956833,0.9271800802954117
607,0.008123018778860569,0.00843423418700695,0.010617940686643124,31.278018951416016,30.682966232299805,28.59765625,0.9939970764312744,0.993271688343525,0.9903460172810554
608,0.010894952341914177,0.009863055311143398,0.011762849055230618,29.303775787353516,29.44968032836914,27.870471954345703,0.9892932391386032,0.9893084309811592,0.9861067606000901
609,0.005265900399535894,0.005475595127791166,0.005561831872910261,24.644393920898438,24.844051361083984,24.840105056762695,0.9908287872074805,0.9902182308362052,0.9898417454810515
610,0.048387203365564346,0.048907190561294556,0.048896465450525284,14.980344772338867,14.88435173034668,14.881367683410645,0.8553740435520515,0.8542271838895963,0.8543276457716047
611,0.017107170075178146,0.018060386180877686,0.018321000039577484,20.941997528076172,20.340059280395508,20.178983688354492,0.9468067381956506,0.9454090772607573,0.9446084058797979
612,0.07498802244663239,0.07781624794006348,0.07838708162307739,13.502335548400879,13.183053970336914,13.12024974822998,0.782124105605879,0.7757540131349357,0.7742822623522366
613,0.062016766518354416,0.06123271584510803,0.059602417051792145,13.435333251953125,13.207301139831543,13.306722640991211,0.806723654606364,0.8121353180438357,0.8145830193996567
614,0.02764269709587097,0.028302662074565887,0.02831224724650383,17.288867950439453,17.11126708984375,17.104915618896484,0.9327999029949817,0.9320272198750695,0.9319518747419059
615,0.011988043785095215,0.01242535375058651,0.014915740117430687,28.97793960571289,28.475313186645508,26.820575714111328,0.9857035601277352,0.986560736464411,0.9823018895048499
616,0.03383468836545944,0.03536916524171829,0.03727664053440094,17.63256072998047,17.360984802246094,17.158103942871094,0.8948976070003294,0.8949971028758921,0.8913023462568959
617,0.011323150247335434,0.013825293630361557,0.016445346176624298,29.692365646362305,27.845672607421875,26.125783920288086,0.9869754586361646,0.9845126669860185,0.9792302224337757
618,0.014725166372954845,0.017339656129479408,0.020224524661898613,27.308929443359375,26.203929901123047,24.949024200439453,0.9777296412262321,0.9773612131062783,0.973643289494019
619,0.018586069345474243,0.02020702324807644,0.022468268871307373,25.992542266845703,25.28728675842285,24.202163696289062,0.975561088136673,0.9744248344810009,0.9688032070527077
620,0.008903038688004017,0.00918167270720005,0.010272734798491001,27.48825454711914,27.168495178222656,26.483705520629883,0.9857889371909946,0.9846479720598142,0.9821837887656917
621,0.04803640767931938,0.04754140228033066,0.04797850549221039,14.885497093200684,14.794835090637207,14.765459060668945,0.8519738903078586,0.8527782813123214,0.8507926911266517
622,0.012287480756640434,0.01354278065264225,0.016029981896281242,29.359237670898438,27.30411148071289,25.403797149658203,0.9891899586324692,0.9861398819365501,0.9807880842428207
623,0.0074579548090696335,0.008092103525996208,0.00918535515666008,31.38495445251465,30.459178924560547,29.078388214111328,0.9897895798108578,0.9897976995625496,0.9881376924618482
624,0.02456047013401985,0.024736635386943817,0.02494080550968647,17.9882755279541,17.8886661529541,17.873165130615234,0.9235743592785118,0.9234497017971078,0.9222788324779764
625,0.022849220782518387,0.024598658084869385,0.025094497948884964,18.47052001953125,17.549110412597656,17.36206817626953,0.9004117609900942,0.9050805621311896,0.9049057531139094
626,0.008873007260262966,0.009462837129831314,0.009549316018819809,25.21548080444336,24.65049934387207,24.5289249420166,0.9704385008787689,0.9707417806600738,0.9705391629125205
627,0.1119706928730011,0.12232431769371033,0.12785281240940094,11.463656425476074,10.342327117919922,10.018525123596191,0.5648441702788687,0.5920489073135522,0.591822082389286
628,0.2155618667602539,0.22217971086502075,0.22347572445869446,9.572630882263184,9.274557113647461,9.225348472595215,0.6166288407386349,0.599709198841942,0.5923190674767965
629,0.17172744870185852,0.16902919113636017,0.1687462031841278,9.929264068603516,9.720081329345703,9.684968948364258,0.6128927781776624,0.6245790733179042,0.6271938936659737
630,0.017488636076450348,0.016272716224193573,0.018223077058792114,26.589500427246094,26.31256103515625,25.156734466552734,0.9812100491838008,0.9808824339997172,0.9768121043752208
631,0.009162019938230515,0.009716236032545567,0.010402724146842957,23.8723087310791,23.91022491455078,23.69495391845703,0.988274927310966,0.9871078776728734,0.9859316318189166
632,0.021939361467957497,0.023579319939017296,0.025444775819778442,19.783039093017578,19.17353057861328,18.900178909301758,0.9272064343039467,0.9257163940643347,0.9224926394264398
633,0.01773248240351677,0.016358593478798866,0.01821141690015793,26.348514556884766,26.16904067993164,25.06986427307129,0.9816708239611089,0.9815914890697003,0.9779340233998448
634,0.012146406807005405,0.01235494576394558,0.012541024014353752,20.89858055114746,20.89332389831543,20.865718841552734,0.971931921334764,0.9714630361071593,0.9708133854855215
635,0.020488066598773003,0.018495608121156693,0.019341252744197845,21.7847900390625,21.757022857666016,21.53911590576172,0.9545525221428934,0.9555564523277762,0.954099839028595
636,0.029425013810396194,0.030026234686374664,0.030854860320687294,18.30518341064453,18.01447296142578,17.920255661010742,0.9062739859770478,0.9060510601415541,0.9044299180512735
637,0.01634763926267624,0.017311908304691315,0.018587198108434677,22.601505279541016,22.19083595275879,21.88575553894043,0.9614638682511524,0.9603208703925051,0.9582324392966441
638,0.015065968036651611,0.015441881492733955,0.01637696847319603,25.597030639648438,25.125782012939453,24.560794830322266,0.9775489879741669,0.9755105388938785,0.9735154523274601
639,0.013424724340438843,0.014093410223722458,0.015050629153847694,23.13922119140625,22.862340927124023,22.581199645996094,0.9675268435212196,0.9670403210771661,0.9655516967618633
640,0.018148262053728104,0.016867198050022125,0.01906834915280342,25.498394012451172,24.922176361083984,23.716426849365234,0.9806175576751233,0.9788308006466925,0.9739765179855675
641,0.02014646679162979,0.021815422922372818,0.024567220360040665,22.121498107910156,21.50494384765625,20.824237823486328,0.9713891975298822,0.9666938893803805,0.9602555902052448
642,0.012136289849877357,0.014346892014145851,0.017663516104221344,29.3070068359375,27.4794864654541,25.588777542114258,0.9857759630033374,0.9837099692280888,0.9779034527330398
643,0.01041281409561634,0.010800112038850784,0.012688232585787773,29.782751083374023,29.045007705688477,27.417072296142578,0.9896159679322243,0.9882678731775284,0.9845164745926857
644,0.008600917644798756,0.009341800585389137,0.010259062983095646,24.15703773498535,24.089889526367188,23.768388748168945,0.9840461858264431,0.9847119815041162,0.9826908473686836
645,0.01688293367624283,0.019966136664152145,0.02253519371151924,22.789566040039062,20.609577178955078,19.826465606689453,0.9404793190025734,0.9410712461425367,0.9367963067732595
646,0.021243423223495483,0.021613476797938347,0.022561855614185333,19.562562942504883,18.381237030029297,18.01375389099121,0.9056595639628996,0.915582272881492,0.9155549488739553
647,0.021299540996551514,0.023624463006854057,0.02629166655242443,25.599754333496094,24.3052978515625,23.155899047851562,0.974412979825735,0.9750238870477677,0.9695689485340119
648,0.02187589555978775,0.02159147337079048,0.023545753210783005,24.66922950744629,24.150402069091797,23.241422653198242,0.9726492308564186,0.970171349624157,0.9651323690939546
649,0.02973543107509613,0.030368251726031303,0.03244440257549286,20.95524024963379,19.873794555664062,19.22238540649414,0.9439704602633454,0.938161662275523,0.9318417656959498
650,0.019258029758930206,0.01706625707447529,0.018478862941265106,23.36687469482422,22.915267944335938,22.412586212158203,0.9608437707349323,0.9629293342660673,0.9603085677458113
651,0.003404092974960804,0.003356320783495903,0.003693637903779745,35.86668395996094,36.6138801574707,35.18524932861328,0.9960400213699341,0.9961956119937897,0.9956523180813789
652,0.01435365155339241,0.015378952957689762,0.01679447665810585,22.010147094726562,21.15823745727539,20.785236358642578,0.9549793014683311,0.9548252138689548,0.9531129089552984
653,0.009582294151186943,0.008521591313183308,0.008718101307749748,27.4375057220459,27.876789093017578,27.561986923217773,0.9839587243920229,0.9852999336579032,0.9847476896003484
654,0.0013773899991065264,0.0017230475787073374,0.001771186594851315,42.2587890625,40.872276306152344,39.94420623779297,0.9975367680425644,0.9974384122390747,0.9973559762125015
655,0.06288347393274307,0.0587255135178566,0.05828893184661865,14.184971809387207,14.156893730163574,14.202291488647461,0.8447581525019301,0.8475747541494145,0.8463293341146227
656,0.02422526106238365,0.02376115322113037,0.024723008275032043,19.076993942260742,18.830196380615234,18.661821365356445,0.9346325626359399,0.9341780942460606,0.9323318497324795
657,0.0430726632475853,0.042101576924324036,0.0432257317006588,15.43796157836914,15.399981498718262,15.364141464233398,0.8828012694680187,0.8824431890876724,0.8799751335894899
658,0.028419913724064827,0.02639544941484928,0.02828800119459629,19.167221069335938,19.095203399658203,18.90596580505371,0.9541130578663559,0.9536987293215757,0.9496718787231958
659,0.0049943700432777405,0.00524846650660038,0.005320839583873749,24.645843505859375,24.880029678344727,24.892759323120117,0.991670405914653,0.9912226625847184,0.9909502329814397
660,0.01794346794486046,0.01905263401567936,0.019451642408967018,19.31990623474121,18.639604568481445,18.44615936279297,0.9213118231970733,0.9220875395329061,0.9219315892050276
661,0.00410827063024044,0.0048010144382715225,0.0065580024383962154,30.715425491333008,28.124526977539062,24.830013275146484,0.966930793000266,0.9683616756242923,0.9672091900487617
662,0.024681830778717995,0.024606604129076004,0.025349818170070648,17.92865562438965,18.06342887878418,18.052366256713867,0.909867448850506,0.9241718422574182,0.9241805811346865
663,0.01794346794486046,0.01905263401567936,0.019451642408967018,19.31990623474121,18.639604568481445,18.44615936279297,0.9213118231970733,0.9220875395329061,0.9219315892050276
664,0.00410827063024044,0.0048010144382715225,0.0065580024383962154,30.715425491333008,28.124526977539062,24.830013275146484,0.966930793000266,0.9683616756242923,0.9672091900487617
665,0.00890505313873291,0.011823020875453949,0.014190195128321648,28.757593154907227,25.802257537841797,24.19375228881836,0.9864354596344233,0.9805761098815202,0.974778738296628
666,0.004710746929049492,0.005928770173341036,0.007065048441290855,34.665283203125,31.479827880859375,29.39699363708496,0.9926251040101052,0.9918474443132878,0.9896930252172947
667,0.008917894214391708,0.010886725038290024,0.013035094365477562,30.709186553955078,28.152015686035156,26.301002502441406,0.9905718969116211,0.9875360889148712,0.983001425094366
668,0.002300223568454385,0.0026594260707497597,0.0028497041203081608,38.3603515625,36.86922836303711,35.44224548339844,0.9953809487228393,0.9952053498096466,0.9946563687558174
669,0.023290185257792473,0.026839204132556915,0.028430838137865067,19.79364776611328,19.05032730102539,18.746578216552734,0.9452262214559815,0.9371610912887078,0.9338025937409755
670,0.011415736749768257,0.012271491810679436,0.013120001181960106,23.568410873413086,22.115516662597656,21.65593719482422,0.9664934925280252,0.9711393530025256,0.9702431155099944
671,0.01188626792281866,0.013226386159658432,0.014362039975821972,25.54247283935547,24.03338623046875,23.243118286132812,0.9715665026649691,0.972885365581088,0.9705888060699497
672,0.03267291933298111,0.03385777771472931,0.03462439775466919,21.12102699279785,20.85395050048828,20.73736572265625,0.9515325941821337,0.9498841630739718,0.9493130107691288
673,0.01859564147889614,0.021355779841542244,0.023296136409044266,24.084884643554688,23.228607177734375,22.725427627563477,0.9634273363756072,0.9591111504465938,0.9557998278687
674,0.01687737926840782,0.017335539683699608,0.01799653097987175,24.27793312072754,24.388355255126953,24.227176666259766,0.9748409479936362,0.9778148106521964,0.9775377614971399
675,0.029252175241708755,0.027033086866140366,0.025757037103176117,17.131229400634766,17.215572357177734,17.298046112060547,0.9112595070617506,0.9169715892655765,0.9197233873701683
676,0.03664811700582504,0.034627947956323624,0.03424300253391266,16.456029891967773,16.243356704711914,16.259504318237305,0.8921929401074902,0.9005805525427729,0.8997142662220444
677,0.08122442662715912,0.08626587688922882,0.08932311832904816,12.45805549621582,12.206320762634277,12.06546688079834,0.6952976287727817,0.6854933265046564,0.6797436016856078
678,0.034930337220430374,0.03547051548957825,0.037136029452085495,16.76787567138672,16.555742263793945,16.337989807128906,0.869671587821623,0.8680145054084396,0.8635836340550986
679,0.03273295983672142,0.03165899217128754,0.030967669561505318,17.00417137145996,16.774948120117188,16.768657684326172,0.8684835698985427,0.8614586957569792,0.8620398896476387
680,0.0011587529443204403,0.0011419642250984907,0.001141764922067523,56.52172088623047,56.56539535522461,56.56596374511719,0.998499901432991,0.9984951966953277,0.9984947417840958
681,0.01109641045331955,0.0125358197838068,0.013226702809333801,26.137163162231445,24.748699188232422,24.190532684326172,0.9808078300759793,0.9780871585974693,0.9767726274838447
682,0.012442415580153465,0.013688808307051659,0.014657688327133656,27.04930305480957,26.04827117919922,25.343482971191406,0.979978674756527,0.9788696538915634,0.9769362168565094
683,0.009356603026390076,0.010036642663180828,0.010652726516127586,23.562759399414062,23.043012619018555,22.69991683959961,0.9619172054331098,0.96134527483636,0.9601229451681869
684,0.0022045979276299477,0.002294783014804125,0.002404578495770693,34.67814636230469,32.98631286621094,32.18800735473633,0.9878470711359159,0.9895953845311328,0.9892257394028566
685,0.007862959057092667,0.009896229952573776,0.012072816491127014,31.90801239013672,29.601051330566406,27.615352630615234,0.9922082794156074,0.9897378876342774,0.9858223696546554
686,0.006319258362054825,0.006969919893890619,0.007934780791401863,31.389415740966797,30.36911964416504,29.090259552001953,0.9907883227868081,0.9898481305636168,0.9880190081732273
687,0.0100992601364851,0.013563249260187149,0.016812335699796677,30.017221450805664,27.2421875,25.298545837402344,0.9896243935556411,0.984830524738431,0.9785038055739402
688,0.0337495282292366,0.03597685322165489,0.03875398635864258,17.068294525146484,16.939533233642578,16.813766479492188,0.9244330773641726,0.9205568917217183,0.9152490554676217
689,0.027550695464015007,0.029187168926000595,0.0303837601095438,17.57219886779785,17.302152633666992,17.191020965576172,0.9271934609611072,0.9256780094093897,0.9226971858088355
690,0.03172876685857773,0.03176862746477127,0.03239569067955017,18.910202026367188,18.206241607666016,17.941282272338867,0.9353136721218489,0.9339233715132467,0.9323925633479738
691,0.022140318527817726,0.025181695818901062,0.028713423758745193,21.72274398803711,19.606555938720703,18.47690200805664,0.9462246216071775,0.9363300340272005,0.9280210113249442
692,0.018713749945163727,0.01993219368159771,0.021778985857963562,22.76963233947754,21.861953735351562,21.177734375,0.9728759859524491,0.966994084006763,0.9621662105019642
693,0.012876631692051888,0.012781081721186638,0.012694517150521278,21.668869018554688,21.54576873779297,21.538331985473633,0.9559396900746375,0.9547641719152257,0.9546273287859708
694,0.014143534004688263,0.01515861228108406,0.015447281301021576,21.395952224731445,20.947593688964844,20.816509246826172,0.9353105132573619,0.9332276644994049,0.9325674098039987
695,0.03734291344881058,0.03985486924648285,0.04202022776007652,16.162704467773438,15.931543350219727,15.777783393859863,0.8775239784545508,0.8763937415271335,0.870904490263582
696,0.02594704180955887,0.026278533041477203,0.02701931819319725,18.197446823120117,17.84925651550293,17.701866149902344,0.9174549743472449,0.9173751227305389,0.9160440980705966
697,0.02843177132308483,0.03106679394841194,0.03349998593330383,17.5404052734375,17.137786865234375,16.869375228881836,0.8930582684330599,0.89043755090351,0.8849942262901098
698,0.03734291344881058,0.03985486924648285,0.04202022776007652,16.162704467773438,15.931543350219727,15.777783393859863,0.8775239784545508,0.8763937415271335,0.870904490263582
699,0.02594704180955887,0.026278533041477203,0.02701931819319725,18.197446823120117,17.84925651550293,17.701866149902344,0.9174549743472449,0.9173751227305389,0.9160440980705966
700,0.013592410832643509,0.016309835016727448,0.019720086827874184,25.767066955566406,24.524106979370117,23.204673767089844,0.9800967930537661,0.9742449391794931,0.9657270097442073
701,0.012108628638088703,0.01546559389680624,0.01907357946038246,28.32680892944336,25.99335479736328,24.043731689453125,0.9838830470137,0.9770004647749811,0.9680411189585179
702,0.0179898701608181,0.022851435467600822,0.02831469476222992,23.436763763427734,22.08061981201172,20.80630111694336,0.96547144447638,0.9560193354948352,0.9435361301501924
703,0.011274907737970352,0.01530295331031084,0.01946002058684826,28.209753036499023,25.98771095275879,24.015308380126953,0.9856867162581384,0.978056909033671,0.9679893081529141
704,0.014583440497517586,0.017221637070178986,0.019921492785215378,21.9197998046875,21.253746032714844,20.620685577392578,0.9579397487573028,0.9540427628817968,0.9476640246357602
705,0.009936276823282242,0.011962192133069038,0.014224085956811905,26.30164337158203,24.467445373535156,23.292171478271484,0.9342523817122751,0.9540620138850641,0.9503138718474526
706,0.012860633432865143,0.014146426692605019,0.0156104676425457,23.92831039428711,23.463382720947266,22.954580307006836,0.9292791105544418,0.9459136363725513,0.9424975188135579
707,0.007750229444354773,0.009507793933153152,0.011352848261594772,25.090330123901367,23.392475128173828,22.396846771240234,0.9255401440846599,0.9369478837441005,0.9332588382906325
708,0.00809281412512064,0.008761007338762283,0.010061182081699371,24.74496841430664,23.317737579345703,22.48651695251465,0.892067760996169,0.9348052820341578,0.9335130318034319
709,0.00470639206469059,0.004685664549469948,0.005274685099720955,28.17223358154297,27.159149169921875,26.288759231567383,0.9378487990081348,0.9708260600431711,0.972232985347122
710,0.021879225969314575,0.020079759880900383,0.022173840552568436,22.664257049560547,22.24261474609375,21.524627685546875,0.9589747839585664,0.9612474338614132,0.9567916669096879
711,0.01161983609199524,0.011466062627732754,0.013169234618544579,27.00940704345703,26.250545501708984,25.25030517578125,0.9763175154679865,0.9795015157058574,0.9767451734458618
712,0.012382261455059052,0.015703434124588966,0.01990498974919319,27.781904220581055,26.081331253051758,24.483173370361328,0.984470389657747,0.9803372864866797,0.9735856662557554
713,0.007567938417196274,0.008346675895154476,0.010298926383256912,32.313812255859375,31.00681495666504,28.90462875366211,0.992890285235405,0.9908374189891815,0.9869905361025333
714,0.005202020984143019,0.006911121308803558,0.008561218157410622,34.09490203857422,31.49677085876465,29.29644012451172,0.9945596618394852,0.9928342112455368,0.9899081982886792
715,0.027074432000517845,0.029423266649246216,0.03414253890514374,20.40987205505371,19.762495040893555,19.01540184020996,0.9333737962228353,0.9215842030159396,0.9078887749903238
716,0.018580233678221703,0.021970978006720543,0.02636653371155262,22.981372833251953,21.784879684448242,20.686559677124023,0.96599897974832,0.9549943239747747,0.9421147992271552
717,0.023868337273597717,0.028254777193069458,0.034689031541347504,21.41934585571289,20.456871032714844,19.331300735473633,0.9514500435936645,0.93673272683011,0.9186516534650792
718,0.031780313700437546,0.03387538716197014,0.03888707607984543,19.45871925354004,18.88425636291504,18.22254180908203,0.9169563099628152,0.9050566209397047,0.890751094172082
719,0.030627116560935974,0.03396192193031311,0.038304831832647324,18.4628963470459,17.84957504272461,17.3099365234375,0.9134708100075377,0.9033629372779555,0.8912231545010312
720,0.21741148829460144,0.21902966499328613,0.21957021951675415,9.76190185546875,9.637049674987793,9.614116668701172,0.6179435726459044,0.6088196643272589,0.6065317835259522
721,0.00612825620919466,0.006621342618018389,0.006853691302239895,24.403743743896484,24.483469009399414,24.38591957092285,0.9913954063740917,0.9904394016236743,0.9896811684078983
722,0.01787014678120613,0.022171558812260628,0.02542978525161743,24.230335235595703,22.46821403503418,21.504648208618164,0.9802959242455512,0.9720646929999478,0.965334202751128
723,0.0010131823364645243,0.001246945234015584,0.0012504756450653076,54.86674880981445,55.93207931518555,55.91806411743164,0.9976677439250946,0.9978363341302872,0.9978379672002793
724,0.005428429692983627,0.0055729178711771965,0.0056664105504751205,24.48870086669922,24.738521575927734,24.725337982177734,0.9903757305267006,0.9902048154279665,0.9900174188808799
725,0.0065711382776498795,0.007199488580226898,0.007654113695025444,25.755327224731445,25.68375015258789,25.529441833496094,0.9865110395980179,0.9868648486036584,0.9862922043288685
726,0.012826602905988693,0.013339605182409286,0.013669520616531372,20.454498291015625,20.359920501708984,20.279251098632812,0.9556400820080249,0.9546038692473278,0.9536753916255781
727,0.1528591513633728,0.1594962775707245,0.16129863262176514,10.858478546142578,10.56148624420166,10.497275352478027,0.7011263868676296,0.6865094840609531,0.6815976696803977
728,0.018384449183940887,0.018335554748773575,0.018647581338882446,19.632686614990234,19.65130615234375,19.63133430480957,0.9563066222101226,0.9582631936751567,0.9585811241776049
729,0.05848403647542,0.05822573974728584,0.05791430175304413,13.115195274353027,13.147396087646484,13.168498992919922,0.8741211019085147,0.8747407053299975,0.8757513200428438
730,0.01862279511988163,0.020757092162966728,0.022833101451396942,20.94818115234375,19.664705276489258,19.007089614868164,0.9319238095522449,0.9373660645870117,0.93232707946524
731,0.05830592289566994,0.06272952258586884,0.07244563102722168,16.079593658447266,14.202338218688965,13.259378433227539,0.4819987106665032,0.5696153331576197,0.5641988903864058
732,0.08473054319620132,0.08112958073616028,0.08292394876480103,12.33430290222168,12.25252914428711,12.168749809265137,0.5662189328767738,0.6615965638509523,0.6634656426999627
733,0.030604589730501175,0.03268548101186752,0.0337035208940506,18.20817756652832,17.871807098388672,17.74527931213379,0.9143093437635962,0.912220456023331,0.9088038175926644
734,0.03928423672914505,0.040115635842084885,0.04558824375271797,17.605777740478516,16.109947204589844,15.34302806854248,0.5749229425657604,0.6622406955396216,0.6617319629657938
735,0.06678174436092377,0.07013419270515442,0.07162906229496002,16.005971908569336,15.614476203918457,15.441988945007324,0.8669567734487885,0.8620749410444373,0.8580282546387809
736,0.03069361299276352,0.032021913677453995,0.032873570919036865,18.26714324951172,18.031578063964844,17.91078758239746,0.9342388160592972,0.9298598075044302,0.9258744218641924
737,0.017985131591558456,0.01855398714542389,0.019766923040151596,21.329971313476562,20.592443466186523,20.157983779907227,0.9662329856585264,0.9629624643863118,0.9593540856920567
738,0.006884369533509016,0.008475004695355892,0.009359145537018776,27.444753646850586,25.865419387817383,25.145092010498047,0.9886490170834661,0.985667076518476,0.9836222853789628
739,0.019015107303857803,0.020791802555322647,0.021757081151008606,22.793243408203125,21.84833335876465,21.32866859436035,0.9593801823194921,0.954273990754813,0.9514003349247575
740,0.05002211406826973,0.050366759300231934,0.05110306292772293,15.087562561035156,14.654638290405273,14.615492820739746,0.8581691102219662,0.8587673867445706,0.8567449150460863
741,0.005544234067201614,0.005653486121445894,0.00571918860077858,24.569225311279297,24.857101440429688,24.885082244873047,0.9901549451671838,0.9897307286582403,0.9894405422806479
742,0.010098094120621681,0.010809393599629402,0.013184851035475731,28.39349365234375,27.7200984954834,26.386138916015625,0.9891196634998727,0.9879304901322145,0.9840767742117923
743,0.007380285300314426,0.007203048560768366,0.008258857764303684,31.904842376708984,31.940916061401367,30.4354190826416,0.9927693536691665,0.9922892243542671,0.9903773297805786
744,0.009613116271793842,0.009905749931931496,0.010708197019994259,24.02408218383789,24.18366241455078,23.959943771362305,0.9876054963556044,0.9868631800892874,0.985328001004573
745,0.02069026231765747,0.02251109480857849,0.025006335228681564,22.965702056884766,21.315750122070312,20.42349624633789,0.9755441055226326,0.9673426500191689,0.9609579581145495
746,0.0069215018302202225,0.007578646764159203,0.008337908424437046,28.942604064941406,27.728612899780273,26.677255630493164,0.9919903854494095,0.9907245168824493,0.9889829510187209
747,0.10173246264457703,0.1018599197268486,0.10267171263694763,11.67324447631836,11.424196243286133,11.353914260864258,0.6649867352683165,0.6643131591204454,0.6606300574890298
748,0.02000519260764122,0.020732354372739792,0.02245345339179039,23.131235122680664,22.142545700073242,21.3078670501709,0.9715697558167502,0.9670231522429324,0.9619144715255946
749,0.06349007040262222,0.06358671188354492,0.06359955668449402,13.519571304321289,13.3220853805542,13.299285888671875,0.8003751460621826,0.800839939342367,0.7995376718451128
750,0.03888728469610214,0.04020833224058151,0.040433116257190704,15.585309982299805,15.15073299407959,15.108421325683594,0.8542423949301141,0.8590702241744289,0.8586020041463178
751,0.00477671530097723,0.005419613793492317,0.005636934656649828,25.652847290039062,25.10894775390625,24.938480377197266,0.9914553800417296,0.9907362950714045,0.9902385826923512
752,0.0043287440203130245,0.00565511267632246,0.006569915916770697,35.246524810791016,33.52224349975586,31.695707321166992,0.9947217999200821,0.9941983437271118,0.9924562502593994
753,0.04607709124684334,0.047412849962711334,0.04737504571676254,14.731292724609375,14.39210319519043,14.39490795135498,0.8485568101905648,0.8494843118084972,0.8491257708702481
754,0.004932451993227005,0.005546094384044409,0.005774669349193573,25.782651901245117,25.063159942626953,24.83356285095215,0.9906396168373935,0.9904062354259705,0.9898994091624091
755,0.021813109517097473,0.02371988072991371,0.025358712300658226,20.195106506347656,19.849645614624023,19.610658645629883,0.9442096193254894,0.940655430009626,0.9366497115227571
756,0.006663457956165075,0.007564067374914885,0.009387888945639133,31.185474395751953,29.789583206176758,28.1533203125,0.9830704167680889,0.984388642895013,0.981405847333137
757,0.0013148204889148474,0.0015130426036193967,0.0015080906450748444,47.48094940185547,53.45972442626953,54.204139709472656,0.995684335275352,0.9966150653600693,0.9970367295064926
758,0.012136179022490978,0.013977134600281715,0.01547391526401043,24.408166885375977,23.915096282958984,23.45093536376953,0.967701792102728,0.9657099763165675,0.962564221483536
759,0.036886122077703476,0.03742837533354759,0.037579722702503204,15.42561149597168,15.345111846923828,15.324954986572266,0.8661293221853824,0.8653957634479619,0.8644820345296234
760,0.007320532575249672,0.007714488077908754,0.008019573986530304,25.416725158691406,25.365890502929688,25.18902587890625,0.9810549670934826,0.981456370803181,0.9811710666362252
761,0.0053053926676511765,0.006226067431271076,0.0071624452248215675,32.9685173034668,31.382003784179688,29.597227096557617,0.9933730316815377,0.9918405149092674,0.9893915525746345
762,0.10042612254619598,0.10013899207115173,0.09784290194511414,10.929975509643555,10.823346138000488,10.90968132019043,0.6741540132909489,0.6755286059641402,0.6766239689130504
763,0.0041481079533696175,0.0037521671038120985,0.0035782549530267715,27.74623680114746,28.28961181640625,28.578079223632812,0.9889472006527782,0.9909669805513694,0.9914605225914604
764,0.052830010652542114,0.05133160576224327,0.05026988685131073,13.837648391723633,13.845075607299805,13.91462516784668,0.8348537925471186,0.8398917920104418,0.8417630134044215
765,0.003970975987613201,0.0036749073769897223,0.004399629309773445,33.01083755493164,31.868911743164062,28.804885864257812,0.989117256717801,0.990186388861902,0.9894523745658808
766,0.0014042765833437443,0.0016352597158402205,0.0016695607919245958,42.287200927734375,42.23390579223633,41.13780975341797,0.9971078548612594,0.9971076812572479,0.9969773598561287
767,0.007061791140586138,0.008284826762974262,0.00993939395993948,31.097620010375977,29.206239700317383,27.545156478881836,0.9924848852354884,0.9911513550554737,0.9883656465056948
768,0.0027048035990446806,0.00190750602632761,0.0019134579924866557,46.33815002441406,48.98311233520508,47.45860290527344,0.9947240985999107,0.9959536002354622,0.9959484579665064
769,0.01146183256059885,0.012020164169371128,0.01234437432140112,22.170928955078125,20.684402465820312,20.42365264892578,0.9556414184680274,0.9607675033890726,0.9609184153173645
770,0.023261284455657005,0.022526588290929794,0.02232334017753601,18.819480895996094,18.667821884155273,18.72182273864746,0.9277576386228588,0.9281174228742493,0.9285037505502306
771,0.034302614629268646,0.034363988786935806,0.03459365665912628,16.62664794921875,16.40667724609375,16.38991928100586,0.8899122329532413,0.8914302035475009,0.8907283061254969
772,0.026277512311935425,0.026563990861177444,0.02613213285803795,17.012765884399414,16.90738296508789,16.99725914001465,0.9216889726460502,0.9218398815462673,0.9219174191237083
773,0.0056288582272827625,0.005537365563213825,0.005611850880086422,30.98893928527832,31.195714950561523,30.965900421142578,0.9905254453492165,0.9909260078723431,0.9908308953926563
774,0.0014612216036766768,0.0017008212162181735,0.001686328905634582,37.08362579345703,36.998374938964844,37.10319137573242,0.9966502396911383,0.9965577771573961,0.9966130161200166
775,0.011308623477816582,0.011597957462072372,0.012913431972265244,28.787063598632812,28.07438850402832,26.839977264404297,0.9915627683296203,0.9901595637655258,0.9874306746058464
776,0.010935023427009583,0.010986754670739174,0.012126993387937546,23.882301330566406,23.872535705566406,23.492259979248047,0.9891430170710087,0.987954921026282,0.9860757158238516
777,0.007413160987198353,0.007361722178757191,0.008265482261776924,31.098743438720703,30.384498596191406,29.01934051513672,0.9947559080820083,0.9940417966341972,0.9923775185570717
778,0.004731341265141964,0.005181761458516121,0.005853456445038319,33.209869384765625,32.25979995727539,30.867183685302734,0.9959769839639664,0.9953024057130814,0.9941572375764847
779,0.004837799817323685,0.005121853202581406,0.005201378837227821,24.714937210083008,24.919307708740234,24.918210983276367,0.9924134723163657,0.9919283546488956,0.9916134951084852
780,0.038219403475522995,0.04351484030485153,0.045131340622901917,19.55426025390625,18.454835891723633,18.121599197387695,0.8613559413792714,0.845135684632048,0.8422049925960843
781,0.023103822022676468,0.02559228241443634,0.02628427743911743,20.577402114868164,19.80954360961914,19.59015655517578,0.9274215717571676,0.9179250520756557,0.9168841368096212
782,0.10384359955787659,0.11261697858572006,0.11461307108402252,13.681506156921387,13.056642532348633,12.925521850585938,0.7386221576639903,0.7111410466384943,0.7072971522388989
783,0.0877189040184021,0.09100352972745895,0.09144596755504608,14.445544242858887,14.168404579162598,14.132020950317383,0.7773427485965574,0.764979002462238,0.7639560707154889
784,0.0546090304851532,0.05623443424701691,0.0565500408411026,16.46304702758789,16.185087203979492,16.14757537841797,0.8328307258889033,0.8226023068486452,0.8220339991203887
785,0.027649469673633575,0.028822340071201324,0.03011642023921013,17.962753295898438,17.647836685180664,17.420557022094727,0.930794260187423,0.9234520282138337,0.916782042659733
786,0.037554413080215454,0.03759509325027466,0.03772515803575516,15.671249389648438,15.702068328857422,15.691113471984863,0.9111732608054814,0.9038466887130056,0.8991752335616197
787,0.06499907374382019,0.06432315707206726,0.06374716758728027,13.07990837097168,13.157413482666016,13.24356460571289,0.864276330237306,0.8550996641294304,0.8487975547170415
788,0.04581316187977791,0.04610775411128998,0.0465831384062767,15.033269882202148,14.898652076721191,14.870956420898438,0.892570619217525,0.8855768899539548,0.8797004169670793
789,0.041926950216293335,0.0417720265686512,0.041644491255283356,15.111292839050293,15.155911445617676,15.179845809936523,0.8971312625879426,0.8900494628577228,0.8858209351520615
790,0.024165315553545952,0.026866720989346504,0.029007641598582268,19.72202491760254,18.505720138549805,18.01849365234375,0.9208206001882406,0.9238301609935183,0.9209421259971736
791,0.017125360667705536,0.019584016874432564,0.021560557186603546,21.35028076171875,20.09720230102539,19.678871154785156,0.9361751771002598,0.9396276040634319,0.9356115766984497
792,0.010488309897482395,0.012785932049155235,0.015068311244249344,25.97498321533203,24.311614990234375,23.208877563476562,0.9505889953476386,0.9536782416936779,0.9493578310797678
793,0.006937629543244839,0.008320523425936699,0.010122781619429588,29.14653778076172,27.081066131591797,25.36016273498535,0.978039638799306,0.9790729763369617,0.974887399721771
794,0.021727975457906723,0.022238049656152725,0.02428193762898445,20.17996597290039,19.438405990600586,18.95901107788086,0.9463805919511613,0.9493920155276661,0.9463998306817091
795,0.019489722326397896,0.01923346146941185,0.019402608275413513,19.770099639892578,19.680429458618164,19.649425506591797,0.9435939278795459,0.9440947781721521,0.9436961103050944
796,0.0064836288802325726,0.007906103506684303,0.009020224213600159,31.443586349487305,29.667499542236328,28.208335876464844,0.9925703674616814,0.9906303485802412,0.9883435789185763
797,0.014025330543518066,0.015016254037618637,0.01718505471944809,26.867454528808594,25.616743087768555,24.3300838470459,0.9845856706216931,0.9809946458708942,0.9760984694388062
798,0.009175130166113377,0.00958650466054678,0.010557286441326141,28.442901611328125,27.571613311767578,26.483169555664062,0.9889359774408341,0.9877795814561844,0.9855263010283709
799,0.029517585411667824,0.029679838567972183,0.029482858255505562,16.531492233276367,16.48613166809082,16.549360275268555,0.9169899397432383,0.9170002939200493,0.9169732360583653
800,0.017480090260505676,0.01616271212697029,0.0177451279014349,24.843509674072266,24.554452896118164,23.67345428466797,0.9701624255810752,0.9700634147323407,0.9663658542118501
801,0.007903218269348145,0.007948668673634529,0.00865550059825182,29.345619201660156,28.280229568481445,27.23541259765625,0.9815941503466554,0.9843036646853397,0.9825820102172107
802,0.005521310493350029,0.006018385291099548,0.006618915591388941,29.694656372070312,28.543148040771484,27.616872787475586,0.9824359327920527,0.9825539497985541,0.9818975334223956
803,0.002946920692920685,0.0029034381732344627,0.0029392035212367773,32.0904655456543,31.97138023376465,31.657978057861328,0.9863661625581905,0.9904733275793344,0.9910233693493828
804,0.0015621236525475979,0.0017860885709524155,0.0018369683530181646,36.842079162597656,35.62455749511719,34.890750885009766,0.9911118805857152,0.993856565522477,0.9939164418899417
805,0.010104857385158539,0.010299432091414928,0.010658266954123974,22.581771850585938,22.350536346435547,22.291833877563477,0.9579449554892673,0.9641840667688781,0.9632348433854102
806,0.00849955901503563,0.008736765012145042,0.008813852444291115,22.674348831176758,22.636917114257812,22.65152359008789,0.9777539315736238,0.9775374164755354,0.9770311461275951
807,0.011707864701747894,0.012092873454093933,0.012515577487647533,21.7506103515625,21.53333282470703,21.461612701416016,0.9641880501127893,0.9650409852944931,0.9641759583568187
808,0.010104857385158539,0.010299432091414928,0.010658266954123974,22.581771850585938,22.350536346435547,22.291833877563477,0.9579449554892673,0.9641840667688781,0.9632348433854102
809,0.00849955901503563,0.008736765012145042,0.008813852444291115,22.674348831176758,22.636917114257812,22.65152359008789,0.9777539315736238,0.9775374164755354,0.9770311461275951
810,0.01687462441623211,0.01727328449487686,0.017881173640489578,20.378620147705078,19.915863037109375,19.72134017944336,0.9360760253115548,0.9370366823844658,0.9362023301856732
811,0.026892730966210365,0.026931077241897583,0.027401622384786606,18.47802734375,17.96780776977539,17.807537078857422,0.9056901855836663,0.906708244090956,0.9059902852384697
812,0.05504654720425606,0.05689869076013565,0.05733232945203781,13.937856674194336,13.54776382446289,13.48443603515625,0.8088231123925503,0.8095671910410513,0.8084421503870233
813,0.00986156053841114,0.010106019675731659,0.010474054142832756,23.207801818847656,22.82837677001953,22.64329719543457,0.9758909936140998,0.9756034137585599,0.9745434421981072
814,0.05915108323097229,0.06031637266278267,0.059526704251766205,13.559576034545898,13.198762893676758,13.225852012634277,0.7985674210245721,0.7998506874870472,0.801122748614883
815,0.0011077162344008684,0.0014276683796197176,0.001431017997674644,54.63621139526367,54.864959716796875,54.857120513916016,0.9982930678510666,0.9982926478424072,0.9982899345989227
816,0.027632713317871094,0.02671826258301735,0.028896160423755646,21.56783103942871,21.14461898803711,20.260412216186523,0.9330373787506243,0.9353768211772323,0.9315314136358711
817,0.08161994814872742,0.08183455467224121,0.08111537992954254,11.893804550170898,11.886165618896484,11.941999435424805,0.7171516094768159,0.7145521648387461,0.712829131211437
818,0.0009052053210325539,0.001130192307755351,0.001130049815401435,57.34033966064453,56.83501434326172,56.8238410949707,0.9990279807796478,0.9991402838068009,0.9991290139369965
819,0.0493716225028038,0.05044068396091461,0.052192967385053635,15.405914306640625,15.11967658996582,15.010228157043457,0.8530109443235582,0.8514358118346538,0.8473722399839074
820,0.05670343339443207,0.05834092199802399,0.059969112277030945,14.27119255065918,13.975253105163574,13.868341445922852,0.8147098122843626,0.8158672081131686,0.8124678369562606
821,0.035996563732624054,0.036505769938230515,0.037511564791202545,16.402658462524414,16.051488876342773,15.899608612060547,0.8638866225819053,0.8707842226123211,0.8697724848968439
822,0.027072889730334282,0.029295852407813072,0.03261973336338997,18.95380401611328,18.02412223815918,17.490413665771484,0.8578260507390308,0.8622165266889127,0.8559449962974224
823,0.010448995046317577,0.012197520583868027,0.013620967976748943,29.340740203857422,27.80185317993164,26.660871505737305,0.9853538966250419,0.9842877591551245,0.9808764247667342
824,0.01979314163327217,0.0201566182076931,0.020892057567834854,19.533626556396484,19.471385955810547,19.410245895385742,0.9534213869176751,0.9562716942952401,0.9549671182573445
825,0.010779114440083504,0.013618662022054195,0.01579761505126953,28.62337303161621,26.153860092163086,24.596393585205078,0.988848261789322,0.9830440527729988,0.9775959346196651
826,0.017208203673362732,0.019735004752874374,0.02168744057416916,24.734094619750977,23.37576675415039,22.444181442260742,0.9775102609689236,0.9735786623270511,0.9699069469604492
827,0.01041177473962307,0.013635358773171902,0.01562955230474472,27.80099868774414,24.98752212524414,23.688846588134766,0.9841796662168503,0.9779709167096615,0.9722705145373345
828,0.053293727338314056,0.054116345942020416,0.05436909198760986,15.660905838012695,15.574294090270996,15.553464889526367,0.7170236132077598,0.7156223016681745,0.714845107229039
829,0.02889857441186905,0.031849708408117294,0.03410561382770538,22.212482452392578,21.00364875793457,20.386798858642578,0.9586387565541863,0.9517625769068598,0.94608379103823
830,0.05686445161700249,0.053716205060482025,0.05322835221886635,14.850420951843262,14.697124481201172,14.654274940490723,0.8234325340848925,0.8272952543530266,0.8281951610262147
831,0.05187397450208664,0.053084760904312134,0.053853485733270645,14.3157377243042,14.061423301696777,14.000247955322266,0.8450577667788278,0.8437266879723457,0.8419618823849662
832,0.06837549805641174,0.06987190246582031,0.07055491954088211,13.082900047302246,12.774385452270508,12.70654582977295,0.7606200495102923,0.7599406927730572,0.758425590603172
833,0.07478982210159302,0.07181432843208313,0.07115811109542847,13.365213394165039,13.168853759765625,13.13325309753418,0.7478596935618748,0.7517293601108527,0.7526997268946554
834,0.05805976316332817,0.059993430972099304,0.06018414348363876,13.487859725952148,13.217870712280273,13.177959442138672,0.7974659810524886,0.7963885393942626,0.7956873970656481
835,0.006891303695738316,0.008069416508078575,0.009308688342571259,28.94447135925293,27.850446701049805,26.817726135253906,0.9878462668099478,0.9869821089051738,0.9841976155597882
836,0.012436391785740852,0.013077644631266594,0.01380356214940548,21.006858825683594,20.975465774536133,20.876863479614258,0.9644320675016176,0.9638083637529158,0.9620869085147338
837,0.00605003209784627,0.007675341330468655,0.009262282401323318,33.62836837768555,31.274311065673828,29.053905487060547,0.9930372815799713,0.9918831881258487,0.9890523059691191
838,0.013235724531114101,0.013605527579784393,0.014215631410479546,21.119186401367188,21.28696632385254,21.28437042236328,0.9716590508016008,0.9714834734919743,0.9699614755056939
839,0.009963753633201122,0.011544627137482166,0.013168957084417343,26.975889205932617,25.331212997436523,24.300235748291016,0.9765422120517865,0.9768339406724951,0.973576298810239
840,0.046617813408374786,0.05120500177145004,0.05733408033847809,16.540996551513672,15.75383186340332,15.254205703735352,0.8695462114246327,0.8641691728243213,0.85457991250394
841,0.03932023420929909,0.044021401554346085,0.048857398331165314,16.962467193603516,16.215412139892578,15.768195152282715,0.9007172133537872,0.8940367843858982,0.8851196886168258
842,0.0898762196302414,0.10579251497983932,0.11902867257595062,14.9971342086792,13.77696418762207,13.076010704040527,0.8099452335477519,0.7836593680809666,0.7605494046552819
843,0.049260471016168594,0.05496561527252197,0.05957920104265213,16.02035903930664,15.299543380737305,14.954425811767578,0.8731399069040672,0.8608350691064939,0.8513587542306348
844,0.04323526471853256,0.048914745450019836,0.05310990288853645,16.111103057861328,15.264443397521973,14.890201568603516,0.8276148717868484,0.8195864428253619,0.8126624008421968
845,0.010692971758544445,0.009271133691072464,0.009370280429720879,24.270036697387695,24.699125289916992,24.653417587280273,0.9682473810160698,0.9711603032950387,0.9716469594022978
846,0.02603234350681305,0.025959894061088562,0.02677736058831215,17.915342330932617,17.82794761657715,17.771684646606445,0.9150610792503825,0.9151760735044652,0.9139083326411327
847,0.053827717900276184,0.05352827534079552,0.054231926798820496,14.419214248657227,14.165239334106445,14.10315990447998,0.7901050933552745,0.7923436574224566,0.7916237350201452
848,0.01159067451953888,0.0101212989538908,0.010228615254163742,23.646886825561523,23.894088745117188,23.814794540405273,0.965848145078003,0.968509759052966,0.9688947485426548
849,0.026132699102163315,0.02597755193710327,0.026782549917697906,17.926067352294922,17.813663482666016,17.754261016845703,0.9142494894370428,0.9143300109218285,0.9132695567263202
850,0.014236997812986374,0.013761945068836212,0.013880367390811443,23.040939331054688,22.813552856445312,22.701509475708008,0.9672292227610946,0.9662829420842827,0.9660810964775458
851,0.007073512300848961,0.007163651753216982,0.007186706177890301,23.711936950683594,23.902915954589844,23.935630798339844,0.985062187903909,0.9846287118793018,0.9844138189504593
852,0.010891104117035866,0.010809816420078278,0.011927983723580837,26.791912078857422,25.935672760009766,25.11292266845703,0.9842392281259578,0.9854170393216335,0.9836234435305372
853,0.008709045127034187,0.006939292885363102,0.007501541171222925,27.638769149780273,27.375389099121094,26.422344207763672,0.9790549368239604,0.9860460993575231,0.9855842535592392
854,0.006606441456824541,0.006156539544463158,0.006381498649716377,24.85291290283203,24.535419464111328,24.290971755981445,0.9852904971783693,0.9889361888914583,0.9888556154403959
855,0.010881289839744568,0.014738515950739384,0.017316801473498344,31.762277603149414,28.43814468383789,26.662670135498047,0.9907351354365349,0.9862262676296234,0.9825332811365127
856,0.015020908787846565,0.017745599150657654,0.019554229453206062,23.6923885345459,23.098573684692383,22.6097412109375,0.9838620375508256,0.9789528371026144,0.9754295519713237
857,0.012217780575156212,0.015652146190404892,0.017885787412524223,29.751489639282227,27.14023780822754,25.78190803527832,0.9883057090344429,0.983494659358859,0.9797880525914431
858,0.060487039387226105,0.061458081007003784,0.06220472604036331,15.702290534973145,15.595641136169434,15.538719177246094,0.8753156562794321,0.8746251561743839,0.873864544408961
859,0.004884001798927784,0.004956514108926058,0.005054116249084473,24.874189376831055,24.99428939819336,24.9581356048584,0.9931835539927334,0.9923981499287933,0.9919884842029214
860,0.007180848158895969,0.0065541742369532585,0.007309884764254093,31.16313934326172,31.86488914489746,30.538328170776367,0.9927071906204223,0.9931662939500808,0.9912015103197098
861,0.0035382891073822975,0.003966806456446648,0.004837998189032078,35.458343505859375,33.7397346496582,31.72427749633789,0.9921322073429972,0.9915712766565382,0.9894432781192306
862,0.035403795540332794,0.036916762590408325,0.038506507873535156,16.1778564453125,15.967004776000977,15.847352981567383,0.8892676365589748,0.8871168579785386,0.8829648489659931
863,0.007180848158895969,0.0065541742369532585,0.007309884764254093,31.16313934326172,31.86488914489746,30.538328170776367,0.9927071906204223,0.9931662939500808,0.9912015103197098
864,0.0035382891073822975,0.003966806456446648,0.004837998189032078,35.458343505859375,33.7397346496582,31.72427749633789,0.9921322073429972,0.9915712766565382,0.9894432781192306
865,0.01830955594778061,0.02044770121574402,0.02248631790280342,21.455163955688477,20.90133285522461,20.421770095825195,0.9401900104096271,0.9375530968985557,0.9319940977806896
866,0.026399526745080948,0.027954738587141037,0.029314257204532623,18.137914657592773,17.893564224243164,17.69568634033203,0.9075636303130379,0.9064689948830573,0.9027186312177118
867,0.013087943196296692,0.015560452826321125,0.018099680542945862,28.471294403076172,26.015941619873047,24.3593807220459,0.9666682892506016,0.9656626106460918,0.9599188147455342
868,0.0139654241502285,0.016146712005138397,0.018458861857652664,25.270978927612305,23.76342010498047,22.686349868774414,0.9468627631739936,0.9486645446486636,0.9437542629372776
869,0.011102763935923576,0.012617358937859535,0.01454987097531557,27.820823669433594,25.660789489746094,24.19244384765625,0.9598589913809598,0.9642332821082026,0.9595683647507106
870,0.09615492075681686,0.09640765190124512,0.09581123292446136,11.297497749328613,11.119423866271973,11.116472244262695,0.6632479816989354,0.66488968840542,0.6647025037516404
871,0.005683872848749161,0.006051322910934687,0.00642456253990531,27.857664108276367,26.60231590270996,26.042682647705078,0.9805092132599325,0.9811850843992916,0.9808804824868217
872,0.046766363084316254,0.05003853887319565,0.0515163391828537,14.949969291687012,14.202516555786133,13.972097396850586,0.793034931124287,0.7943788402567037,0.793504962394325
873,0.00044215982779860497,0.0009452527738176286,0.000950949324760586,59.61037063598633,58.64099884033203,58.59413146972656,0.9997026378040313,0.999776964597702,0.9997842630500794
874,0.00037684739800170064,0.0009383466094732285,0.0009437332628294826,61.560462951660156,58.558502197265625,58.51169967651367,0.999783726433754,0.9998461113071442,0.9998531534910202
875,0.034171201288700104,0.03367691487073898,0.03466741368174553,17.66388511657715,17.49473762512207,17.364595413208008,0.8997791135312961,0.8985556895535295,0.8960519742167193
876,0.017457226291298866,0.018225450068712234,0.019066866487264633,19.882347106933594,19.433021545410156,19.176149368286133,0.9351667436264616,0.934195545002773,0.9329437590543586
877,0.04211563244462013,0.043512243777513504,0.04447907581925392,15.651392936706543,15.384296417236328,15.273597717285156,0.8300692958924414,0.8274872868365942,0.8250912565079748
878,0.034171201288700104,0.03367691487073898,0.03466741368174553,17.66388511657715,17.49473762512207,17.364595413208008,0.8997791135312961,0.8985556895535295,0.8960519742167193
879,0.017457226291298866,0.018225450068712234,0.019066866487264633,19.882347106933594,19.433021545410156,19.176149368286133,0.9351667436264616,0.934195545002773,0.9329437590543586
880,0.014317614957690239,0.014692104421555996,0.014525702223181725,20.203521728515625,19.753114700317383,19.790014266967773,0.9528177082976773,0.9539659603561665,0.9541949091129233
881,0.0017257110448554158,0.0018170347902923822,0.001818379620090127,52.306663513183594,53.13519287109375,53.13655090332031,0.9958562614068985,0.9958477286977768,0.9958429522771836
882,0.060327980667352676,0.06350820511579514,0.06430914998054504,14.572011947631836,14.06909465789795,13.944001197814941,0.8304255336156539,0.8245594644378349,0.8217653907881403
883,0.0034041190519928932,0.0034714369103312492,0.0034728976897895336,29.869365692138672,29.647544860839844,29.591829299926758,0.9918471554832607,0.991775521096535,0.9917549282231033
884,0.011176031082868576,0.01184901874512434,0.011975354515016079,22.348876953125,21.88345718383789,21.77771759033203,0.973438975747393,0.9725810080799913,0.9722742103418538
885,0.012750133872032166,0.013283572159707546,0.013833319768309593,21.888328552246094,20.55484390258789,20.192462921142578,0.937506295612915,0.9406441537190354,0.9397846259146146
886,0.008570645935833454,0.009717137552797794,0.010249820537865162,23.658143997192383,22.279794692993164,21.841567993164062,0.9575096673025145,0.9585764039761708,0.9578685419674483
887,0.022989483550190926,0.023834964260458946,0.025137487798929214,21.94209098815918,21.448699951171875,21.071365356445312,0.9562745282798712,0.9538445057111514,0.9497010828842707
888,0.0029978640377521515,0.0018569508101791143,0.001888422411866486,38.436527252197266,41.0191535949707,38.89387512207031,0.9778466081763506,0.9942552191633582,0.9944692632880062
889,0.0029053990729153156,0.002346462570130825,0.0024506435729563236,35.70086669921875,33.6886100769043,32.66373062133789,0.9817760303344503,0.9925368827526718,0.9923732575016097
890,0.08356219530105591,0.08211492747068405,0.08121035993099213,12.1537446975708,12.268814086914062,12.366687774658203,0.7476982156244149,0.747635512152123,0.7468446112386488
891,0.04244770482182503,0.042410802096128464,0.04257543385028839,15.445748329162598,15.52792739868164,15.594919204711914,0.8726660151795023,0.872419765641058,0.8713571432728628
892,0.02546864002943039,0.026575634256005287,0.027217216789722443,17.717117309570312,17.532245635986328,17.466251373291016,0.9097612594285804,0.908926493311124,0.9078320007087278
893,0.02377098612487316,0.024143574759364128,0.02464810200035572,18.299625396728516,18.197677612304688,18.12059783935547,0.932387818845067,0.9318754208940249,0.9307618061197954
894,0.005572623573243618,0.005728897638618946,0.005795930977910757,24.869136810302734,24.842071533203125,24.823505401611328,0.9859194583380501,0.9858511124105759,0.9857019425565577
895,0.01873500645160675,0.019195793196558952,0.02015729248523712,20.9099178314209,20.272464752197266,20.157947540283203,0.9580112965411418,0.9567040760066398,0.953738382175141
896,0.005332713946700096,0.005547733977437019,0.006265771575272083,32.887184143066406,32.140625,30.663347244262695,0.9905772439959347,0.9925722949278355,0.9911275573860705
897,0.02155604027211666,0.023474115878343582,0.026266900822520256,22.218063354492188,21.126361846923828,20.458486557006836,0.9563819990767017,0.9523050452157278,0.9467334092005131
898,0.011301077902317047,0.01257273554801941,0.014282848685979843,27.507307052612305,26.339134216308594,25.270891189575195,0.9833428142652512,0.9810633784073591,0.9778890696409345
899,0.024036072194576263,0.025398850440979004,0.026139646768569946,18.214643478393555,17.559093475341797,17.383325576782227,0.9077580882042802,0.9089691437087593,0.9078183601384061
900,0.08205228298902512,0.08612938225269318,0.08818419277667999,13.521002769470215,13.129833221435547,13.041539192199707,0.8828109537718971,0.8714687224630022,0.8669650371323493
901,0.008019743487238884,0.008431561291217804,0.00939088873565197,29.076641082763672,28.300874710083008,27.332908630371094,0.9889227948038578,0.9881705710014701,0.9868312791290581
902,0.028524454683065414,0.03362039104104042,0.03809698671102524,18.929851531982422,18.518470764160156,18.137065887451172,0.9471062599933439,0.943183830951798,0.9344530203680769
903,0.024919256567955017,0.02628830261528492,0.028340063989162445,19.615861892700195,19.254695892333984,18.95659065246582,0.9391312756395428,0.9374338276701802,0.9335062278204193
904,0.04166765883564949,0.04372937232255936,0.04608330875635147,16.230606079101562,15.943510055541992,15.766424179077148,0.9081466001265405,0.9048423274041377,0.8994194791987303
905,0.029016882181167603,0.029275277629494667,0.028117917478084564,16.592754364013672,16.117311477661133,16.26409339904785,0.9178164912266773,0.9211881758903353,0.922883133623562
906,0.02209625393152237,0.025070181116461754,0.02731214091181755,19.713260650634766,18.65692901611328,18.05001449584961,0.9451914073060546,0.9361149593864678,0.9297652012013343
907,0.047137726098299026,0.04635629802942276,0.04409521818161011,14.39475154876709,14.07833480834961,14.277032852172852,0.8757585860825633,0.8801889211695677,0.8826252919847564
908,0.0009267211426049471,0.0010631680488586426,0.0010675189550966024,53.905845642089844,57.42279815673828,57.39194869995117,0.9984682200613022,0.9994045876569748,0.9994158254919052
909,0.0591895654797554,0.059652768075466156,0.05947563424706459,13.029071807861328,12.916044235229492,12.922097206115723,0.8622929731509409,0.8645586267020907,0.8647394518477944
910,0.05364053696393967,0.053524259477853775,0.05474391579627991,15.002413749694824,13.887605667114258,13.64647102355957,0.7227337016199586,0.7856867720400181,0.789327782117886
911,0.1074715256690979,0.1050281971693039,0.10427471995353699,11.377084732055664,10.797219276428223,10.748738288879395,0.5753923378867055,0.6223208520735503,0.627054436441537
912,0.04688137024641037,0.04914300516247749,0.05093666911125183,15.764599800109863,14.935351371765137,14.615623474121094,0.8752557261582969,0.8735278322379337,0.8706727667819735
913,0.0020170421339571476,0.0015287324786186218,0.0015535911079496145,43.25895309448242,43.94354248046875,41.878997802734375,0.9886182212119102,0.9966128978965283,0.9966786562434584
914,0.0026473128236830235,0.0017428376013413072,0.001771824900060892,37.46874237060547,37.66730880737305,36.53357696533203,0.976070869669199,0.9952922875713259,0.9954274561139941
915,0.040787890553474426,0.04342130571603775,0.044727031141519547,15.870830535888672,15.174823760986328,14.993547439575195,0.8625754300554003,0.8627012198722919,0.8611234986878545
916,0.002227182500064373,0.0027555387932807207,0.0030259808991104364,38.91980743408203,37.38705825805664,35.8905143737793,0.9959898791761398,0.9961615426864624,0.9957150349025726
917,0.0010188636370003223,0.0013717107940465212,0.0013758846325799823,54.98747253417969,55.17314147949219,55.16426467895508,0.9973059565935135,0.9973231881313324,0.9973128088703156
918,0.0382707342505455,0.04040125012397766,0.04089944064617157,15.593605995178223,15.019007682800293,14.896031379699707,0.8470558733475262,0.8477626322820583,0.8476250289796898
919,0.007289164699614048,0.007857691496610641,0.008307138457894325,27.070186614990234,25.795289993286133,25.210182189941406,0.9747917057168991,0.9760231805184092,0.9751442543107322
920,0.02521365135908127,0.024701887741684914,0.026024099439382553,18.657001495361328,18.358102798461914,18.202957153320312,0.9317548504715417,0.9320159123574081,0.9296601689519766
921,0.03204309940338135,0.03430960699915886,0.037336863577365875,17.754819869995117,17.23830795288086,16.93648338317871,0.9102142145430664,0.9037281811547732,0.8963430798315263
922,0.01699724979698658,0.01622394286096096,0.018768036738038063,25.212711334228516,24.192604064941406,23.068923950195312,0.9815576294332161,0.979792054792734,0.9752073065393905
923,0.00836147740483284,0.007619812618941069,0.00861728098243475,29.425010681152344,29.735815048217773,28.58577537536621,0.9918668581283092,0.9917971820955277,0.9895889040786028
924,0.029742037877440453,0.032145410776138306,0.03413079306483269,17.82799530029297,17.30877685546875,17.049163818359375,0.9112789842476688,0.9040645164272297,0.8981196783464586
925,0.007203207351267338,0.008671242743730545,0.01049067359417677,28.553131103515625,26.1832275390625,24.32366943359375,0.9851730467593935,0.9819492019887377,0.9779451732735092
926,0.007889564149081707,0.007901597768068314,0.007989075034856796,23.667041778564453,23.635189056396484,23.615032196044922,0.9750012277531952,0.97577630365167,0.9754701927862588
927,0.0663800984621048,0.06642919778823853,0.06622582674026489,13.089933395385742,13.019012451171875,13.050304412841797,0.7910477675540892,0.7904075071245588,0.7892235610721882
928,0.007049686275422573,0.007541685365140438,0.008751537650823593,30.04800796508789,28.310117721557617,26.23398208618164,0.9893383466444612,0.9876968835259415,0.9849491720984369
929,0.0027631805278360844,0.0030937809497117996,0.003251589834690094,37.149742126464844,37.150970458984375,36.225868225097656,0.9957516388344765,0.9957964970226287,0.9954339328312873
930,0.039092935621738434,0.04047910124063492,0.04142720624804497,15.616899490356445,15.33629322052002,15.245112419128418,0.8629214780436517,0.8736520546841237,0.8723444535344443
931,0.0068665617145597935,0.00787544809281826,0.008760563097894192,27.261220932006836,26.530452728271484,25.9426326751709,0.9845286366174891,0.9840678234213367,0.9822180470122788
932,0.0012303933035582304,0.001497561577707529,0.0015009224880486727,53.71242904663086,54.52735900878906,54.523780822753906,0.9968572385883331,0.9969115994548797,0.9969011949472427
933,0.12006029486656189,0.11819200962781906,0.11547458916902542,10.230350494384766,10.161886215209961,10.243748664855957,0.5927265362935727,0.5985673097132848,0.6005701883681006
934,0.0012324699200689793,0.0015001802239567041,0.00150322075933218,53.64262008666992,54.5147705078125,54.514312744140625,0.9969441522159577,0.9969139563369751,0.9969029698591232
935,0.02881981059908867,0.02630135416984558,0.028462117537856102,21.556997299194336,21.206233978271484,20.508251190185547,0.9554635659081968,0.9547278957189549,0.9494317099392539
936,0.021164018660783768,0.021777890622615814,0.023132754489779472,19.940170288085938,19.83654022216797,19.662206649780273,0.9604662356393153,0.9581663996747459,0.9548765440381418
937,0.023229563608765602,0.02458842098712921,0.027379902079701424,21.314403533935547,20.71240234375,20.24881362915039,0.9577232495334882,0.9554060078363404,0.949971884992667
938,0.014856819063425064,0.01412748172879219,0.015028867870569229,26.654216766357422,26.719472885131836,25.94742202758789,0.9800741477863789,0.9802795241919756,0.9779800259600878
939,0.010273274034261703,0.010628622025251389,0.011194880120456219,23.608985900878906,23.693323135375977,23.473377227783203,0.985307346691968,0.9850310561913606,0.9838020126561355
940,0.008576666936278343,0.009006265550851822,0.010003972798585892,29.059972763061523,27.944204330444336,26.84799575805664,0.9583052301781922,0.9684483958399593,0.9679081575365365
941,0.006970749236643314,0.006687107030302286,0.0067403423599898815,26.917312622070312,26.984073638916016,26.868385314941406,0.9747528446350694,0.9757025675777122,0.9754005425242036
942,0.014016098342835903,0.013759015128016472,0.014769867062568665,25.978374481201172,25.424806594848633,24.635486602783203,0.9685266262097545,0.9742201111763306,0.9725217398373652
943,0.008576666936278343,0.009006265550851822,0.010003972798585892,29.059972763061523,27.944204330444336,26.84799575805664,0.9583052301781922,0.9684483958399593,0.9679081575365365
944,0.006970749236643314,0.006687107030302286,0.0067403423599898815,26.917312622070312,26.984073638916016,26.868385314941406,0.9747528446350694,0.9757025675777122,0.9754005425242036
945,0.010397439822554588,0.01125296764075756,0.012156989425420761,27.15804100036621,25.523975372314453,24.629182815551758,0.9805797779088616,0.9807939897320866,0.9784877324413508
946,0.010397439822554588,0.01125296764075756,0.012156989425420761,27.15804100036621,25.523975372314453,24.629182815551758,0.9805797779088616,0.9807939897320866,0.9784877324413508
947,0.008030327968299389,0.009030960500240326,0.010090726427733898,27.45194435119629,25.78095245361328,24.71845817565918,0.9734785871068686,0.9735588417582326,0.9705036331988574
948,0.015836428850889206,0.015630410984158516,0.015384715050458908,20.162059783935547,20.12091827392578,20.20225715637207,0.9564847822703678,0.9590556878757439,0.9592568692765481
949,0.015836428850889206,0.015630410984158516,0.015384715050458908,20.162059783935547,20.12091827392578,20.20225715637207,0.9564847822703678,0.9590556878757439,0.9592568692765481
950,0.005689132958650589,0.006366956979036331,0.00740420538932085,34.04143524169922,32.613338470458984,30.708221435546875,0.9930531022140979,0.9925366071355343,0.9903747323873043
951,0.006705702282488346,0.008005790412425995,0.009544957429170609,33.015769958496094,30.780485153198242,28.704322814941406,0.9922990256142616,0.9911315946793556,0.9882470335724354
952,0.006126385182142258,0.007204943336546421,0.008624432608485222,33.78010177612305,31.788244247436523,29.711441040039062,0.9923389960236549,0.9916646120750904,0.9892694418635368
953,0.024372465908527374,0.023997217416763306,0.023883961141109467,17.718366622924805,17.83153533935547,17.95358657836914,0.9368222491446616,0.9378717568201295,0.9372480143584625
954,0.003587461542338133,0.0041335877031087875,0.004643391352146864,35.19660186767578,33.51686096191406,31.782329559326172,0.9896337323358207,0.991602006639379,0.9905985325606969
955,0.02018369361758232,0.022010158747434616,0.023904718458652496,19.955385208129883,18.410737991333008,17.828081130981445,0.8815115720488629,0.8938033702826951,0.8940662955642507
956,0.013564028777182102,0.015707844868302345,0.01738271303474903,22.179988861083984,20.619678497314453,19.985017776489258,0.9235459154510477,0.9328374221640913,0.9307097161204083
957,0.0085368100553751,0.010676703415811062,0.01245848461985588,26.717987060546875,25.087594985961914,24.01667594909668,0.9679121952985218,0.9661399751705182,0.9626861321153154
958,0.003161173313856125,0.004091421142220497,0.004722461104393005,29.262958526611328,27.762420654296875,26.791912078857422,0.9808183558586687,0.9811586968985386,0.9798775091341064
959,0.026507366448640823,0.027815280482172966,0.02899170108139515,17.846214294433594,17.01251220703125,16.757028579711914,0.8980565007870703,0.9058732995552793,0.9049691793018397
960,0.004725033417344093,0.004976197145879269,0.005408973433077335,30.78784942626953,30.208702087402344,29.56844139099121,0.9855106437538936,0.9872161739887446,0.9863430537300334
961,0.002538118977099657,0.0025717869866639376,0.0025728754699230194,50.948204040527344,51.12451934814453,51.12247848510742,0.9990049044017791,0.9991055156517029,0.9991016068878174
962,0.011495653539896011,0.01224763598293066,0.012895018793642521,21.913835525512695,21.433040618896484,21.157684326171875,0.9500750910616766,0.9515909847478505,0.9503941892531188
963,0.004725033417344093,0.004976197145879269,0.005408973433077335,30.78784942626953,30.208702087402344,29.56844139099121,0.9855106437538936,0.9872161739887446,0.9863430537300334
964,0.002538118977099657,0.0025717869866639376,0.0025728754699230194,50.948204040527344,51.12451934814453,51.12247848510742,0.9990049044017791,0.9991055156517029,0.9991016068878174
965,0.00388627452775836,0.004163494799286127,0.004208858590573072,28.072111129760742,26.976240158081055,26.793434143066406,0.9886865700557642,0.9889107606054679,0.9888332333377534
966,0.0019328939961269498,0.0019416952272877097,0.00194209860637784,51.73374938964844,52.71424865722656,52.717002868652344,0.9954569861574173,0.9955494261522293,0.9955461552104949
967,0.05846311151981354,0.05483698099851608,0.05228819325566292,13.095941543579102,13.342643737792969,13.560691833496094,0.8498358449857286,0.8567702628579221,0.859074883872093
968,0.002486368641257286,0.001828230801038444,0.0018316644709557295,48.51136779785156,53.0098876953125,53.00823211669922,0.9948313652439117,0.995686993525505,0.9956747246017456
969,0.0017372436122968793,0.0018399442778900266,0.0018411291530355811,52.35771179199219,53.042205810546875,53.04469680786133,0.995695597661972,0.9956892725019455,0.9956813787612915
970,0.018710987642407417,0.021275291219353676,0.02413184568285942,20.59493064880371,20.16649055480957,19.75242805480957,0.9474837756205022,0.9440368189042807,0.9373801146514079
971,0.028517652302980423,0.02946656197309494,0.031100131571292877,17.95732879638672,17.716482162475586,17.505762100219727,0.9219294184862263,0.9188803851083442,0.9147158583488204
972,0.009713444858789444,0.01284254901111126,0.015709640458226204,26.246627807617188,23.61929702758789,22.296524047851562,0.9536757635404803,0.955109577204844,0.9496532806678657
973,0.012367354705929756,0.015411172062158585,0.019581690430641174,29.218442916870117,26.659263610839844,24.48141860961914,0.9854612289118767,0.9802772956932188,0.9712981845908761
974,0.03130283206701279,0.03418741002678871,0.03726952522993088,17.818233489990234,17.346494674682617,17.000337600708008,0.9168186956025081,0.9126436289795256,0.9060171895589945
975,0.0013666893355548382,0.0014174130046740174,0.0014192454982548952,53.73550796508789,54.72579574584961,54.718597412109375,0.9972084436302185,0.9972947534151078,0.997294399225235
976,0.006740718614310026,0.006886687129735947,0.00706864707171917,25.35198974609375,24.073373794555664,23.79825210571289,0.9730077185885795,0.9741510806842968,0.9740042172524687
977,0.014744363725185394,0.016373587772250175,0.017926083877682686,26.301036834716797,25.353824615478516,24.50811195373535,0.9785722468482256,0.9773433565958738,0.974577409700334
978,0.02114427648484707,0.020725667476654053,0.02072901278734207,20.11187744140625,20.325328826904297,20.453798294067383,0.9545211065905038,0.9530819868626622,0.9524307528514415
979,0.016537360846996307,0.015733812004327774,0.015589062124490738,20.837596893310547,20.71478843688965,20.723936080932617,0.9552130096039921,0.9605184225763195,0.9612540855837017
980,0.13686968386173248,0.13833706080913544,0.1389482319355011,12.556763648986816,12.480534553527832,12.45018196105957,0.776034181342938,0.7691979090382001,0.766604606959167
981,0.13725319504737854,0.14096872508525848,0.14241144061088562,12.786567687988281,12.60135269165039,12.528339385986328,0.7797180239104423,0.7655759905971885,0.7604075840095673
982,0.051759302616119385,0.05784160643815994,0.06050209701061249,18.669437408447266,17.701251983642578,17.317697525024414,0.8545257514141751,0.8410194088691646,0.8349163049179559
983,0.1140756756067276,0.11784088611602783,0.11950917541980743,15.378786087036133,15.032649040222168,14.89552116394043,0.8079587728832383,0.7943526621845961,0.7889884002968185
984,0.10371062159538269,0.10816065967082977,0.11004623770713806,15.6174955368042,15.180700302124023,14.992810249328613,0.8047995160475746,0.7869428366115496,0.7798006841098769
985,0.001366706332191825,0.001484223292209208,0.0014855863992124796,54.315242767333984,54.571449279785156,54.56639862060547,0.9981534722719192,0.9981748063936233,0.9981751398487091
986,0.007290945388376713,0.007334283087402582,0.0072615668177604675,24.078880310058594,23.899280548095703,23.936141967773438,0.9862810206716284,0.9861511701639593,0.9862587063470036
987,0.00195650989189744,0.0020967191085219383,0.0021622185595333576,37.514591217041016,36.4995231628418,35.63728713989258,0.9936647156028747,0.9965222719626725,0.9964034639604091
988,0.0013035903684794903,0.0014668840449303389,0.0014691953547298908,53.19850540161133,54.69952392578125,54.689964294433594,0.9980028352079392,0.9982658243980408,0.9982679992790222
989,0.0015391261549666524,0.001674935221672058,0.0016765706241130829,52.8624153137207,53.753604888916016,53.749141693115234,0.9978292437353135,0.9979807673892975,0.9979827360839844
990,0.06287059187889099,0.06449030339717865,0.06551201641559601,14.534585952758789,14.131537437438965,14.070735931396484,0.8690043865061474,0.8620232423703693,0.8569671551837427
991,0.035953961312770844,0.037446051836013794,0.0381203256547451,16.189830780029297,15.772591590881348,15.723847389221191,0.9096840678642951,0.9078093288724113,0.9051594177883276
992,0.017174597829580307,0.02097214385867119,0.024313312023878098,23.68663787841797,22.323177337646484,21.313249588012695,0.9610354428052195,0.9521736294456282,0.9432331441588485
993,0.02567495033144951,0.024925459176301956,0.02607237547636032,19.430959701538086,19.361265182495117,19.130834579467773,0.9401250512669679,0.9413733319417151,0.9380792446749244
994,0.020468508824706078,0.02161099575459957,0.022838996723294258,19.98835563659668,19.75446891784668,19.558847427368164,0.941925165890628,0.9398883741008494,0.9370477649548793
995,0.0003427723713684827,0.000931939051952213,0.000938909244723618,62.57398986816406,58.85158157348633,58.79454040527344,0.9997812013082504,0.9997762838573456,0.9997832826776505
996,0.011019542813301086,0.01197504810988903,0.012816313654184341,23.528966903686523,23.064058303833008,22.70347785949707,0.9690335577816257,0.9668970985111975,0.9648375671447434
997,0.008993103168904781,0.011153028346598148,0.01197093352675438,28.07967185974121,26.58456802368164,25.750160217285156,0.9837478462762833,0.9795325075685382,0.9769828516940735
998,0.0004741086740978062,0.000976690324023366,0.0009829148184508085,60.44609451293945,58.30949401855469,58.266136169433594,0.9996408259963989,0.9996089889707566,0.9996160915851593
999,0.03162146359682083,0.03033270500600338,0.02960311993956566,17.558195114135742,17.64406394958496,17.747102737426758,0.9005895796923041,0.9014270066890419,0.9031871287937693
1000,0.004126907326281071,0.004815223626792431,0.005309407599270344,32.65296173095703,30.82942771911621,29.8082275390625,0.9955305924019814,0.9944297890498638,0.993720973049879
1001,0.008048342540860176,0.00817189272493124,0.008185263723134995,22.721464157104492,22.492855072021484,22.44796371459961,0.9766527400917993,0.9765797386610064,0.9765178550221203
1002,0.0568331778049469,0.0567593052983284,0.056655995547771454,14.035320281982422,13.822035789489746,13.790287971496582,0.8090869707790492,0.8094084812163699,0.8089398227269319
1003,0.003441502572968602,0.0032971110194921494,0.0034460865426808596,33.513397216796875,32.93053436279297,32.2027587890625,0.9958513001861572,0.9955354423599243,0.9951720893368721
1004,0.0011284082429483533,0.001137028681114316,0.0011371008586138487,56.81708908081055,56.78007125854492,56.77970504760742,0.9984620824499131,0.9984570221271515,0.9984565239639283
1005,0.011243952438235283,0.01111760176718235,0.01113385334610939,21.690595626831055,20.965593338012695,20.858461380004883,0.9606315950097809,0.9672904578801695,0.9675724811110494
1006,0.011068052612245083,0.01018005982041359,0.01065772119909525,23.07929801940918,21.80268096923828,21.33808135986328,0.9341349364177547,0.952157087672629,0.9526071250353437
1007,0.029759906232357025,0.030924532562494278,0.03430122137069702,22.1170711517334,21.045669555664062,20.071495056152344,0.9618432050845623,0.9518566855894327,0.9412953645086884
1008,0.03544485569000244,0.0362745001912117,0.04055694490671158,20.01722526550293,18.671510696411133,17.66914939880371,0.9306076241039932,0.9236734762675762,0.9105004890160784
1009,0.07382073253393173,0.07642058283090591,0.08051508665084839,13.761738777160645,13.060920715332031,12.690840721130371,0.8284677641054954,0.8066767246081173,0.7934216721055829
1010,0.023644620552659035,0.02603515051305294,0.02783460170030594,18.88587188720703,18.541915893554688,18.253957748413086,0.9409862616231973,0.9383197378383719,0.9312479417728582
1011,0.0043199933134019375,0.005506464745849371,0.0067066289484500885,33.33733367919922,29.52654266357422,27.477489471435547,0.9769212967039347,0.9875107293480933,0.9834335871840566
1012,0.009442177601158619,0.012634717859327793,0.015561031177639961,28.410140991210938,24.636754989624023,22.792919158935547,0.9709432294062078,0.9721364032254685,0.9628609401872493
1013,0.023644620552659035,0.02603515051305294,0.02783460170030594,18.88587188720703,18.541915893554688,18.253957748413086,0.9409862616231973,0.9383197378383719,0.9312479417728582
1014,0.0043199933134019375,0.005506464745849371,0.0067066289484500885,33.33733367919922,29.52654266357422,27.477489471435547,0.9769212967039347,0.9875107293480933,0.9834335871840566
1015,0.024873480200767517,0.025696810334920883,0.026160728186368942,18.481176376342773,18.371414184570312,18.309160232543945,0.9326151084096679,0.931526551267077,0.930498968771813
1016,0.00900232419371605,0.009246403351426125,0.009723559953272343,23.322052001953125,23.477153778076172,23.377670288085938,0.9777454420164784,0.9787664800941874,0.9778293103151214
1017,0.04124082997441292,0.04163264483213425,0.042257342487573624,15.40998649597168,15.377462387084961,15.366462707519531,0.8728389466036137,0.8722165553933774,0.8703175931512047
1018,0.05503718554973602,0.05497026443481445,0.05511657893657684,14.166365623474121,14.056657791137695,14.047074317932129,0.876875309771082,0.8753545487851219,0.874344968706478
1019,0.018978606909513474,0.019207745790481567,0.019397573545575142,18.565723419189453,18.522701263427734,18.490325927734375,0.9475118836444887,0.9477081099555074,0.947200854137964
1020,0.013095092959702015,0.01394510269165039,0.016275210306048393,27.782955169677734,26.079654693603516,24.463626861572266,0.9839926137243211,0.981197973152101,0.9760090522088408
1021,0.02016826532781124,0.019236396998167038,0.019872702658176422,19.632198333740234,19.576982498168945,19.402048110961914,0.9710455823777758,0.9706924815226483,0.9689253034021975
1022,0.016003165394067764,0.01764008402824402,0.020391274243593216,26.6539306640625,25.063777923583984,23.673917770385742,0.9837528073625564,0.9804949571602345,0.9749787431203127
1023,0.031246352940797806,0.032571084797382355,0.03408191725611687,17.50334930419922,17.22473907470703,17.117403030395508,0.9187881628178614,0.9169468729408956,0.9133532045390192
1024,0.013766041025519371,0.01423064898699522,0.015305787324905396,23.12220573425293,22.982444763183594,22.593137741088867,0.98066410961169,0.9789355945246443,0.9764962394381463
1025,0.0047777495346963406,0.006166710052639246,0.006964993663132191,30.928855895996094,28.848175048828125,27.527305603027344,0.9897051096965075,0.9861584199953973,0.9833435035918355
1026,0.0100920544937253,0.01211736910045147,0.013763564638793468,25.35724449157715,23.546588897705078,22.380577087402344,0.9734558303207531,0.9669312399289357,0.9616569833944804
1027,0.018985683098435402,0.022844230756163597,0.02615349367260933,22.415252685546875,20.205242156982422,19.131145477294922,0.9361061732897275,0.9291722127937786,0.919352495801691
1028,0.005782735534012318,0.006525496486574411,0.006988579407334328,26.143993377685547,24.919416427612305,24.362266540527344,0.9731995188174508,0.9739533123438134,0.9732161084770928
1029,0.007936119101941586,0.008799593895673752,0.0096293855458498,25.60725212097168,24.058425903320312,23.29705047607422,0.9636254759105002,0.9653299874832079,0.9637009414514272
1030,0.005052948836237192,0.005083464086055756,0.005352870561182499,32.63975524902344,31.936986923217773,31.099380493164062,0.9933776382038594,0.9932502783398628,0.9928362760594786
1031,0.004064940847456455,0.004057768732309341,0.004094147123396397,27.89240837097168,28.191574096679688,28.207189559936523,0.993716024029512,0.9951189992983193,0.9949912239207253
1032,0.006984231062233448,0.007933264598250389,0.008858589455485344,30.987884521484375,28.827884674072266,27.678773880004883,0.9930595321689845,0.992003075221777,0.9903116710472107
1033,0.005052948836237192,0.005083464086055756,0.005352870561182499,32.63975524902344,31.936986923217773,31.099380493164062,0.9933776382038594,0.9932502783398628,0.9928362760594786
1034,0.004064940847456455,0.004057768732309341,0.004094147123396397,27.89240837097168,28.191574096679688,28.207189559936523,0.993716024029512,0.9951189992983193,0.9949912239207253
1035,0.023147251456975937,0.02802199497818947,0.0350576713681221,22.159217834472656,21.040180206298828,19.645998001098633,0.964713064753443,0.9511826268942059,0.9313063962356896
1036,0.02494787611067295,0.029448654502630234,0.03334050625562668,21.740007400512695,20.610580444335938,19.77099609375,0.954213067744445,0.9506155130701103,0.9391896829648185
1037,0.07429017126560211,0.0886492133140564,0.09980900585651398,14.797975540161133,13.941451072692871,13.335603713989258,0.8466809065572333,0.815475230037563,0.7878913153486129
1038,0.04539674520492554,0.05187040567398071,0.05882088840007782,15.994274139404297,15.58220386505127,15.137187004089355,0.8836040379708016,0.8680439063269255,0.8496456733025466
1039,0.017852360382676125,0.02429724484682083,0.030015014111995697,22.38804054260254,21.15880584716797,20.035194396972656,0.9624877122085262,0.9503246003385906,0.9360123028846681
1040,0.021083086729049683,0.020874593406915665,0.022177908569574356,22.492481231689453,21.788036346435547,21.267301559448242,0.9490808657554984,0.9429788224862707,0.939888276152314
1041,0.01544051244854927,0.015768786892294884,0.01587347500026226,20.905685424804688,20.23873519897461,20.17076873779297,0.9571976429985892,0.9577587537702847,0.9572209752349153
1042,0.009496079757809639,0.009380233474075794,0.01078706607222557,28.516498565673828,27.072612762451172,25.766735076904297,0.9803381289867453,0.9852033750687036,0.9828080085948931
1043,0.007563271559774876,0.006229408551007509,0.00710221566259861,31.657941818237305,30.49405288696289,28.894744873046875,0.9732860729993582,0.9887839693206251,0.987641087999776
1044,0.008484840393066406,0.006947741843760014,0.007279036566615105,25.57461166381836,25.867063522338867,25.683124542236328,0.9676298486983925,0.9860450809706003,0.986470532482028
1045,0.020689018070697784,0.02065548300743103,0.0220577921718359,20.903825759887695,20.72467041015625,20.503881454467773,0.9562257427387806,0.9558449623464991,0.9523589582367031
1046,0.012030191719532013,0.011867379769682884,0.012271343730390072,22.70515251159668,22.61249351501465,22.503719329833984,0.9774601849290084,0.9779486148929936,0.9768581188635258
1047,0.02665860578417778,0.026231640949845314,0.02741909585893154,19.085857391357422,19.060693740844727,18.937679290771484,0.9406671472366096,0.9400166727888265,0.9375074582388899
1048,0.033091235905885696,0.03282047063112259,0.033066242933273315,16.887495040893555,16.80497932434082,16.8006591796875,0.903314832711858,0.9036610211913032,0.9021245118321791
1049,0.022225545719265938,0.021669931709766388,0.021362047642469406,18.533313751220703,18.57364845275879,18.672048568725586,0.941169119633616,0.9417606237725886,0.9418403122227114
1050,0.01322019100189209,0.015582474879920483,0.017433971166610718,23.656396865844727,21.657852172851562,20.650236129760742,0.9600050203796567,0.9512579736529242,0.9458882266475228
1051,0.030956927686929703,0.030927572399377823,0.03184545785188675,18.33408546447754,17.815980911254883,17.571823120117188,0.9235092630140893,0.9172863251502589,0.9134659293598709
1052,0.0013797697611153126,0.0015465400647372007,0.001548583386465907,54.1240234375,54.30234909057617,54.29616928100586,0.9969453628978729,0.9969672363939285,0.9969628718261718
1053,0.009511862881481647,0.010698726400732994,0.011777316220104694,24.168365478515625,22.984392166137695,22.24862289428711,0.9696793053255909,0.9656698202896207,0.9623654157811812
1054,0.0012282899115234613,0.0014485836727544665,0.0014510813634842634,54.4774055480957,54.777442932128906,54.770389556884766,0.9971203178987503,0.9971446421995163,0.9971404198894501
1055,0.0024480088613927364,0.002685114275664091,0.0027283472009003162,35.07417297363281,33.68757629394531,33.397857666015625,0.9951817904455662,0.9946800328544378,0.9946385736528635
1056,0.0013368134386837482,0.0013439925387501717,0.0013440772891044617,55.37679672241211,55.358524322509766,55.35820388793945,0.997447049955368,0.9974364190006256,0.9974362744865417
1057,0.037937045097351074,0.0411539301276207,0.0430636927485466,18.163528442382812,17.57768440246582,17.28395652770996,0.9164298419990625,0.9060892884878442,0.9009645225593979
1058,0.021277526393532753,0.022493716329336166,0.02318267710506916,20.857467651367188,20.400487899780273,20.159984588623047,0.9528243161252328,0.9494736461046019,0.9475794128229842
1059,0.0012490367516875267,0.0012568510137498379,0.0012569368118420243,55.93278503417969,55.907814025878906,55.907440185546875,0.9978949250106811,0.9978849600553512,0.9978846608819961
1060,0.08967787027359009,0.10418660938739777,0.10961076617240906,14.17298698425293,13.53049373626709,13.260401725769043,0.8104789291709736,0.7885123339291261,0.7753004406015572
1061,0.07368075847625732,0.08097218722105026,0.08376222848892212,14.570171356201172,14.218153953552246,14.064117431640625,0.8651873755211159,0.852966046155205,0.8459681446241769
1062,0.05259476602077484,0.06603790819644928,0.07655449956655502,17.00402069091797,15.852126121520996,15.10857105255127,0.8496557638050015,0.8179274897504839,0.7948235305725816
1063,0.044761545956134796,0.04818495362997055,0.0532250851392746,16.046520233154297,15.798490524291992,15.476434707641602,0.8525281578223167,0.8416930779743526,0.830149504450094
1064,0.014559535309672356,0.017109457403421402,0.02054646983742714,25.110942840576172,23.82747459411621,22.52870750427246,0.9612265091595202,0.9532115618321919,0.9453506072238702
1065,0.001029068836942315,0.0010104957036674023,0.0010102912783622742,57.81248474121094,57.88941192626953,57.8902473449707,0.9995486330404282,0.9995468571090699,0.9995442243728637
1066,0.012624298222362995,0.011921601369976997,0.011455599218606949,20.099292755126953,20.36456871032715,20.570819854736328,0.9657866275494815,0.9666144843548203,0.9670398620967176
1067,0.045445654541254044,0.04932893067598343,0.05219395086169243,15.270358085632324,14.873505592346191,14.559425354003906,0.8925610720171155,0.8768821790002819,0.8655224689912071
1068,0.0010602399706840515,0.0010418070014566183,0.0010416029253974557,57.53044509887695,57.60131072998047,57.60210037231445,0.9994772039442062,0.9994762354249954,0.9994739089832306
1069,0.0018214769661426544,0.0018129900563508272,0.0018127919174730778,43.33064651489258,43.308998107910156,43.308860778808594,0.9895019412150383,0.9894389905494452,0.9894359871298075
1070,0.03596654161810875,0.03057357482612133,0.029658259823918343,18.372406005859375,18.69032859802246,18.752038955688477,0.912681213805769,0.9185541222581619,0.9206196654174608
1071,0.014011460356414318,0.014497990719974041,0.015828188508749008,23.363731384277344,23.33627700805664,22.971466064453125,0.9856629007377178,0.9843706878877133,0.9820386752862931
1072,0.009572150185704231,0.008495008572936058,0.009017199277877808,29.366416931152344,30.00931167602539,29.264719009399414,0.990556620613575,0.9917129551699162,0.990882653412342
1073,0.018392447382211685,0.016864968463778496,0.01664503663778305,20.497398376464844,20.68167495727539,20.792186737060547,0.9628198629826847,0.9644564346730341,0.9646934914193315
1074,0.012370685115456581,0.012246780097484589,0.012917766347527504,23.373687744140625,23.56942367553711,23.34303855895996,0.9849452476460375,0.9839329238120019,0.9821816663722247
1075,0.0061079105362296104,0.0076588718220591545,0.009228263050317764,31.304420471191406,27.850399017333984,25.798385620117188,0.9879237931501418,0.9832407519449405,0.9778513803361764
1076,0.008962987922132015,0.011342257261276245,0.013565532863140106,29.705177307128906,27.48080825805664,25.77035140991211,0.9890083293147683,0.9854314407155513,0.9809158650268316
1077,0.11587463319301605,0.10890455543994904,0.1028984859585762,10.066665649414062,10.317159652709961,10.56917667388916,0.7280773971844692,0.7319160649853014,0.7354524422598341
1078,0.0027053719386458397,0.003581248689442873,0.004217730835080147,34.68109130859375,30.80267333984375,28.710622787475586,0.993228473531723,0.9914413248357624,0.9890460853630155
1079,0.0023321949411183596,0.0029000788927078247,0.0029783393256366253,32.5277099609375,31.537124633789062,31.121082305908203,0.9952137085412145,0.9948466551377774,0.9946321341678203
1080,0.023776376619935036,0.022929497063159943,0.025022055953741074,20.78567123413086,20.441349029541016,20.07526397705078,0.943820158665216,0.9439264709133205,0.940224141160083
1081,0.02311476692557335,0.023971162736415863,0.024822529405355453,18.415542602539062,18.11185073852539,17.998083114624023,0.9308686212630123,0.9297915332105661,0.9282855628464465
1082,0.01982179842889309,0.022564388811588287,0.025804977864027023,22.0888729095459,21.32526206970215,20.692485809326172,0.9597479052491326,0.9563912792896367,0.9503624636451891
1083,0.012699244543910027,0.013070132583379745,0.01455239113420248,25.101652145385742,24.741920471191406,24.128568649291992,0.9793498410126388,0.9789515959384762,0.9759524603275841
1084,0.0076600126922130585,0.00815848633646965,0.008406076580286026,23.13375473022461,23.00543975830078,22.900941848754883,0.9790963510559315,0.9783469728077366,0.9778106574220321
1085,0.019513240084052086,0.02279728651046753,0.025523580610752106,20.999813079833984,19.447025299072266,18.985733032226562,0.9374520130391121,0.9381417267210678,0.9336497926031766
1086,0.02253328263759613,0.024096131324768066,0.026551395654678345,20.309391021728516,19.177762985229492,18.78278350830078,0.9288875151792672,0.9303480885662374,0.9259090290391233
1087,0.033761218190193176,0.03294361010193825,0.03508538752794266,18.38381576538086,18.192251205444336,17.910083770751953,0.8805476114814952,0.8787192147491758,0.8751019949639002
1088,0.017784424126148224,0.017454329878091812,0.01825285330414772,20.480640411376953,19.81768798828125,19.610023498535156,0.93926681286503,0.9473642435742501,0.9456379347007293
1089,0.0048266504891216755,0.003817891702055931,0.004073554649949074,31.14284324645996,31.17180633544922,30.578155517578125,0.9873320671096444,0.9925189534657002,0.9926153255692124
1090,0.027753518894314766,0.028137242421507835,0.029289815574884415,19.139291763305664,18.749174118041992,18.56382179260254,0.9170404561049824,0.9186703392801592,0.9165202745907686
1091,0.03232060745358467,0.031741730868816376,0.03288845717906952,18.728458404541016,18.424644470214844,18.242033004760742,0.9169867001944156,0.9192810572644801,0.9173061604034753
1092,0.028228100389242172,0.029322940856218338,0.031407326459884644,19.724748611450195,19.348052978515625,19.003084182739258,0.9298895149849186,0.9262127502406663,0.9210192610680121
1093,0.05694090574979782,0.05948159843683243,0.062025055289268494,17.179372787475586,16.777021408081055,16.534517288208008,0.9243643153265023,0.9186607755953823,0.9138614526232292
1094,0.05690516531467438,0.058243393898010254,0.060094088315963745,17.43634605407715,17.259958267211914,17.097518920898438,0.9285805841917396,0.9247930602042973,0.921425257373631
1095,0.0033585289493203163,0.002990999026224017,0.003164792200550437,30.6881160736084,29.25408935546875,28.548362731933594,0.9851738186891563,0.9907192581695542,0.9909401549470257
1096,0.001934414030984044,0.001514211529865861,0.001510759349912405,46.22972106933594,53.521026611328125,54.45193862915039,0.9923166668848992,0.9966789335746765,0.9968102046709061
1097,0.009348824620246887,0.010879553854465485,0.01246465090662241,29.532798767089844,27.624462127685547,26.05502700805664,0.9866076227186918,0.98392441559273,0.9796565409307834
1098,0.0014654342085123062,0.0015189843252301216,0.0015218297485262156,52.08158493041992,54.41583251953125,54.41123962402344,0.9959900100755692,0.9968156575536727,0.9968084698438644
1099,0.0012880960712209344,0.0014556520618498325,0.0014587023761123419,53.162803649902344,54.734195709228516,54.7276496887207,0.9966223948221207,0.9969921378173828,0.9969878827228547
1100,0.03753133863210678,0.03816583752632141,0.03917476534843445,17.347827911376953,16.42350196838379,16.17729377746582,0.8689178290241649,0.8710602038481694,0.8690991891774204
1101,0.00590670807287097,0.005799266509711742,0.006487528793513775,32.548336029052734,31.94270896911621,30.33208656311035,0.9842590384455919,0.992201910603106,0.9908740959918201
1102,0.040655139833688736,0.04067482426762581,0.04167605936527252,15.948513984680176,15.698650360107422,15.578192710876465,0.8664482560333553,0.8702585584373617,0.870879551381673
1103,0.03753133863210678,0.03816583752632141,0.03917476534843445,17.347827911376953,16.42350196838379,16.17729377746582,0.8689178290241649,0.8710602038481694,0.8690991891774204
1104,0.00590670807287097,0.005799266509711742,0.006487528793513775,32.548336029052734,31.94270896911621,30.33208656311035,0.9842590384455919,0.992201910603106,0.9908740959918201
1105,0.0016941328067332506,0.0017847514245659113,0.0017859652871266007,52.407142639160156,52.99372863769531,52.992919921875,0.995746792011261,0.9957496058483124,0.9957503780755996
1106,0.004223267547786236,0.004743172787129879,0.005091488361358643,28.358139038085938,26.38312339782715,25.687156677246094,0.9759739562099725,0.9780682080252229,0.9781250493444591
1107,0.019004233181476593,0.02027101069688797,0.022498132660984993,24.677101135253906,23.183307647705078,22.121753692626953,0.9249479580377303,0.9405722853092775,0.9354059323664303
1108,0.0021348251029849052,0.0020587376784533262,0.0020732074044644833,40.4952278137207,39.13224792480469,38.321964263916016,0.9904814771981537,0.993728671553351,0.994196752567336
1109,0.0017624390311539173,0.0018482946325093508,0.0018489715876057744,52.463600158691406,53.01018142700195,53.01144027709961,0.9956337758083343,0.995658351527214,0.9956585897226333
1110,0.018495753407478333,0.023994188755750656,0.027875825762748718,23.959739685058594,21.34160041809082,20.417526245117188,0.9479376268354389,0.9447271587550584,0.9389955871546064
1111,0.02194102853536606,0.025237124413251877,0.027260098606348038,25.37664222717285,23.97180938720703,23.21783447265625,0.9430683974530697,0.9337251145253181,0.9281667139642239
1112,0.015285879373550415,0.023678826168179512,0.03195001929998398,28.30542755126953,24.374706268310547,21.862117767333984,0.9855074938001632,0.9712381654176712,0.9544119415912629
1113,0.007363110315054655,0.008904796093702316,0.01160615123808384,31.015596389770508,29.13540267944336,26.797449111938477,0.9920646645849943,0.9887920610134602,0.9832698314223289
1114,0.019689295440912247,0.02197003923356533,0.024266909807920456,21.798744201660156,21.15766716003418,20.668087005615234,0.9122604718708918,0.9092515683441568,0.9045432502498454
1115,0.013009053654968739,0.012541104108095169,0.014803721569478512,28.963125228881836,28.56585693359375,26.81170654296875,0.9909855364723206,0.9890409989686012,0.9844433520150184
1116,0.04057268798351288,0.03847941756248474,0.039687205106019974,16.74225616455078,16.621978759765625,16.496234893798828,0.9075499124633382,0.9080377395096941,0.9055101294078215
1117,0.016373809427022934,0.014738164842128754,0.016772443428635597,27.196626663208008,27.18795394897461,25.91484260559082,0.9870911973208487,0.9864898231116981,0.9825093000887334
1118,0.016763869673013687,0.01730458438396454,0.019587459042668343,21.87708854675293,21.62799835205078,21.201194763183594,0.9630658386902472,0.9611106054219872,0.956256938661056
1119,0.010182410478591919,0.009327895939350128,0.010525910183787346,29.9625244140625,30.001001358032227,28.584552764892578,0.991927171992302,0.9917927524909973,0.9894488824629784
1120,0.021968353539705276,0.021316150203347206,0.022251106798648834,22.438095092773438,22.229278564453125,21.923133850097656,0.9570864711740613,0.95574095374652,0.9540348182319031
1121,0.010611015371978283,0.01079750619828701,0.011705797165632248,26.344364166259766,25.51892852783203,24.872764587402344,0.9796538333040551,0.9787774724883661,0.9769123747922033
1122,0.017008038237690926,0.016702642664313316,0.018485378473997116,25.366823196411133,24.820392608642578,23.891040802001953,0.9732363187459707,0.9713904278761446,0.9674963224676772
1123,0.017505329102277756,0.016861286014318466,0.01763134077191353,23.792083740234375,23.663759231567383,23.358137130737305,0.9685227970353365,0.9678254067122415,0.9664612879816964
1124,0.018238354474306107,0.018476447090506554,0.019071035087108612,19.96533966064453,19.79656982421875,19.700580596923828,0.9508531030736558,0.9508620650223478,0.9492777960964744
1125,0.008570118807256222,0.012703416869044304,0.015601426362991333,30.48351287841797,26.128427505493164,24.34783935546875,0.9908646017041206,0.9835400261316299,0.9773786547565162
1126,0.058771200478076935,0.058452386409044266,0.059961482882499695,14.499120712280273,14.332235336303711,14.312213897705078,0.9022057171622669,0.8955605488543688,0.8910417771457343
1127,0.010721338912844658,0.015472648665308952,0.01934170536696911,29.334421157836914,26.122854232788086,24.207551956176758,0.9865207822875977,0.9764404795541763,0.9674972774899006
1128,0.00964331068098545,0.012063485570251942,0.014742868021130562,31.25714111328125,28.321956634521484,26.4766902923584,0.9888847193975449,0.9843360174565315,0.9782655820581913
1129,0.006388901267200708,0.00797509029507637,0.009532395750284195,32.569862365722656,29.534299850463867,27.829387664794922,0.9922913180942535,0.9897005548324584,0.9860920208976269
1130,0.003923027776181698,0.0048471055924892426,0.00522927800193429,29.479652404785156,28.595449447631836,27.936973571777344,0.9909486439445324,0.9896263094880228,0.9884481417023704
1131,0.00041331053944304585,0.0009431368671357632,0.0009500047308392823,63.141502380371094,58.61692810058594,58.55785369873047,0.9998400204811096,0.9997748364992142,0.999780620218277
1132,0.013603849336504936,0.018277134746313095,0.02238057553768158,29.115375518798828,26.236328125,24.321279525756836,0.9802146597089767,0.9750965273976326,0.9685243429942131
1133,0.0007407233351841569,0.0011673078406602144,0.0011719511821866035,57.429847717285156,56.52552032470703,56.50627136230469,0.99914116547966,0.9990944111585617,0.9990960702400208
1134,0.0013572850730270147,0.002295353915542364,0.0026128243189305067,40.575538635253906,37.784515380859375,35.80443572998047,0.9978485815508366,0.9973881473464966,0.9968955110530854
1135,0.025677278637886047,0.02730965055525303,0.031095871701836586,23.093883514404297,22.167776107788086,21.21563148498535,0.9530392616626621,0.9394639465891123,0.9266275006278754
1136,0.004600889980792999,0.005333174951374531,0.00630092341452837,33.006282806396484,31.642065048217773,29.97829818725586,0.9902397345824242,0.9883149559505582,0.9857598856980204
1137,0.015326283872127533,0.018033940345048904,0.022267108783125877,26.13460922241211,24.66535758972168,22.985088348388672,0.9854289346930981,0.9761808936243057,0.9640080114576817
1138,0.015911133959889412,0.019380005076527596,0.023103557527065277,25.324081420898438,23.73421859741211,22.385576248168945,0.9775584504070282,0.9654055560245514,0.9538061952188015
1139,0.005967883393168449,0.008362209424376488,0.010058831423521042,30.743406295776367,27.582393646240234,26.033432006835938,0.9887683806858063,0.9809152966771125,0.9752010867161751
1140,0.024185609072446823,0.023685500025749207,0.02556159347295761,21.487953186035156,21.17083740234375,20.72162437438965,0.9760653181389868,0.973496875949691,0.9690114138475898
1141,0.02002880722284317,0.018556740134954453,0.019680064171552658,24.636825561523438,24.220375061035156,23.629369735717773,0.9827023459486961,0.9806671661607176,0.9771935888141393
1142,0.015333760529756546,0.014221468940377235,0.01544526033103466,26.98662757873535,26.925317764282227,25.980894088745117,0.9867682378306389,0.985372815713644,0.9823294192306995
1143,0.026618260890245438,0.026867303997278214,0.028142664581537247,18.410667419433594,18.280447006225586,18.15898895263672,0.9414522543346772,0.939880055835783,0.9367691354658254
1144,0.03194926679134369,0.031534720212221146,0.03177741914987564,16.950551986694336,16.880014419555664,16.890668869018555,0.9196612050597932,0.919055117970989,0.9173764542516816
1145,0.0008834813488647342,0.0012038120767101645,0.0012077379506081343,52.3084831237793,51.041107177734375,50.95524597167969,0.9980563695831299,0.9982452728250026,0.9982447336726189
1146,0.02077600732445717,0.0182960107922554,0.016715265810489655,18.29901885986328,18.443073272705078,18.840831756591797,0.9409768084433258,0.9481709087594538,0.9510900178564529
1147,0.017350513488054276,0.022134579718112946,0.026844115927815437,25.12427520751953,23.675859451293945,22.428058624267578,0.9810296769607993,0.9753997955267463,0.9669121250331751
1148,0.058942995965480804,0.05934305116534233,0.05908052995800972,13.56646728515625,13.569350242614746,13.62179946899414,0.8247661250366677,0.8237798230649365,0.8226592795654838
1149,0.05032980442047119,0.05081135034561157,0.05063578113913536,14.143173217773438,14.050396919250488,14.04670524597168,0.8261370112258706,0.8260563271329919,0.8257469424726402
1150,0.011802153661847115,0.012114785611629486,0.013791749253869057,28.045825958251953,27.714662551879883,26.5931339263916,0.9858738532371522,0.9850018396708965,0.9823396134648323
1151,0.014890855178236961,0.014408890157938004,0.014696585014462471,23.23532485961914,23.041269302368164,22.941421508789062,0.9499967798504829,0.9473623441026509,0.9470761206717342
1152,0.03918380290269852,0.03930830955505371,0.03976944088935852,15.839569091796875,15.762813568115234,15.793147087097168,0.8931742547087057,0.8930356092051762,0.89133710493448
1153,0.017474181950092316,0.01953205093741417,0.022175515070557594,25.510204315185547,24.51700210571289,23.52407455444336,0.9783549106551409,0.9753880734928846,0.970748121757716
1154,0.008710084483027458,0.009160369634628296,0.010133771225810051,28.529857635498047,28.160207748413086,27.346467971801758,0.9880709856470823,0.9882274208546281,0.9872521920326054
1155,0.02927720919251442,0.03470540791749954,0.03789527714252472,17.961137771606445,17.068410873413086,16.681053161621094,0.9000528957792572,0.8854740533719373,0.8777528832961149
1156,0.022414984181523323,0.025646256282925606,0.028226282447576523,20.612712860107422,19.68853187561035,19.21463394165039,0.9228519990223255,0.9128796965056113,0.9063817139115755
1157,0.028972294181585312,0.031918589025735855,0.03330599516630173,17.008441925048828,16.323678970336914,16.07343292236328,0.8796090495140988,0.8739740478209725,0.8722605777148386
1158,0.014805598184466362,0.017504021525382996,0.018718332052230835,21.364791870117188,20.345996856689453,19.97677993774414,0.9312106202397283,0.9159203415399956,0.9126224856881578
1159,0.022303562611341476,0.024950461462140083,0.02629425749182701,18.521190643310547,17.73999786376953,17.44496726989746,0.9000069509624622,0.8916395946076647,0.8893338308935098
1160,0.03827338665723801,0.03806126490235329,0.039605192840099335,16.61407470703125,16.344512939453125,16.163124084472656,0.9253145985839902,0.9248767978468367,0.9204451306921472
1161,0.01421729288995266,0.016603168100118637,0.01822926290333271,22.41152000427246,20.65300941467285,20.068979263305664,0.9456469634314719,0.9453367908716137,0.9419246124011246
1162,0.008541244082152843,0.009512016549706459,0.011439075693488121,29.707931518554688,28.010467529296875,26.278453826904297,0.9872047720264793,0.9876657270379663,0.9836827304579615
1163,0.007423790171742439,0.008854901418089867,0.010572382248938084,31.600961685180664,29.217266082763672,27.36843490600586,0.9910461397333146,0.9908638463468552,0.987744645698309
1164,0.029774751514196396,0.03285828232765198,0.03524653613567352,20.23147964477539,19.52237319946289,19.132465362548828,0.9479953499192216,0.9421333550163405,0.9368207114019627
1165,0.020537998527288437,0.021256867796182632,0.022203782573342323,20.759679794311523,20.142234802246094,19.825817108154297,0.9274683770610004,0.9385575563640318,0.9356865028881444
1166,0.018166575580835342,0.018298102542757988,0.01935250498354435,20.964174270629883,20.372350692749023,19.963605880737305,0.9326000011211122,0.9438913323140601,0.9400273551894779
1167,0.015934228897094727,0.01598571613430977,0.01727161556482315,22.105772018432617,21.412765502929688,20.861291885375977,0.9432269914061981,0.9466668513239219,0.9430586717730118
1168,0.020537998527288437,0.021256867796182632,0.022203782573342323,20.759679794311523,20.142234802246094,19.825817108154297,0.9274683770610004,0.9385575563640318,0.9356865028881444
1169,0.018166575580835342,0.018298102542757988,0.01935250498354435,20.964174270629883,20.372350692749023,19.963605880737305,0.9326000011211122,0.9438913323140601,0.9400273551894779
1170,0.050638578832149506,0.05248307064175606,0.053034622222185135,15.723936080932617,15.476238250732422,15.425873756408691,0.9088616858767758,0.9031476948237716,0.9011364091635048
1171,0.03594694286584854,0.03687814623117447,0.03812810033559799,17.538333892822266,17.212509155273438,17.052518844604492,0.9567203887591064,0.9514752626486271,0.9477802930007428
1172,0.0629005953669548,0.06912262737751007,0.07129474729299545,14.432520866394043,13.840304374694824,13.67958927154541,0.828205369566102,0.8175793697684856,0.8135992333332245
1173,0.058726340532302856,0.06181967258453369,0.06258247047662735,15.292887687683105,14.97515869140625,14.909086227416992,0.8844564280493077,0.8757919997537269,0.8732723715863747
1174,0.04517798498272896,0.04815444350242615,0.04998764395713806,16.290067672729492,15.83161449432373,15.633480072021484,0.9398746544397324,0.9295396077079326,0.9242227225089855
1175,0.013313708826899529,0.016381587833166122,0.018599428236484528,23.351449966430664,21.062458038330078,20.287752151489258,0.9562813927060458,0.9580872589961833,0.9548470010991013
1176,0.008701780810952187,0.009455911815166473,0.010150269605219364,29.01320457458496,27.668521881103516,26.71950340270996,0.9861598039594293,0.9869689082889459,0.9864390234105774
1177,0.012843092903494835,0.014595180749893188,0.015368453226983547,26.677425384521484,25.38144302368164,24.88380241394043,0.9580059023988247,0.9489008037000001,0.946710226479724
1178,0.005959370639175177,0.00793934054672718,0.009420198388397694,33.923126220703125,31.642847061157227,29.68112564086914,0.9939506466269493,0.9923956985327005,0.9897497571766675
1179,0.022763332352042198,0.023702725768089294,0.024059779942035675,21.69721794128418,21.53087615966797,21.40566635131836,0.9644203037462831,0.9641105618665814,0.9635564770394563
1180,0.007355538662523031,0.007401512004435062,0.007870640605688095,25.514122009277344,24.809497833251953,24.371013641357422,0.9533518708466792,0.9723246371533747,0.972047661997894
1181,0.004912079777568579,0.004992474801838398,0.005132198333740234,26.433103561401367,26.643024444580078,26.57354736328125,0.9922126139745713,0.993141101010833,0.9927977360959575
1182,0.004784341435879469,0.005090551450848579,0.005683986935764551,33.794578552246094,33.050113677978516,31.73041534423828,0.9906473806116581,0.9943918449611664,0.9933982829022407
1183,0.007355538662523031,0.007401512004435062,0.007870640605688095,25.514122009277344,24.809497833251953,24.371013641357422,0.9533518708466792,0.9723246371533747,0.972047661997894
1184,0.004912079777568579,0.004992474801838398,0.005132198333740234,26.433103561401367,26.643024444580078,26.57354736328125,0.9922126139745713,0.993141101010833,0.9927977360959575
1185,0.010391328483819962,0.011158308014273643,0.012358125299215317,26.499000549316406,25.839881896972656,25.091094970703125,0.9857199424242675,0.9837884704919457,0.9811020659115911
1186,0.010857643559575081,0.011515436694025993,0.013487974181771278,29.403186798095703,28.20905876159668,26.55632972717285,0.9855879329829216,0.9860641995747089,0.9826366580816507
1187,0.012056652456521988,0.013309438712894917,0.015039406716823578,25.50941276550293,24.63095474243164,23.848983764648438,0.9725787360562905,0.9741494435045105,0.9709633106318433
1188,0.029156440868973732,0.029599357396364212,0.030039675533771515,16.975936889648438,16.846092224121094,16.81838607788086,0.9111748016060524,0.9144013184050407,0.9129540639469195
1189,0.04165571182966232,0.04084997624158859,0.040466222912073135,14.931520462036133,15.003005027770996,15.088624954223633,0.8984310157996258,0.9004663874806399,0.9001350452441845
1190,0.018905222415924072,0.019358767196536064,0.02024298720061779,20.160987854003906,19.744340896606445,19.629011154174805,0.9571550321075912,0.9557804551524103,0.9536202770167627
1191,0.019350484013557434,0.017661748453974724,0.018157698214054108,21.29727554321289,21.27621078491211,21.208192825317383,0.9590912452979898,0.9605504594010701,0.960246930786368
1192,0.023868072777986526,0.024080941453576088,0.02352546527981758,17.193038940429688,17.138172149658203,17.251953125,0.9217990870932964,0.9221783349009915,0.9225856250556981
1193,0.00319412793032825,0.0036519491113722324,0.0036793702747672796,27.555953979492188,27.007102966308594,26.916385650634766,0.9896029541747801,0.9896726023710027,0.9896694648325136
1194,0.11266399919986725,0.11126870661973953,0.10848905146121979,10.439872741699219,10.359063148498535,10.45924186706543,0.6798560852455866,0.6814211275027963,0.682419608119066
1195,0.0013839362654834986,0.0015139179304242134,0.0015157433226704597,53.93718719482422,54.40190124511719,54.39604187011719,0.99806419298172,0.9981262301473618,0.9981300651874542
1196,0.0012187373358756304,0.0014870006125420332,0.0014894363703206182,53.5645866394043,54.13953399658203,54.13657760620117,0.9981031473274231,0.9981673057041168,0.9981690865650177
1197,0.0014630715595558286,0.00149861304089427,0.0015102175530046225,47.27820587158203,47.572593688964844,45.2005729675293,0.9962382689272166,0.997969080375731,0.99794495374915
1198,0.0012670743744820356,0.0014173040399327874,0.0014197365380823612,54.835418701171875,54.94636154174805,54.93522644042969,0.9983522293004989,0.9983819327201843,0.9983836326065063
1199,0.007171084638684988,0.007345377001911402,0.007346805185079575,24.12757110595703,24.043787002563477,24.040739059448242,0.9752341594018414,0.9750879881711453,0.9750945703261532
1200,0.011636823415756226,0.01343010924756527,0.0154417734593153,25.139759063720703,23.404666900634766,22.193798065185547,0.9633990233088413,0.9581210180302893,0.9515092906810542
1201,0.0213213711977005,0.024088822305202484,0.02731326036155224,21.34259033203125,19.465503692626953,18.491235733032227,0.9109434450511239,0.9087540153915022,0.8993572028016051
1202,0.022328000515699387,0.025250067934393883,0.02864677831530571,20.636207580566406,18.654571533203125,17.74803352355957,0.8799750295432135,0.8927335901267585,0.8852624851205498
1203,0.020349128171801567,0.022312283515930176,0.024762261658906937,20.732030868530273,19.240015029907227,18.508604049682617,0.8969373205787982,0.8997532822419018,0.8942287540985208
1204,0.022259801626205444,0.02473326399922371,0.02787048928439617,20.600282669067383,18.84801483154297,17.990060806274414,0.8889758607173518,0.8930302956053413,0.8858706530880531
